source_file,moved_from,moved_to,sha256,reason_for_later_move
"mercedes-benz-a-class-w168-a 210 evolution-hatchback-2002–2004-sport-specific bumpers, wheels and stance-glut red-a-class w168 a 210 evolution-45-angle-front-view.webp","A-Class\mercedes-benz-a-class-w168-a 210 evolution-hatchback-2002–2004-sport-specific bumpers, wheels and stance-glut red-a-class w168 a 210 evolution-45-angle-front-view.webp","_Remaining\Not Matched\mercedes-benz-a-class-w168-a 210 evolution-hatchback-2002–2004-sport-specific bumpers, wheels and stance-glut red-a-class w168 a 210 evolution-45-angle-front-view.webp",89cca11113bef6256fa5ed56a433627ac7da3de4d3d8d3bda470af2cb2be9d6f,sorted by class name ('a-class')
"mercedes-benz-a-class-w168-a 210 evolution-hatchback-2002–2004-sport-specific bumpers, wheels and stance-glut red-a-class w168 a 210 evolution-back-view.webp","A-Class\mercedes-benz-a-class-w168-a 210 evolution-hatchback-2002–2004-sport-specific bumpers, wheels and stance-glut red-a-class w168 a 210 evolution-back-view.webp","_Remaining\Not Matched\mercedes-benz-a-class-w168-a 210 evolution-hatchback-2002–2004-sport-specific bumpers, wheels and stance-glut red-a-class w168 a 210 evolution-back-view.webp",ba35503b9a60bcb8ad498a3756a7a2924794fd66b7bc92015772a39978b495e5,sorted by class name ('a-class')
"mercedes-benz-a-class-w168-a 210 evolution-hatchback-2002–2004-sport-specific bumpers, wheels and stance-glut red-a-class w168 a 210 evolution-flat-side-view.webp","A-Class\mercedes-benz-a-class-w168-a 210 evolution-hatchback-2002–2004-sport-specific bumpers, wheels and stance-glut red-a-class w168 a 210 evolution-flat-side-view.webp","_Remaining\Not Matched\mercedes-benz-a-class-w168-a 210 evolution-hatchback-2002–2004-sport-specific bumpers, wheels and stance-glut red-a-class w168 a 210 evolution-flat-side-view.webp",554087fd508bdcf70f7f27b8272c672662c5b7bf7d621a85ab942876cc6296e2,sorted by class name ('a-class')
"mercedes-benz-a-class-w168-a 210 evolution-hatchback-2002–2004-sport-specific bumpers, wheels and stance-glut red-a-class w168 a 210 evolution-front-view.webp","A-Class\mercedes-benz-a-class-w168-a 210 evolution-hatchback-2002–2004-sport-specific bumpers, wheels and stance-glut red-a-class w168 a 210 evolution-front-view.webp","_Remaining\Not Matched\mercedes-benz-a-class-w168-a 210 evolution-hatchback-2002–2004-sport-specific bumpers, wheels and stance-glut red-a-class w168 a 210 evolution-front-view.webp",7fdf98d08c9bc43b6dfb9b52d3bc12f1c147a814e83b76c38052551c471ba8e8,sorted by class name ('a-class')
mercedes-benz-a-class-w168-a-class facelift-hatchback-2001–2004-revised front rear styling-horizon blue metallic-a-class w168 a-class fl-45-angle-front-view.webp,A-Class\mercedes-benz-a-class-w168-a-class facelift-hatchback-2001–2004-revised front rear styling-horizon blue metallic-a-class w168 a-class fl-45-angle-front-view.webp,_Remaining\Not Matched\mercedes-benz-a-class-w168-a-class facelift-hatchback-2001–2004-revised front rear styling-horizon blue metallic-a-class w168 a-class fl-45-angle-front-view.webp,e14bcc71b0d00afd61b4e49e2800261c10df607b73e8acb4ac2c5e95f35f25d8,sorted by class name ('a-class')
mercedes-benz-a-class-w168-a-class facelift-hatchback-2001–2004-revised front rear styling-horizon blue metallic-a-class w168 a-class fl-back-view.webp,A-Class\mercedes-benz-a-class-w168-a-class facelift-hatchback-2001–2004-revised front rear styling-horizon blue metallic-a-class w168 a-class fl-back-view.webp,_Remaining\Not Matched\mercedes-benz-a-class-w168-a-class facelift-hatchback-2001–2004-revised front rear styling-horizon blue metallic-a-class w168 a-class fl-back-view.webp,3dd713f4b98e8ac39b447539a1c3f22fff939b018f624c8bed41d432e467fcbc,sorted by class name ('a-class')
mercedes-benz-a-class-w168-a-class facelift-hatchback-2001–2004-revised front rear styling-horizon blue metallic-a-class w168 a-class fl-flat-side-view.webp,A-Class\mercedes-benz-a-class-w168-a-class facelift-hatchback-2001–2004-revised front rear styling-horizon blue metallic-a-class w168 a-class fl-flat-side-view.webp,_Remaining\Not Matched\mercedes-benz-a-class-w168-a-class facelift-hatchback-2001–2004-revised front rear styling-horizon blue metallic-a-class w168 a-class fl-flat-side-view.webp,2ab144b4f7165dbeeaba4b0ec4cd3cd3a570096aed67132993319ed11f3ec417,sorted by class name ('a-class')
mercedes-benz-a-class-w168-a-class facelift-hatchback-2001–2004-revised front rear styling-horizon blue metallic-a-class w168 a-class fl-front-view.webp,A-Class\mercedes-benz-a-class-w168-a-class facelift-hatchback-2001–2004-revised front rear styling-horizon blue metallic-a-class w168 a-class fl-front-view.webp,_Remaining\Not Matched\mercedes-benz-a-class-w168-a-class facelift-hatchback-2001–2004-revised front rear styling-horizon blue metallic-a-class w168 a-class fl-front-view.webp,dbd02d7f0f43bd27ddcd317a151374c1700dcb192bea5a683e249596b8e22011,sorted by class name ('a-class')
mercedes-benz-a-class-w168-a-class standard-hatchback-1997–2001-first-generation tall two-box design-moonlight silver metallic-a-class w168 a-class std-45-angle-front-view.webp,A-Class\mercedes-benz-a-class-w168-a-class standard-hatchback-1997–2001-first-generation tall two-box design-moonlight silver metallic-a-class w168 a-class std-45-angle-front-view.webp,_Remaining\Not Matched\mercedes-benz-a-class-w168-a-class standard-hatchback-1997–2001-first-generation tall two-box design-moonlight silver metallic-a-class w168 a-class std-45-angle-front-view.webp,8913adde5f2319db99644be1cd5dfcb17e0c86707e78f9cf6e5458f983e0400a,sorted by class name ('a-class')
mercedes-benz-a-class-w168-a-class standard-hatchback-1997–2001-first-generation tall two-box design-moonlight silver metallic-a-class w168 a-class std-back-view.webp,A-Class\mercedes-benz-a-class-w168-a-class standard-hatchback-1997–2001-first-generation tall two-box design-moonlight silver metallic-a-class w168 a-class std-back-view.webp,_Remaining\Not Matched\mercedes-benz-a-class-w168-a-class standard-hatchback-1997–2001-first-generation tall two-box design-moonlight silver metallic-a-class w168 a-class std-back-view.webp,ac9aa48976267003bc62fe4c52055ec8eedcce5ef5bffe90f96fa9a3cb0c278b,sorted by class name ('a-class')
mercedes-benz-a-class-w168-a-class standard-hatchback-1997–2001-first-generation tall two-box design-moonlight silver metallic-a-class w168 a-class std-flat-side-view.webp,A-Class\mercedes-benz-a-class-w168-a-class standard-hatchback-1997–2001-first-generation tall two-box design-moonlight silver metallic-a-class w168 a-class std-flat-side-view.webp,_Remaining\Not Matched\mercedes-benz-a-class-w168-a-class standard-hatchback-1997–2001-first-generation tall two-box design-moonlight silver metallic-a-class w168 a-class std-flat-side-view.webp,a9b4f60bc857d32703d64bd32dac59b8215a1eba397bd37f57fb8c7e502a24a9,sorted by class name ('a-class')
mercedes-benz-a-class-w168-a-class standard-hatchback-1997–2001-first-generation tall two-box design-moonlight silver metallic-a-class w168 a-class std-front-view.webp,A-Class\mercedes-benz-a-class-w168-a-class standard-hatchback-1997–2001-first-generation tall two-box design-moonlight silver metallic-a-class w168 a-class std-front-view.webp,_Remaining\Not Matched\mercedes-benz-a-class-w168-a-class standard-hatchback-1997–2001-first-generation tall two-box design-moonlight silver metallic-a-class w168 a-class std-front-view.webp,eb33dc89cebdd29c2a45d5a975385a2952af932d6ccdd2627f2105ad13f5662c,sorted by class name ('a-class')
mercedes-benz-a-class-w169-a 200 turbo-hatchback-2005–2012-group-cavansite blue metallic-a-class w169 a 200 turbo-45-angle-front-view.webp,A-Class\mercedes-benz-a-class-w169-a 200 turbo-hatchback-2005–2012-group-cavansite blue metallic-a-class w169 a 200 turbo-45-angle-front-view.webp,_Remaining\Not Matched\mercedes-benz-a-class-w169-a 200 turbo-hatchback-2005–2012-group-cavansite blue metallic-a-class w169 a 200 turbo-45-angle-front-view.webp,196db555e7b4ca4ce2497f4d2631a7cecba3472cf64e10b81050583945dfeaeb,sorted by class name ('a-class')
mercedes-benz-a-class-w169-a 200 turbo-hatchback-2005–2012-group-cavansite blue metallic-a-class w169 a 200 turbo-back-view.webp,A-Class\mercedes-benz-a-class-w169-a 200 turbo-hatchback-2005–2012-group-cavansite blue metallic-a-class w169 a 200 turbo-back-view.webp,_Remaining\Not Matched\mercedes-benz-a-class-w169-a 200 turbo-hatchback-2005–2012-group-cavansite blue metallic-a-class w169 a 200 turbo-back-view.webp,a16a02db32d9d44733509a2e9644cab724c57f1df63ffed0b5afbb0df45e3a65,sorted by class name ('a-class')
mercedes-benz-a-class-w169-a 200 turbo-hatchback-2005–2012-group-cavansite blue metallic-a-class w169 a 200 turbo-flat-side-view.webp,A-Class\mercedes-benz-a-class-w169-a 200 turbo-hatchback-2005–2012-group-cavansite blue metallic-a-class w169 a 200 turbo-flat-side-view.webp,_Remaining\Not Matched\mercedes-benz-a-class-w169-a 200 turbo-hatchback-2005–2012-group-cavansite blue metallic-a-class w169 a 200 turbo-flat-side-view.webp,e6c31498ec2dbfe550dcbdffa069a43aeda90900a2867bb25399953aac05a9ae,sorted by class name ('a-class')
mercedes-benz-a-class-w169-a 200 turbo-hatchback-2005–2012-group-cavansite blue metallic-a-class w169 a 200 turbo-front-view.webp,A-Class\mercedes-benz-a-class-w169-a 200 turbo-hatchback-2005–2012-group-cavansite blue metallic-a-class w169 a 200 turbo-front-view.webp,_Remaining\Not Matched\mercedes-benz-a-class-w169-a 200 turbo-hatchback-2005–2012-group-cavansite blue metallic-a-class w169 a 200 turbo-front-view.webp,8e9098800acd00a5a4b0c65c2244c77e41a68ee40a1988a274cdabd027024416,sorted by class name ('a-class')
"mercedes-benz-a-class-w169-facelift-hatchback-2008–2012-revised lamps, bumpers and grille-brilliant silver metallic-a-class w169 fl-45-angle-front-view.webp","A-Class\mercedes-benz-a-class-w169-facelift-hatchback-2008–2012-revised lamps, bumpers and grille-brilliant silver metallic-a-class w169 fl-45-angle-front-view.webp","_Remaining\Not Matched\mercedes-benz-a-class-w169-facelift-hatchback-2008–2012-revised lamps, bumpers and grille-brilliant silver metallic-a-class w169 fl-45-angle-front-view.webp",c33ac3fd74deb0930086ee61065914459243473ece5ef5b3e566b276236078d3,sorted by class name ('a-class')
"mercedes-benz-a-class-w169-facelift-hatchback-2008–2012-revised lamps, bumpers and grille-brilliant silver metallic-a-class w169 fl-back-view.webp","A-Class\mercedes-benz-a-class-w169-facelift-hatchback-2008–2012-revised lamps, bumpers and grille-brilliant silver metallic-a-class w169 fl-back-view.webp","_Remaining\Not Matched\mercedes-benz-a-class-w169-facelift-hatchback-2008–2012-revised lamps, bumpers and grille-brilliant silver metallic-a-class w169 fl-back-view.webp",c97b21d415bd3f94afaeb8998e90f6d7df1f4713a670eacfa9be463b279c5665,sorted by class name ('a-class')
"mercedes-benz-a-class-w169-facelift-hatchback-2008–2012-revised lamps, bumpers and grille-brilliant silver metallic-a-class w169 fl-flat-side-view.webp","A-Class\mercedes-benz-a-class-w169-facelift-hatchback-2008–2012-revised lamps, bumpers and grille-brilliant silver metallic-a-class w169 fl-flat-side-view.webp","_Remaining\Not Matched\mercedes-benz-a-class-w169-facelift-hatchback-2008–2012-revised lamps, bumpers and grille-brilliant silver metallic-a-class w169 fl-flat-side-view.webp",6095c643763ad6712b765792584ba32fd17b2168bfd66a36491bc2c11a4362e8,sorted by class name ('a-class')
"mercedes-benz-a-class-w169-facelift-hatchback-2008–2012-revised lamps, bumpers and grille-brilliant silver metallic-a-class w169 fl-front-view.webp","A-Class\mercedes-benz-a-class-w169-facelift-hatchback-2008–2012-revised lamps, bumpers and grille-brilliant silver metallic-a-class w169 fl-front-view.webp","_Remaining\Not Matched\mercedes-benz-a-class-w169-facelift-hatchback-2008–2012-revised lamps, bumpers and grille-brilliant silver metallic-a-class w169 fl-front-view.webp",a369d9347f5108000eb100910296ddb9c82fd07a5c861c1a34bd21137c25f600,sorted by class name ('a-class')
mercedes-benz-a-class-w169-standard-hatchback-2004–2008-completely new generation-black-a-class w169-45-angle-front-view.webp,A-Class\mercedes-benz-a-class-w169-standard-hatchback-2004–2008-completely new generation-black-a-class w169-45-angle-front-view.webp,_Remaining\Not Matched\mercedes-benz-a-class-w169-standard-hatchback-2004–2008-completely new generation-black-a-class w169-45-angle-front-view.webp,9f03f750903057e30d9a11c6040e05a728a8f3bd078fea5dd67f806fa9e7b7b6,sorted by class name ('a-class')
mercedes-benz-a-class-w169-standard-hatchback-2004–2008-completely new generation-black-a-class w169-back-view.webp,A-Class\mercedes-benz-a-class-w169-standard-hatchback-2004–2008-completely new generation-black-a-class w169-back-view.webp,_Remaining\Not Matched\mercedes-benz-a-class-w169-standard-hatchback-2004–2008-completely new generation-black-a-class w169-back-view.webp,b89b273b0e39c5670d507643e02bb9118c467a56ee0b6a8cd221c4d531ed6610,sorted by class name ('a-class')
mercedes-benz-a-class-w169-standard-hatchback-2004–2008-completely new generation-black-a-class w169-flat-side-view.webp,A-Class\mercedes-benz-a-class-w169-standard-hatchback-2004–2008-completely new generation-black-a-class w169-flat-side-view.webp,_Remaining\Not Matched\mercedes-benz-a-class-w169-standard-hatchback-2004–2008-completely new generation-black-a-class w169-flat-side-view.webp,dea6f3ff34b5108681599914efa4de7cdc4645a5ee166b07864acd9c254dfa37,sorted by class name ('a-class')
mercedes-benz-a-class-w169-standard-hatchback-2004–2008-completely new generation-black-a-class w169-front-view.webp,A-Class\mercedes-benz-a-class-w169-standard-hatchback-2004–2008-completely new generation-black-a-class w169-front-view.webp,_Remaining\Not Matched\mercedes-benz-a-class-w169-standard-hatchback-2004–2008-completely new generation-black-a-class w169-front-view.webp,561ea5bebe468afec2b70d4489ee11cef7bb55910661ff344363c3da029cca4e,sorted by class name ('a-class')
mercedes-benz-amg gt-c190-gt c roadster-convertible-2017–2021-completely different roof body-selenite grey metallic-amg gt c190 gt c rstr-45-angle-front-view.webp,AMG GT\mercedes-benz-amg gt-c190-gt c roadster-convertible-2017–2021-completely different roof body-selenite grey metallic-amg gt c190 gt c rstr-45-angle-front-view.webp,_Remaining\Not Matched\mercedes-benz-amg gt-c190-gt c roadster-convertible-2017–2021-completely different roof body-selenite grey metallic-amg gt c190 gt c rstr-45-angle-front-view.webp,ce4dd8a552f2f4e2902c3a5ab2e1e5cfeca0e0a06110b4376d43f12a853fc5b4,sorted by class name ('amg gt')
mercedes-benz-amg gt-c190-gt c roadster-convertible-2017–2021-completely different roof body-selenite grey metallic-amg gt c190 gt c rstr-back-view.webp,AMG GT\mercedes-benz-amg gt-c190-gt c roadster-convertible-2017–2021-completely different roof body-selenite grey metallic-amg gt c190 gt c rstr-back-view.webp,_Remaining\Not Matched\mercedes-benz-amg gt-c190-gt c roadster-convertible-2017–2021-completely different roof body-selenite grey metallic-amg gt c190 gt c rstr-back-view.webp,21d81d6198f9c2e26c074921985099cdb163eea8b539706e1ea91c904ea328bd,sorted by class name ('amg gt')
mercedes-benz-amg gt-c190-gt c roadster-convertible-2017–2021-completely different roof body-selenite grey metallic-amg gt c190 gt c rstr-flat-side-view.webp,AMG GT\mercedes-benz-amg gt-c190-gt c roadster-convertible-2017–2021-completely different roof body-selenite grey metallic-amg gt c190 gt c rstr-flat-side-view.webp,_Remaining\Not Matched\mercedes-benz-amg gt-c190-gt c roadster-convertible-2017–2021-completely different roof body-selenite grey metallic-amg gt c190 gt c rstr-flat-side-view.webp,e0361c9340b178b4552542f57d5a5f15e41c8e9f5e8ead3242cea57f84272286,sorted by class name ('amg gt')
mercedes-benz-amg gt-c190-gt c roadster-convertible-2017–2021-completely different roof body-selenite grey metallic-amg gt c190 gt c rstr-front-view.webp,AMG GT\mercedes-benz-amg gt-c190-gt c roadster-convertible-2017–2021-completely different roof body-selenite grey metallic-amg gt c190 gt c rstr-front-view.webp,_Remaining\Not Matched\mercedes-benz-amg gt-c190-gt c roadster-convertible-2017–2021-completely different roof body-selenite grey metallic-amg gt c190 gt c rstr-front-view.webp,add846123a4b2e7eec11753e0233acfea05bf29829086c7ced2a6326664fb8ec,sorted by class name ('amg gt')
mercedes-benz-amg gt-c190-gt c-coupé-2017–2021-wider body revised aero-designo hyacinth red metallic-amg gt c190 gt c-45-angle-front-view.webp,AMG GT\mercedes-benz-amg gt-c190-gt c-coupé-2017–2021-wider body revised aero-designo hyacinth red metallic-amg gt c190 gt c-45-angle-front-view.webp,_Remaining\Not Matched\mercedes-benz-amg gt-c190-gt c-coupé-2017–2021-wider body revised aero-designo hyacinth red metallic-amg gt c190 gt c-45-angle-front-view.webp,c266c8c1b62c30a4827ba3a8750a4c76c233c420b4d4ea8d6e8331eac24cf5ef,sorted by class name ('amg gt')
mercedes-benz-amg gt-c190-gt c-coupé-2017–2021-wider body revised aero-designo hyacinth red metallic-amg gt c190 gt c-back-view.webp,AMG GT\mercedes-benz-amg gt-c190-gt c-coupé-2017–2021-wider body revised aero-designo hyacinth red metallic-amg gt c190 gt c-back-view.webp,_Remaining\Not Matched\mercedes-benz-amg gt-c190-gt c-coupé-2017–2021-wider body revised aero-designo hyacinth red metallic-amg gt c190 gt c-back-view.webp,6a49e95ab2151f29fe975beaa54e0ad82d0f31097a9b167d881ba0b390ad6902,sorted by class name ('amg gt')
mercedes-benz-amg gt-c190-gt c-coupé-2017–2021-wider body revised aero-designo hyacinth red metallic-amg gt c190 gt c-flat-side-view.webp,AMG GT\mercedes-benz-amg gt-c190-gt c-coupé-2017–2021-wider body revised aero-designo hyacinth red metallic-amg gt c190 gt c-flat-side-view.webp,_Remaining\Not Matched\mercedes-benz-amg gt-c190-gt c-coupé-2017–2021-wider body revised aero-designo hyacinth red metallic-amg gt c190 gt c-flat-side-view.webp,80c2a661bd733b20ec85278a036e732a6c970459dd7d300295fb998e592f1ac4,sorted by class name ('amg gt')
mercedes-benz-amg gt-c190-gt c-coupé-2017–2021-wider body revised aero-designo hyacinth red metallic-amg gt c190 gt c-front-view.webp,AMG GT\mercedes-benz-amg gt-c190-gt c-coupé-2017–2021-wider body revised aero-designo hyacinth red metallic-amg gt c190 gt c-front-view.webp,_Remaining\Not Matched\mercedes-benz-amg gt-c190-gt c-coupé-2017–2021-wider body revised aero-designo hyacinth red metallic-amg gt c190 gt c-front-view.webp,6da5a1ec57a9130854a9da8ea07c0b0af6d2cdba47c1b51fe7c14101740ed330,sorted by class name ('amg gt')
mercedes-benz-amg gt-c190-gt r pro-performance coupé-2019–2021-additional aero carbon track treatment-designo diamond white bright-amg gt c190 gt r pro-45-angle-front-view.webp,AMG GT\mercedes-benz-amg gt-c190-gt r pro-performance coupé-2019–2021-additional aero carbon track treatment-designo diamond white bright-amg gt c190 gt r pro-45-angle-front-view.webp,_Remaining\Not Matched\mercedes-benz-amg gt-c190-gt r pro-performance coupé-2019–2021-additional aero carbon track treatment-designo diamond white bright-amg gt c190 gt r pro-45-angle-front-view.webp,3456d82711dff6fec9866dcc219bcb8b7284dd40cee7016bc44c96e47c8871b8,sorted by class name ('amg gt')
mercedes-benz-amg gt-c190-gt r pro-performance coupé-2019–2021-additional aero carbon track treatment-designo diamond white bright-amg gt c190 gt r pro-back-view.webp,AMG GT\mercedes-benz-amg gt-c190-gt r pro-performance coupé-2019–2021-additional aero carbon track treatment-designo diamond white bright-amg gt c190 gt r pro-back-view.webp,_Remaining\Not Matched\mercedes-benz-amg gt-c190-gt r pro-performance coupé-2019–2021-additional aero carbon track treatment-designo diamond white bright-amg gt c190 gt r pro-back-view.webp,f163ea37bae94fe8457d773e4cc6eab332ecb048d28d13f7d6e3779b7455906e,sorted by class name ('amg gt')
mercedes-benz-amg gt-c190-gt r pro-performance coupé-2019–2021-additional aero carbon track treatment-designo diamond white bright-amg gt c190 gt r pro-flat-side-view.webp,AMG GT\mercedes-benz-amg gt-c190-gt r pro-performance coupé-2019–2021-additional aero carbon track treatment-designo diamond white bright-amg gt c190 gt r pro-flat-side-view.webp,_Remaining\Not Matched\mercedes-benz-amg gt-c190-gt r pro-performance coupé-2019–2021-additional aero carbon track treatment-designo diamond white bright-amg gt c190 gt r pro-flat-side-view.webp,5f9ca7d19a4da19363eb8392eaf55d5c69f3a2d9e3b7e3868d82382cdae117b8,sorted by class name ('amg gt')
mercedes-benz-amg gt-c190-gt r pro-performance coupé-2019–2021-additional aero carbon track treatment-designo diamond white bright-amg gt c190 gt r pro-front-view.webp,AMG GT\mercedes-benz-amg gt-c190-gt r pro-performance coupé-2019–2021-additional aero carbon track treatment-designo diamond white bright-amg gt c190 gt r pro-front-view.webp,_Remaining\Not Matched\mercedes-benz-amg gt-c190-gt r pro-performance coupé-2019–2021-additional aero carbon track treatment-designo diamond white bright-amg gt c190 gt r pro-front-view.webp,017fb98035afb211082fdc53822640b32251993117b07f6adab6ca6c53b64221,sorted by class name ('amg gt')
mercedes-benz-amg gt-c190-gt r-performance coupé-2017–2021-major aero widebody redesign-obsidian black metallic-amg gt c190 gt r-45-angle-front-view.webp,AMG GT\mercedes-benz-amg gt-c190-gt r-performance coupé-2017–2021-major aero widebody redesign-obsidian black metallic-amg gt c190 gt r-45-angle-front-view.webp,_Remaining\Not Matched\mercedes-benz-amg gt-c190-gt r-performance coupé-2017–2021-major aero widebody redesign-obsidian black metallic-amg gt c190 gt r-45-angle-front-view.webp,6a4e156d2cea4f8b274f3377cd19a882fdbf1db5d87a93d0468af22d432af201,sorted by class name ('amg gt')
mercedes-benz-amg gt-c190-gt r-performance coupé-2017–2021-major aero widebody redesign-obsidian black metallic-amg gt c190 gt r-back-view.webp,AMG GT\mercedes-benz-amg gt-c190-gt r-performance coupé-2017–2021-major aero widebody redesign-obsidian black metallic-amg gt c190 gt r-back-view.webp,_Remaining\Not Matched\mercedes-benz-amg gt-c190-gt r-performance coupé-2017–2021-major aero widebody redesign-obsidian black metallic-amg gt c190 gt r-back-view.webp,318db8cee1cbb5ce0943da671bc179ac73d40ace0791df72038278c52df2b934,sorted by class name ('amg gt')
mercedes-benz-amg gt-c190-gt r-performance coupé-2017–2021-major aero widebody redesign-obsidian black metallic-amg gt c190 gt r-flat-side-view.webp,AMG GT\mercedes-benz-amg gt-c190-gt r-performance coupé-2017–2021-major aero widebody redesign-obsidian black metallic-amg gt c190 gt r-flat-side-view.webp,_Remaining\Not Matched\mercedes-benz-amg gt-c190-gt r-performance coupé-2017–2021-major aero widebody redesign-obsidian black metallic-amg gt c190 gt r-flat-side-view.webp,e85509c6956d01650ec98932be9da491be0b14918fc7993c01eee6e0a2ad5d3b,sorted by class name ('amg gt')
mercedes-benz-amg gt-c190-gt r-performance coupé-2017–2021-major aero widebody redesign-obsidian black metallic-amg gt c190 gt r-front-view.webp,AMG GT\mercedes-benz-amg gt-c190-gt r-performance coupé-2017–2021-major aero widebody redesign-obsidian black metallic-amg gt c190 gt r-front-view.webp,_Remaining\Not Matched\mercedes-benz-amg gt-c190-gt r-performance coupé-2017–2021-major aero widebody redesign-obsidian black metallic-amg gt c190 gt r-front-view.webp,d22363c09151211951a00f9d09ffe3ef41bf8660f8ebb9616fb9ce7327af0da8,sorted by class name ('amg gt')
mercedes-benz-amg gt-c190-gt s-coupé-2015–2016-mostly same body as gt; performance difference-brilliant blue metallic-amg gt c190 gt s-45-angle-front-view.webp,AMG GT\mercedes-benz-amg gt-c190-gt s-coupé-2015–2016-mostly same body as gt; performance difference-brilliant blue metallic-amg gt c190 gt s-45-angle-front-view.webp,_Remaining\Not Matched\mercedes-benz-amg gt-c190-gt s-coupé-2015–2016-mostly same body as gt; performance difference-brilliant blue metallic-amg gt c190 gt s-45-angle-front-view.webp,3288470351830c5c9fe196331127690e16c634a6010afec4ae0c21e46e8b62ba,sorted by class name ('amg gt')
mercedes-benz-amg gt-c190-gt s-coupé-2015–2016-mostly same body as gt; performance difference-brilliant blue metallic-amg gt c190 gt s-back-view.webp,AMG GT\mercedes-benz-amg gt-c190-gt s-coupé-2015–2016-mostly same body as gt; performance difference-brilliant blue metallic-amg gt c190 gt s-back-view.webp,_Remaining\Not Matched\mercedes-benz-amg gt-c190-gt s-coupé-2015–2016-mostly same body as gt; performance difference-brilliant blue metallic-amg gt c190 gt s-back-view.webp,562c4a54b5e37c8f02782d560bfac2d17254fc64f7cc5e5ed42ee5aebd9157e1,sorted by class name ('amg gt')
mercedes-benz-amg gt-c190-gt s-coupé-2015–2016-mostly same body as gt; performance difference-brilliant blue metallic-amg gt c190 gt s-flat-side-view.webp,AMG GT\mercedes-benz-amg gt-c190-gt s-coupé-2015–2016-mostly same body as gt; performance difference-brilliant blue metallic-amg gt c190 gt s-flat-side-view.webp,_Remaining\Not Matched\mercedes-benz-amg gt-c190-gt s-coupé-2015–2016-mostly same body as gt; performance difference-brilliant blue metallic-amg gt c190 gt s-flat-side-view.webp,3c4d03816fabb58dd009aa9ebd3c2a44763dfd590b51077ae69b4e7029d117a1,sorted by class name ('amg gt')
mercedes-benz-amg gt-c190-gt s-coupé-2015–2016-mostly same body as gt; performance difference-brilliant blue metallic-amg gt c190 gt s-front-view.webp,AMG GT\mercedes-benz-amg gt-c190-gt s-coupé-2015–2016-mostly same body as gt; performance difference-brilliant blue metallic-amg gt c190 gt s-front-view.webp,_Remaining\Not Matched\mercedes-benz-amg gt-c190-gt s-coupé-2015–2016-mostly same body as gt; performance difference-brilliant blue metallic-amg gt c190 gt s-front-view.webp,1aea8760fe67a1a1e5066bb2c7efe09db24b737ba12e666df26cbf952f7c0398,sorted by class name ('amg gt')
mercedes-benz-amg gt-c190-gt-coupé-2014–2016-original amg gt body-iridium silver metallic-amg gt c190 gt-45-angle-front-view.webp,AMG GT\mercedes-benz-amg gt-c190-gt-coupé-2014–2016-original amg gt body-iridium silver metallic-amg gt c190 gt-45-angle-front-view.webp,_Remaining\Not Matched\mercedes-benz-amg gt-c190-gt-coupé-2014–2016-original amg gt body-iridium silver metallic-amg gt c190 gt-45-angle-front-view.webp,a5837f7801e3d5c5f0d0dbcc63a9cae0d2e4e22adcae00f328d07062908eddea,sorted by class name ('amg gt')
mercedes-benz-amg gt-c190-gt-coupé-2014–2016-original amg gt body-iridium silver metallic-amg gt c190 gt-back-view.webp,AMG GT\mercedes-benz-amg gt-c190-gt-coupé-2014–2016-original amg gt body-iridium silver metallic-amg gt c190 gt-back-view.webp,_Remaining\Not Matched\mercedes-benz-amg gt-c190-gt-coupé-2014–2016-original amg gt body-iridium silver metallic-amg gt c190 gt-back-view.webp,2f849a763421405b4dca78421e2507bc3c1608b0953207aa8bfe9efbcf496815,sorted by class name ('amg gt')
mercedes-benz-amg gt-c190-gt-coupé-2014–2016-original amg gt body-iridium silver metallic-amg gt c190 gt-flat-side-view.webp,AMG GT\mercedes-benz-amg gt-c190-gt-coupé-2014–2016-original amg gt body-iridium silver metallic-amg gt c190 gt-flat-side-view.webp,_Remaining\Not Matched\mercedes-benz-amg gt-c190-gt-coupé-2014–2016-original amg gt body-iridium silver metallic-amg gt c190 gt-flat-side-view.webp,fce1fbba91154c2ac0449e914473a35e64cb2c694cb269d2a6bf0324ea2a2f71,sorted by class name ('amg gt')
mercedes-benz-amg gt-c190-gt-coupé-2014–2016-original amg gt body-iridium silver metallic-amg gt c190 gt-front-view.webp,AMG GT\mercedes-benz-amg gt-c190-gt-coupé-2014–2016-original amg gt body-iridium silver metallic-amg gt c190 gt-front-view.webp,_Remaining\Not Matched\mercedes-benz-amg gt-c190-gt-coupé-2014–2016-original amg gt body-iridium silver metallic-amg gt c190 gt-front-view.webp,7cdb475779c5c2e2cc934ada958685114d05ae8c8df8752ef13ef9763efc85f8,sorted by class name ('amg gt')
mercedes-benz-amg gt-r232-gt 63-coupé-2023–-same basic exterior as gt55-jupiter red-amg gt r232 gt 63-45-angle-front-view.webp,AMG GT\mercedes-benz-amg gt-r232-gt 63-coupé-2023–-same basic exterior as gt55-jupiter red-amg gt r232 gt 63-45-angle-front-view.webp,_Remaining\Not Matched\mercedes-benz-amg gt-r232-gt 63-coupé-2023–-same basic exterior as gt55-jupiter red-amg gt r232 gt 63-45-angle-front-view.webp,db62552b782bdfe0dafef31f4dcbe002c78c9300fedce3b18f9b9166034452c1,sorted by class name ('amg gt')
mercedes-benz-amg gt-r232-gt 63-coupé-2023–-same basic exterior as gt55-jupiter red-amg gt r232 gt 63-back-view.webp,AMG GT\mercedes-benz-amg gt-r232-gt 63-coupé-2023–-same basic exterior as gt55-jupiter red-amg gt r232 gt 63-back-view.webp,_Remaining\Not Matched\mercedes-benz-amg gt-r232-gt 63-coupé-2023–-same basic exterior as gt55-jupiter red-amg gt r232 gt 63-back-view.webp,1ca5b19998effae87c6cbdec28e6d726e82576368defc69ef7c1ad0af4fe47e3,sorted by class name ('amg gt')
mercedes-benz-amg gt-r232-gt 63-coupé-2023–-same basic exterior as gt55-jupiter red-amg gt r232 gt 63-flat-side-view.webp,AMG GT\mercedes-benz-amg gt-r232-gt 63-coupé-2023–-same basic exterior as gt55-jupiter red-amg gt r232 gt 63-flat-side-view.webp,_Remaining\Not Matched\mercedes-benz-amg gt-r232-gt 63-coupé-2023–-same basic exterior as gt55-jupiter red-amg gt r232 gt 63-flat-side-view.webp,c00b40e602607ea68d6a11626efdef57b1f9287d99190406109ac977b2ec9ee5,sorted by class name ('amg gt')
mercedes-benz-amg gt-r232-gt 63-coupé-2023–-same basic exterior as gt55-jupiter red-amg gt r232 gt 63-front-view.webp,AMG GT\mercedes-benz-amg gt-r232-gt 63-coupé-2023–-same basic exterior as gt55-jupiter red-amg gt r232 gt 63-front-view.webp,_Remaining\Not Matched\mercedes-benz-amg gt-r232-gt 63-coupé-2023–-same basic exterior as gt55-jupiter red-amg gt r232 gt 63-front-view.webp,934666f183c06b34016fb251fb391d87b98bbc19c05f6bdbe1a7cb559f63f0bc,sorted by class name ('amg gt')
mercedes-benz-amg gt-r232-gt roadster-convertible-2024–-separate body-amg solarbeam yellow-amg gt r232 gt rstr-45-angle-front-view.webp,AMG GT\mercedes-benz-amg gt-r232-gt roadster-convertible-2024–-separate body-amg solarbeam yellow-amg gt r232 gt rstr-45-angle-front-view.webp,_Remaining\Not Matched\mercedes-benz-amg gt-r232-gt roadster-convertible-2024–-separate body-amg solarbeam yellow-amg gt r232 gt rstr-45-angle-front-view.webp,cc7ff2dd6a0082b77cfe48daea78ec3e6696846824268caa0411886cc030e954,sorted by class name ('amg gt')
mercedes-benz-amg gt-r232-gt roadster-convertible-2024–-separate body-amg solarbeam yellow-amg gt r232 gt rstr-back-view.webp,AMG GT\mercedes-benz-amg gt-r232-gt roadster-convertible-2024–-separate body-amg solarbeam yellow-amg gt r232 gt rstr-back-view.webp,_Remaining\Not Matched\mercedes-benz-amg gt-r232-gt roadster-convertible-2024–-separate body-amg solarbeam yellow-amg gt r232 gt rstr-back-view.webp,6d66237430016f732fbd25042e7c5ac965de315e9dcdd79948fb64bc56f66df6,sorted by class name ('amg gt')
mercedes-benz-amg gt-r232-gt roadster-convertible-2024–-separate body-amg solarbeam yellow-amg gt r232 gt rstr-flat-side-view.webp,AMG GT\mercedes-benz-amg gt-r232-gt roadster-convertible-2024–-separate body-amg solarbeam yellow-amg gt r232 gt rstr-flat-side-view.webp,_Remaining\Not Matched\mercedes-benz-amg gt-r232-gt roadster-convertible-2024–-separate body-amg solarbeam yellow-amg gt r232 gt rstr-flat-side-view.webp,d172419b9077e439b83ac482761c44487fd476c39021994b1cae95bba17b7588,sorted by class name ('amg gt')
mercedes-benz-amg gt-r232-gt roadster-convertible-2024–-separate body-amg solarbeam yellow-amg gt r232 gt rstr-front-view.webp,AMG GT\mercedes-benz-amg gt-r232-gt roadster-convertible-2024–-separate body-amg solarbeam yellow-amg gt r232 gt rstr-front-view.webp,_Remaining\Not Matched\mercedes-benz-amg gt-r232-gt roadster-convertible-2024–-separate body-amg solarbeam yellow-amg gt r232 gt rstr-front-view.webp,1a6dd0b7acab5732e91240f46e268ccef34edcaad0b272bccc4ea13cb4be89c7,sorted by class name ('amg gt')
mercedes-benz-b-class-w245-facelift-mpv-2008–2011-revised exterior-cavansite blue metallic-b-class w245 fl-45-angle-front-view.webp,B-Class\mercedes-benz-b-class-w245-facelift-mpv-2008–2011-revised exterior-cavansite blue metallic-b-class w245 fl-45-angle-front-view.webp,_Remaining\Not Matched\mercedes-benz-b-class-w245-facelift-mpv-2008–2011-revised exterior-cavansite blue metallic-b-class w245 fl-45-angle-front-view.webp,9e15e63745850968d5d56956c5dd80abd7e498122c3e3bba0ab1e38189c7ce93,sorted by class name ('b-class')
mercedes-benz-b-class-w245-facelift-mpv-2008–2011-revised exterior-cavansite blue metallic-b-class w245 fl-back-view.webp,B-Class\mercedes-benz-b-class-w245-facelift-mpv-2008–2011-revised exterior-cavansite blue metallic-b-class w245 fl-back-view.webp,_Remaining\Not Matched\mercedes-benz-b-class-w245-facelift-mpv-2008–2011-revised exterior-cavansite blue metallic-b-class w245 fl-back-view.webp,61f6924541736d790e6e02dd752a736c9d04293116dd183d1c09ef604170016a,sorted by class name ('b-class')
mercedes-benz-b-class-w245-facelift-mpv-2008–2011-revised exterior-cavansite blue metallic-b-class w245 fl-flat-side-view.webp,B-Class\mercedes-benz-b-class-w245-facelift-mpv-2008–2011-revised exterior-cavansite blue metallic-b-class w245 fl-flat-side-view.webp,_Remaining\Not Matched\mercedes-benz-b-class-w245-facelift-mpv-2008–2011-revised exterior-cavansite blue metallic-b-class w245 fl-flat-side-view.webp,199b3084bc0d20a0bc90887306b7ca763e846e55a7407ad9a4e0038170075f35,sorted by class name ('b-class')
mercedes-benz-b-class-w245-facelift-mpv-2008–2011-revised exterior-cavansite blue metallic-b-class w245 fl-front-view.webp,B-Class\mercedes-benz-b-class-w245-facelift-mpv-2008–2011-revised exterior-cavansite blue metallic-b-class w245 fl-front-view.webp,_Remaining\Not Matched\mercedes-benz-b-class-w245-facelift-mpv-2008–2011-revised exterior-cavansite blue metallic-b-class w245 fl-front-view.webp,49ff66fc0e426504cb36deaae6ecf055f9bdf1de10a6578546181404ef9b2f9b,sorted by class name ('b-class')
mercedes-benz-b-class-w245-standard-mpv-2005–2008-first generation-iridium silver metallic-b-class w245-45-angle-front-view.webp,B-Class\mercedes-benz-b-class-w245-standard-mpv-2005–2008-first generation-iridium silver metallic-b-class w245-45-angle-front-view.webp,_Remaining\Not Matched\mercedes-benz-b-class-w245-standard-mpv-2005–2008-first generation-iridium silver metallic-b-class w245-45-angle-front-view.webp,7e00cf58d3aadc7a7c7fb15fddde581e6509205e5cf676cd3425a136d4ad1aeb,sorted by class name ('b-class')
mercedes-benz-b-class-w245-standard-mpv-2005–2008-first generation-iridium silver metallic-b-class w245-back-view.webp,B-Class\mercedes-benz-b-class-w245-standard-mpv-2005–2008-first generation-iridium silver metallic-b-class w245-back-view.webp,_Remaining\Not Matched\mercedes-benz-b-class-w245-standard-mpv-2005–2008-first generation-iridium silver metallic-b-class w245-back-view.webp,8ae0a41aa141ad29fd16df6e3e9cd211375e3e5e17898a29562c3d4023d42488,sorted by class name ('b-class')
mercedes-benz-b-class-w245-standard-mpv-2005–2008-first generation-iridium silver metallic-b-class w245-flat-side-view.webp,B-Class\mercedes-benz-b-class-w245-standard-mpv-2005–2008-first generation-iridium silver metallic-b-class w245-flat-side-view.webp,_Remaining\Not Matched\mercedes-benz-b-class-w245-standard-mpv-2005–2008-first generation-iridium silver metallic-b-class w245-flat-side-view.webp,e88ddea1692a2b6d01439fd387617734230e3aa5166f12bd74719885acbb2c03,sorted by class name ('b-class')
mercedes-benz-b-class-w245-standard-mpv-2005–2008-first generation-iridium silver metallic-b-class w245-front-view.webp,B-Class\mercedes-benz-b-class-w245-standard-mpv-2005–2008-first generation-iridium silver metallic-b-class w245-front-view.webp,_Remaining\Not Matched\mercedes-benz-b-class-w245-standard-mpv-2005–2008-first generation-iridium silver metallic-b-class w245-front-view.webp,2260f5cff4b2ca7b23fc9d5d76cb3301c5d385a16f1aa8aaca9e0b2e93169679,sorted by class name ('b-class')
mercedes-benz-b-class-w246-b 250e-phev mpv-2015–2017-exterior largely same as facelift generation-obsidian black metallic-b-class w246 b 250e-45-angle-front-view.webp,B-Class\mercedes-benz-b-class-w246-b 250e-phev mpv-2015–2017-exterior largely same as facelift generation-obsidian black metallic-b-class w246 b 250e-45-angle-front-view.webp,_Remaining\Not Matched\mercedes-benz-b-class-w246-b 250e-phev mpv-2015–2017-exterior largely same as facelift generation-obsidian black metallic-b-class w246 b 250e-45-angle-front-view.webp,063e16fb08293c7a2a95913cbda301e440a3539fa68866534a58d6e04868754f,sorted by class name ('b-class')
mercedes-benz-b-class-w246-b 250e-phev mpv-2015–2017-exterior largely same as facelift generation-obsidian black metallic-b-class w246 b 250e-back-view.webp,B-Class\mercedes-benz-b-class-w246-b 250e-phev mpv-2015–2017-exterior largely same as facelift generation-obsidian black metallic-b-class w246 b 250e-back-view.webp,_Remaining\Not Matched\mercedes-benz-b-class-w246-b 250e-phev mpv-2015–2017-exterior largely same as facelift generation-obsidian black metallic-b-class w246 b 250e-back-view.webp,532468833497dfe3b2cfef4e4973e6bf365f607d7e712068a3973cb065323298,sorted by class name ('b-class')
mercedes-benz-b-class-w246-b 250e-phev mpv-2015–2017-exterior largely same as facelift generation-obsidian black metallic-b-class w246 b 250e-flat-side-view.webp,B-Class\mercedes-benz-b-class-w246-b 250e-phev mpv-2015–2017-exterior largely same as facelift generation-obsidian black metallic-b-class w246 b 250e-flat-side-view.webp,_Remaining\Not Matched\mercedes-benz-b-class-w246-b 250e-phev mpv-2015–2017-exterior largely same as facelift generation-obsidian black metallic-b-class w246 b 250e-flat-side-view.webp,de0ff1aaba34e920a1e07166317c6013d424481db8d24f78574107d1fafe8558,sorted by class name ('b-class')
mercedes-benz-b-class-w246-b 250e-phev mpv-2015–2017-exterior largely same as facelift generation-obsidian black metallic-b-class w246 b 250e-front-view.webp,B-Class\mercedes-benz-b-class-w246-b 250e-phev mpv-2015–2017-exterior largely same as facelift generation-obsidian black metallic-b-class w246 b 250e-front-view.webp,_Remaining\Not Matched\mercedes-benz-b-class-w246-b 250e-phev mpv-2015–2017-exterior largely same as facelift generation-obsidian black metallic-b-class w246 b 250e-front-view.webp,8e86fba8a9765e9ae4a368db002ce9f4688c1e0b3ce35a31842cbce79643cea7,sorted by class name ('b-class')
mercedes-benz-b-class-w247 lci-b 250e-phev mpv-2022–-no independent exterior-emerald green metallic-b-class w247 lci b 250e-45-angle-front-view.webp,B-Class\mercedes-benz-b-class-w247 lci-b 250e-phev mpv-2022–-no independent exterior-emerald green metallic-b-class w247 lci b 250e-45-angle-front-view.webp,_Remaining\Not Matched\mercedes-benz-b-class-w247 lci-b 250e-phev mpv-2022–-no independent exterior-emerald green metallic-b-class w247 lci b 250e-45-angle-front-view.webp,30b429e41a654cbe5a80607e5f72ac2b5a0d097fc52e1fe57b4d242a0fd09374,sorted by class name ('b-class')
mercedes-benz-b-class-w247 lci-b 250e-phev mpv-2022–-no independent exterior-emerald green metallic-b-class w247 lci b 250e-back-view.webp,B-Class\mercedes-benz-b-class-w247 lci-b 250e-phev mpv-2022–-no independent exterior-emerald green metallic-b-class w247 lci b 250e-back-view.webp,_Remaining\Not Matched\mercedes-benz-b-class-w247 lci-b 250e-phev mpv-2022–-no independent exterior-emerald green metallic-b-class w247 lci b 250e-back-view.webp,5130043ea395c9ccaaeefe0bfd4c91a2832bccdcaee3a253419c61c4e5fcb37b,sorted by class name ('b-class')
mercedes-benz-b-class-w247 lci-b 250e-phev mpv-2022–-no independent exterior-emerald green metallic-b-class w247 lci b 250e-flat-side-view.webp,B-Class\mercedes-benz-b-class-w247 lci-b 250e-phev mpv-2022–-no independent exterior-emerald green metallic-b-class w247 lci b 250e-flat-side-view.webp,_Remaining\Not Matched\mercedes-benz-b-class-w247 lci-b 250e-phev mpv-2022–-no independent exterior-emerald green metallic-b-class w247 lci b 250e-flat-side-view.webp,7ef4860b6c810fa0e3f256651b9c82e7cc33448bd422af49ba9ea72e620662d5,sorted by class name ('b-class')
mercedes-benz-b-class-w247 lci-b 250e-phev mpv-2022–-no independent exterior-emerald green metallic-b-class w247 lci b 250e-front-view.webp,B-Class\mercedes-benz-b-class-w247 lci-b 250e-phev mpv-2022–-no independent exterior-emerald green metallic-b-class w247 lci b 250e-front-view.webp,_Remaining\Not Matched\mercedes-benz-b-class-w247 lci-b 250e-phev mpv-2022–-no independent exterior-emerald green metallic-b-class w247 lci b 250e-front-view.webp,435b81224354342d77f33daa0795bb9a4ebf2e5cd50172a3ab370fb8131f3779,sorted by class name ('b-class')
mercedes-benz-b-class-w247-b 250e-phev mpv-2020–2022-same exterior family-polar white-b-class w247 b 250e-45-angle-front-view.webp,B-Class\mercedes-benz-b-class-w247-b 250e-phev mpv-2020–2022-same exterior family-polar white-b-class w247 b 250e-45-angle-front-view.webp,_Remaining\Not Matched\mercedes-benz-b-class-w247-b 250e-phev mpv-2020–2022-same exterior family-polar white-b-class w247 b 250e-45-angle-front-view.webp,0a8cb331699f77208ae7638407af4aacde8586a931ff2af0a5c4dc32aa701aa6,sorted by class name ('b-class')
mercedes-benz-b-class-w247-b 250e-phev mpv-2020–2022-same exterior family-polar white-b-class w247 b 250e-back-view.webp,B-Class\mercedes-benz-b-class-w247-b 250e-phev mpv-2020–2022-same exterior family-polar white-b-class w247 b 250e-back-view.webp,_Remaining\Not Matched\mercedes-benz-b-class-w247-b 250e-phev mpv-2020–2022-same exterior family-polar white-b-class w247 b 250e-back-view.webp,209b12bf0926a181fa615c4f64e64e4a6d66b5d7194b6830a5b5ef30a01d191b,sorted by class name ('b-class')
mercedes-benz-b-class-w247-b 250e-phev mpv-2020–2022-same exterior family-polar white-b-class w247 b 250e-flat-side-view.webp,B-Class\mercedes-benz-b-class-w247-b 250e-phev mpv-2020–2022-same exterior family-polar white-b-class w247 b 250e-flat-side-view.webp,_Remaining\Not Matched\mercedes-benz-b-class-w247-b 250e-phev mpv-2020–2022-same exterior family-polar white-b-class w247 b 250e-flat-side-view.webp,865482b3d0a8997c9a0fd5bf37c7d84055f954fb33a6cde45ac8e5f84443d7cc,sorted by class name ('b-class')
mercedes-benz-b-class-w247-b 250e-phev mpv-2020–2022-same exterior family-polar white-b-class w247 b 250e-front-view.webp,B-Class\mercedes-benz-b-class-w247-b 250e-phev mpv-2020–2022-same exterior family-polar white-b-class w247 b 250e-front-view.webp,_Remaining\Not Matched\mercedes-benz-b-class-w247-b 250e-phev mpv-2020–2022-same exterior family-polar white-b-class w247 b 250e-front-view.webp,dfb839a8221b99012881ff6f283356dde1062028b04e3a3a9a32d55b815070c4,sorted by class name ('b-class')
mercedes-benz-c-class-a205-c43 amg cabriolet-performance convertible-2016–2021-amg exterior-designo hyacinth red metallic-c-class a205 c43 amg cab-45-angle-front-view.webp,C-Class\mercedes-benz-c-class-a205-c43 amg cabriolet-performance convertible-2016–2021-amg exterior-designo hyacinth red metallic-c-class a205 c43 amg cab-45-angle-front-view.webp,_Remaining\Not Matched\mercedes-benz-c-class-a205-c43 amg cabriolet-performance convertible-2016–2021-amg exterior-designo hyacinth red metallic-c-class a205 c43 amg cab-45-angle-front-view.webp,2ffdf397370a9b550f1de21c7d80af0cbf4bf2e7bfd65718706dd43e07f4cc2b,sorted by class name ('c-class')
mercedes-benz-c-class-a205-c43 amg cabriolet-performance convertible-2016–2021-amg exterior-designo hyacinth red metallic-c-class a205 c43 amg cab-back-view.webp,C-Class\mercedes-benz-c-class-a205-c43 amg cabriolet-performance convertible-2016–2021-amg exterior-designo hyacinth red metallic-c-class a205 c43 amg cab-back-view.webp,_Remaining\Not Matched\mercedes-benz-c-class-a205-c43 amg cabriolet-performance convertible-2016–2021-amg exterior-designo hyacinth red metallic-c-class a205 c43 amg cab-back-view.webp,53f92f67aacfec23158913ba5dd9730f85dc7093ef85a2b8ba994eac42ffb8af,sorted by class name ('c-class')
mercedes-benz-c-class-a205-c43 amg cabriolet-performance convertible-2016–2021-amg exterior-designo hyacinth red metallic-c-class a205 c43 amg cab-flat-side-view.webp,C-Class\mercedes-benz-c-class-a205-c43 amg cabriolet-performance convertible-2016–2021-amg exterior-designo hyacinth red metallic-c-class a205 c43 amg cab-flat-side-view.webp,_Remaining\Not Matched\mercedes-benz-c-class-a205-c43 amg cabriolet-performance convertible-2016–2021-amg exterior-designo hyacinth red metallic-c-class a205 c43 amg cab-flat-side-view.webp,ab0f5caefae9732a065c2c9b2a63a39255d64f479487593b081dacc232866340,sorted by class name ('c-class')
mercedes-benz-c-class-a205-c43 amg cabriolet-performance convertible-2016–2021-amg exterior-designo hyacinth red metallic-c-class a205 c43 amg cab-front-view.webp,C-Class\mercedes-benz-c-class-a205-c43 amg cabriolet-performance convertible-2016–2021-amg exterior-designo hyacinth red metallic-c-class a205 c43 amg cab-front-view.webp,_Remaining\Not Matched\mercedes-benz-c-class-a205-c43 amg cabriolet-performance convertible-2016–2021-amg exterior-designo hyacinth red metallic-c-class a205 c43 amg cab-front-view.webp,66cf9f67f5114eccdfc809266457676a72a0e824bd369efe8e8b5ad01c3d1bcf,sorted by class name ('c-class')
mercedes-benz-c-class-a205-cabriolet-convertible-2016–2018-separate body-diamond silver metallic-c-class a205 cab-45-angle-front-view.webp,C-Class\mercedes-benz-c-class-a205-cabriolet-convertible-2016–2018-separate body-diamond silver metallic-c-class a205 cab-45-angle-front-view.webp,_Remaining\Not Matched\mercedes-benz-c-class-a205-cabriolet-convertible-2016–2018-separate body-diamond silver metallic-c-class a205 cab-45-angle-front-view.webp,4226c413ff42a4c25a041095b5f3405c2f3a145e7714513f3378cb4d2a307659,sorted by class name ('c-class')
mercedes-benz-c-class-a205-cabriolet-convertible-2016–2018-separate body-diamond silver metallic-c-class a205 cab-back-view.webp,C-Class\mercedes-benz-c-class-a205-cabriolet-convertible-2016–2018-separate body-diamond silver metallic-c-class a205 cab-back-view.webp,_Remaining\Not Matched\mercedes-benz-c-class-a205-cabriolet-convertible-2016–2018-separate body-diamond silver metallic-c-class a205 cab-back-view.webp,851a58e32514849ec04e83264e1e450510a5d20543111fbc78088e5d7fc29615,sorted by class name ('c-class')
mercedes-benz-c-class-a205-cabriolet-convertible-2016–2018-separate body-diamond silver metallic-c-class a205 cab-flat-side-view.webp,C-Class\mercedes-benz-c-class-a205-cabriolet-convertible-2016–2018-separate body-diamond silver metallic-c-class a205 cab-flat-side-view.webp,_Remaining\Not Matched\mercedes-benz-c-class-a205-cabriolet-convertible-2016–2018-separate body-diamond silver metallic-c-class a205 cab-flat-side-view.webp,0c1e4f9ba6fa3dc6689a2b17b16ab7a89a5ab6c87537858f8b097c899727406d,sorted by class name ('c-class')
mercedes-benz-c-class-a205-cabriolet-convertible-2016–2018-separate body-diamond silver metallic-c-class a205 cab-front-view.webp,C-Class\mercedes-benz-c-class-a205-cabriolet-convertible-2016–2018-separate body-diamond silver metallic-c-class a205 cab-front-view.webp,_Remaining\Not Matched\mercedes-benz-c-class-a205-cabriolet-convertible-2016–2018-separate body-diamond silver metallic-c-class a205 cab-front-view.webp,276d8c987008a713b4422e32a319d79e527f2f3b59c5e39dadef7a62e379989e,sorted by class name ('c-class')
mercedes-benz-c-class-a205-facelift cabriolet-convertible-2018–2021-facelift-cosmos black metallic-c-class a205 fl cab-45-angle-front-view.webp,C-Class\mercedes-benz-c-class-a205-facelift cabriolet-convertible-2018–2021-facelift-cosmos black metallic-c-class a205 fl cab-45-angle-front-view.webp,_Remaining\Not Matched\mercedes-benz-c-class-a205-facelift cabriolet-convertible-2018–2021-facelift-cosmos black metallic-c-class a205 fl cab-45-angle-front-view.webp,6f0f1888b4a3d3c6e75daba7a86d4aff65cfece2505837db79a9a4b5a7e8258d,sorted by class name ('c-class')
mercedes-benz-c-class-a205-facelift cabriolet-convertible-2018–2021-facelift-cosmos black metallic-c-class a205 fl cab-back-view.webp,C-Class\mercedes-benz-c-class-a205-facelift cabriolet-convertible-2018–2021-facelift-cosmos black metallic-c-class a205 fl cab-back-view.webp,_Remaining\Not Matched\mercedes-benz-c-class-a205-facelift cabriolet-convertible-2018–2021-facelift-cosmos black metallic-c-class a205 fl cab-back-view.webp,555bd8f03a357d2e4701d9550d570577cf4dd9bff1aff3727230bd8b713c5e97,sorted by class name ('c-class')
mercedes-benz-c-class-a205-facelift cabriolet-convertible-2018–2021-facelift-cosmos black metallic-c-class a205 fl cab-flat-side-view.webp,C-Class\mercedes-benz-c-class-a205-facelift cabriolet-convertible-2018–2021-facelift-cosmos black metallic-c-class a205 fl cab-flat-side-view.webp,_Remaining\Not Matched\mercedes-benz-c-class-a205-facelift cabriolet-convertible-2018–2021-facelift-cosmos black metallic-c-class a205 fl cab-flat-side-view.webp,c3c17c30ca45204a11dd28fc7e9d33105ae3cc4f20237edd01f0a19e727e40a6,sorted by class name ('c-class')
mercedes-benz-c-class-a205-facelift cabriolet-convertible-2018–2021-facelift-cosmos black metallic-c-class a205 fl cab-front-view.webp,C-Class\mercedes-benz-c-class-a205-facelift cabriolet-convertible-2018–2021-facelift-cosmos black metallic-c-class a205 fl cab-front-view.webp,_Remaining\Not Matched\mercedes-benz-c-class-a205-facelift cabriolet-convertible-2018–2021-facelift-cosmos black metallic-c-class a205 fl cab-front-view.webp,0a2e0cff91dec9c0d53872c2ecbaa4551766eba4f57a7bcc87b8711f5287a13e,sorted by class name ('c-class')
mercedes-benz-c-class-c204-c63 amg coupé-performance coupé-2011–2015-amg exterior-iridium silver metallic-c-class c204 c63 amg coupe-45-angle-front-view.webp,C-Class\mercedes-benz-c-class-c204-c63 amg coupé-performance coupé-2011–2015-amg exterior-iridium silver metallic-c-class c204 c63 amg coupe-45-angle-front-view.webp,_Remaining\Not Matched\mercedes-benz-c-class-c204-c63 amg coupé-performance coupé-2011–2015-amg exterior-iridium silver metallic-c-class c204 c63 amg coupe-45-angle-front-view.webp,334b3b37d48914d74cb03754085f1ec826d6524e7234decf580bf7983085e194,sorted by class name ('c-class')
mercedes-benz-c-class-c204-c63 amg coupé-performance coupé-2011–2015-amg exterior-iridium silver metallic-c-class c204 c63 amg coupe-back-view.webp,C-Class\mercedes-benz-c-class-c204-c63 amg coupé-performance coupé-2011–2015-amg exterior-iridium silver metallic-c-class c204 c63 amg coupe-back-view.webp,_Remaining\Not Matched\mercedes-benz-c-class-c204-c63 amg coupé-performance coupé-2011–2015-amg exterior-iridium silver metallic-c-class c204 c63 amg coupe-back-view.webp,a73a28491fd3629180ddec1a6238009f80754ac24901fb7a0f63b5fc3d49b87f,sorted by class name ('c-class')
mercedes-benz-c-class-c204-c63 amg coupé-performance coupé-2011–2015-amg exterior-iridium silver metallic-c-class c204 c63 amg coupe-flat-side-view.webp,C-Class\mercedes-benz-c-class-c204-c63 amg coupé-performance coupé-2011–2015-amg exterior-iridium silver metallic-c-class c204 c63 amg coupe-flat-side-view.webp,_Remaining\Not Matched\mercedes-benz-c-class-c204-c63 amg coupé-performance coupé-2011–2015-amg exterior-iridium silver metallic-c-class c204 c63 amg coupe-flat-side-view.webp,3a9bd2c66e0fa24b5b9ed06c6121a0087ff517ebac603e52d6f4d9a36364f2e3,sorted by class name ('c-class')
mercedes-benz-c-class-c204-c63 amg coupé-performance coupé-2011–2015-amg exterior-iridium silver metallic-c-class c204 c63 amg coupe-front-view.webp,C-Class\mercedes-benz-c-class-c204-c63 amg coupé-performance coupé-2011–2015-amg exterior-iridium silver metallic-c-class c204 c63 amg coupe-front-view.webp,_Remaining\Not Matched\mercedes-benz-c-class-c204-c63 amg coupé-performance coupé-2011–2015-amg exterior-iridium silver metallic-c-class c204 c63 amg coupe-front-view.webp,b17997cd33dabdc171f1df3e6a337db735323565c200ecf288943d4a37184c0e,sorted by class name ('c-class')
mercedes-benz-c-class-c204-coupé-coupé-2011–2015-separate coupé body-emerald green metallic-c-class c204-45-angle-front-view.webp,C-Class\mercedes-benz-c-class-c204-coupé-coupé-2011–2015-separate coupé body-emerald green metallic-c-class c204-45-angle-front-view.webp,_Remaining\Not Matched\mercedes-benz-c-class-c204-coupé-coupé-2011–2015-separate coupé body-emerald green metallic-c-class c204-45-angle-front-view.webp,55f4a6f04768d9e6afaa40b9925616fc44d08bf57cc5f5d6a780c08398cf8933,sorted by class name ('c-class')
mercedes-benz-c-class-c204-coupé-coupé-2011–2015-separate coupé body-emerald green metallic-c-class c204-back-view.webp,C-Class\mercedes-benz-c-class-c204-coupé-coupé-2011–2015-separate coupé body-emerald green metallic-c-class c204-back-view.webp,_Remaining\Not Matched\mercedes-benz-c-class-c204-coupé-coupé-2011–2015-separate coupé body-emerald green metallic-c-class c204-back-view.webp,baaa7bccfd58a74b53ae6554038ec9e3b513858273b6c18f667437eedd62b863,sorted by class name ('c-class')
mercedes-benz-c-class-c204-coupé-coupé-2011–2015-separate coupé body-emerald green metallic-c-class c204-flat-side-view.webp,C-Class\mercedes-benz-c-class-c204-coupé-coupé-2011–2015-separate coupé body-emerald green metallic-c-class c204-flat-side-view.webp,_Remaining\Not Matched\mercedes-benz-c-class-c204-coupé-coupé-2011–2015-separate coupé body-emerald green metallic-c-class c204-flat-side-view.webp,a36f709610fd9b3d9f86edc85d240ca458f798de9ee7a69a2ebd4cbaeaec55a3,sorted by class name ('c-class')
mercedes-benz-c-class-c204-coupé-coupé-2011–2015-separate coupé body-emerald green metallic-c-class c204-front-view.webp,C-Class\mercedes-benz-c-class-c204-coupé-coupé-2011–2015-separate coupé body-emerald green metallic-c-class c204-front-view.webp,_Remaining\Not Matched\mercedes-benz-c-class-c204-coupé-coupé-2011–2015-separate coupé body-emerald green metallic-c-class c204-front-view.webp,fabdf91335c86a5932c485026df4d8b081d1d995d1203c16960602ec8b410658,sorted by class name ('c-class')
mercedes-benz-c-class-c205-c43 amg coupé-performance coupé-2016–2018-amg exterior-selenite grey metallic-c-class c205 c43 amg coupe-45-angle-front-view.webp,C-Class\mercedes-benz-c-class-c205-c43 amg coupé-performance coupé-2016–2018-amg exterior-selenite grey metallic-c-class c205 c43 amg coupe-45-angle-front-view.webp,_Remaining\Not Matched\mercedes-benz-c-class-c205-c43 amg coupé-performance coupé-2016–2018-amg exterior-selenite grey metallic-c-class c205 c43 amg coupe-45-angle-front-view.webp,47771454e40a12de5db0595f045adb6a3dd99fdf90a332d6c42551408b00e42b,sorted by class name ('c-class')
mercedes-benz-c-class-c205-c43 amg coupé-performance coupé-2016–2018-amg exterior-selenite grey metallic-c-class c205 c43 amg coupe-back-view.webp,C-Class\mercedes-benz-c-class-c205-c43 amg coupé-performance coupé-2016–2018-amg exterior-selenite grey metallic-c-class c205 c43 amg coupe-back-view.webp,_Remaining\Not Matched\mercedes-benz-c-class-c205-c43 amg coupé-performance coupé-2016–2018-amg exterior-selenite grey metallic-c-class c205 c43 amg coupe-back-view.webp,c5619f676517e0e5d807b4e52fb0f0c361e92fc7746ae2a1bcabb7c432056581,sorted by class name ('c-class')
mercedes-benz-c-class-c205-c43 amg coupé-performance coupé-2016–2018-amg exterior-selenite grey metallic-c-class c205 c43 amg coupe-flat-side-view.webp,C-Class\mercedes-benz-c-class-c205-c43 amg coupé-performance coupé-2016–2018-amg exterior-selenite grey metallic-c-class c205 c43 amg coupe-flat-side-view.webp,_Remaining\Not Matched\mercedes-benz-c-class-c205-c43 amg coupé-performance coupé-2016–2018-amg exterior-selenite grey metallic-c-class c205 c43 amg coupe-flat-side-view.webp,046aec15b0157efb34843fb8ca0e7f17d81c3d980c116be1bad714abc9ddd0c8,sorted by class name ('c-class')
mercedes-benz-c-class-c205-c43 amg coupé-performance coupé-2016–2018-amg exterior-selenite grey metallic-c-class c205 c43 amg coupe-front-view.webp,C-Class\mercedes-benz-c-class-c205-c43 amg coupé-performance coupé-2016–2018-amg exterior-selenite grey metallic-c-class c205 c43 amg coupe-front-view.webp,_Remaining\Not Matched\mercedes-benz-c-class-c205-c43 amg coupé-performance coupé-2016–2018-amg exterior-selenite grey metallic-c-class c205 c43 amg coupe-front-view.webp,0618e5f591d0eb8a34ac4cea4f0669866681ee77ab6940f34562a70cdd315dd0,sorted by class name ('c-class')
mercedes-benz-c-class-c205-c63 s amg coupé-performance coupé-2016–2021-amg body-designo hyacinth red metallic-c-class c205 c63 s amg coupe-45-angle-front-view.webp,C-Class\mercedes-benz-c-class-c205-c63 s amg coupé-performance coupé-2016–2021-amg body-designo hyacinth red metallic-c-class c205 c63 s amg coupe-45-angle-front-view.webp,_Remaining\Not Matched\mercedes-benz-c-class-c205-c63 s amg coupé-performance coupé-2016–2021-amg body-designo hyacinth red metallic-c-class c205 c63 s amg coupe-45-angle-front-view.webp,c8b7d2dbadba6bc59cad9a57ee384ead1cf73344906a991d31b495ffddc58221,sorted by class name ('c-class')
mercedes-benz-c-class-c205-c63 s amg coupé-performance coupé-2016–2021-amg body-designo hyacinth red metallic-c-class c205 c63 s amg coupe-back-view.webp,C-Class\mercedes-benz-c-class-c205-c63 s amg coupé-performance coupé-2016–2021-amg body-designo hyacinth red metallic-c-class c205 c63 s amg coupe-back-view.webp,_Remaining\Not Matched\mercedes-benz-c-class-c205-c63 s amg coupé-performance coupé-2016–2021-amg body-designo hyacinth red metallic-c-class c205 c63 s amg coupe-back-view.webp,14d2069ece00b2eaafa20fc64d16234922b7525c2ce43878b6079ff34a5e1181,sorted by class name ('c-class')
mercedes-benz-c-class-c205-c63 s amg coupé-performance coupé-2016–2021-amg body-designo hyacinth red metallic-c-class c205 c63 s amg coupe-flat-side-view.webp,C-Class\mercedes-benz-c-class-c205-c63 s amg coupé-performance coupé-2016–2021-amg body-designo hyacinth red metallic-c-class c205 c63 s amg coupe-flat-side-view.webp,_Remaining\Not Matched\mercedes-benz-c-class-c205-c63 s amg coupé-performance coupé-2016–2021-amg body-designo hyacinth red metallic-c-class c205 c63 s amg coupe-flat-side-view.webp,8d5b7f79dbfd38636e6da697922427ff0bfbfddd977a37350d6ea81d4c6727a6,sorted by class name ('c-class')
mercedes-benz-c-class-c205-c63 s amg coupé-performance coupé-2016–2021-amg body-designo hyacinth red metallic-c-class c205 c63 s amg coupe-front-view.webp,C-Class\mercedes-benz-c-class-c205-c63 s amg coupé-performance coupé-2016–2021-amg body-designo hyacinth red metallic-c-class c205 c63 s amg coupe-front-view.webp,_Remaining\Not Matched\mercedes-benz-c-class-c205-c63 s amg coupé-performance coupé-2016–2021-amg body-designo hyacinth red metallic-c-class c205 c63 s amg coupe-front-view.webp,299e12d33792fe49071ef2618fde71cd8ce021a8f83a3f674f23d618a59299c2,sorted by class name ('c-class')
mercedes-benz-c-class-c205-coupé-coupé-2015–2018-separate coupé-tenorite grey metallic-c-class c205-45-angle-front-view.webp,C-Class\mercedes-benz-c-class-c205-coupé-coupé-2015–2018-separate coupé-tenorite grey metallic-c-class c205-45-angle-front-view.webp,_Remaining\Not Matched\mercedes-benz-c-class-c205-coupé-coupé-2015–2018-separate coupé-tenorite grey metallic-c-class c205-45-angle-front-view.webp,55f151a0b680f9ca0bd466657e39fa0866a44153c4b9e2b233ad1a9414cd776e,sorted by class name ('c-class')
mercedes-benz-c-class-c205-coupé-coupé-2015–2018-separate coupé-tenorite grey metallic-c-class c205-back-view.webp,C-Class\mercedes-benz-c-class-c205-coupé-coupé-2015–2018-separate coupé-tenorite grey metallic-c-class c205-back-view.webp,_Remaining\Not Matched\mercedes-benz-c-class-c205-coupé-coupé-2015–2018-separate coupé-tenorite grey metallic-c-class c205-back-view.webp,5228398889a82a5f279c8ae431e8d03e672ce18db61b981ed6f77b2be5adacd3,sorted by class name ('c-class')
mercedes-benz-c-class-c205-coupé-coupé-2015–2018-separate coupé-tenorite grey metallic-c-class c205-flat-side-view.webp,C-Class\mercedes-benz-c-class-c205-coupé-coupé-2015–2018-separate coupé-tenorite grey metallic-c-class c205-flat-side-view.webp,_Remaining\Not Matched\mercedes-benz-c-class-c205-coupé-coupé-2015–2018-separate coupé-tenorite grey metallic-c-class c205-flat-side-view.webp,18d436b25e26f77c82a6cfbb147450a9d53897b17166f8feed1831b89ee14795,sorted by class name ('c-class')
mercedes-benz-c-class-c205-coupé-coupé-2015–2018-separate coupé-tenorite grey metallic-c-class c205-front-view.webp,C-Class\mercedes-benz-c-class-c205-coupé-coupé-2015–2018-separate coupé-tenorite grey metallic-c-class c205-front-view.webp,_Remaining\Not Matched\mercedes-benz-c-class-c205-coupé-coupé-2015–2018-separate coupé-tenorite grey metallic-c-class c205-front-view.webp,82861d6e3468cffec85cda244cc87630fb08f8571a9a66366c15212815c0c8f4,sorted by class name ('c-class')
mercedes-benz-c-class-c205-facelift coupé-coupé-2018–2021-facelift-fire opal red-c-class c205 fl coupe-45-angle-front-view.webp,C-Class\mercedes-benz-c-class-c205-facelift coupé-coupé-2018–2021-facelift-fire opal red-c-class c205 fl coupe-45-angle-front-view.webp,_Remaining\Not Matched\mercedes-benz-c-class-c205-facelift coupé-coupé-2018–2021-facelift-fire opal red-c-class c205 fl coupe-45-angle-front-view.webp,4c0e929fc9838a139940ffebfc9c15c68683d7e00f077c584439381ac010f12f,sorted by class name ('c-class')
mercedes-benz-c-class-c205-facelift coupé-coupé-2018–2021-facelift-fire opal red-c-class c205 fl coupe-back-view.webp,C-Class\mercedes-benz-c-class-c205-facelift coupé-coupé-2018–2021-facelift-fire opal red-c-class c205 fl coupe-back-view.webp,_Remaining\Not Matched\mercedes-benz-c-class-c205-facelift coupé-coupé-2018–2021-facelift-fire opal red-c-class c205 fl coupe-back-view.webp,6b2e5dbe7efdc2304cac1c1792df21e39bc08e7fa98b787e5590b00fb7d6dc88,sorted by class name ('c-class')
mercedes-benz-c-class-c205-facelift coupé-coupé-2018–2021-facelift-fire opal red-c-class c205 fl coupe-flat-side-view.webp,C-Class\mercedes-benz-c-class-c205-facelift coupé-coupé-2018–2021-facelift-fire opal red-c-class c205 fl coupe-flat-side-view.webp,_Remaining\Not Matched\mercedes-benz-c-class-c205-facelift coupé-coupé-2018–2021-facelift-fire opal red-c-class c205 fl coupe-flat-side-view.webp,a7db76c1f3448ef1aa9d787cfe04857a1ce4eb33793488b14b341d04c84a2586,sorted by class name ('c-class')
mercedes-benz-c-class-c205-facelift coupé-coupé-2018–2021-facelift-fire opal red-c-class c205 fl coupe-front-view.webp,C-Class\mercedes-benz-c-class-c205-facelift coupé-coupé-2018–2021-facelift-fire opal red-c-class c205 fl coupe-front-view.webp,_Remaining\Not Matched\mercedes-benz-c-class-c205-facelift coupé-coupé-2018–2021-facelift-fire opal red-c-class c205 fl coupe-front-view.webp,d753a3045d6f8813ce57486cbb29f52af9b2bbc9795e8e8aff98599061da2c87,sorted by class name ('c-class')
mercedes-benz-c-class-cl203-sportcoupé facelift-3-door coupé-2004–2008-major facelift-nautical blue metallic-c-class cl203 sportcoupe fl-45-angle-front-view.webp,C-Class\mercedes-benz-c-class-cl203-sportcoupé facelift-3-door coupé-2004–2008-major facelift-nautical blue metallic-c-class cl203 sportcoupe fl-45-angle-front-view.webp,_Remaining\Not Matched\mercedes-benz-c-class-cl203-sportcoupé facelift-3-door coupé-2004–2008-major facelift-nautical blue metallic-c-class cl203 sportcoupe fl-45-angle-front-view.webp,a385d5893868dc3beb1a44a60efc3f7638e2463eb0d57a1c405e46c3d7b535af,sorted by class name ('c-class')
mercedes-benz-c-class-cl203-sportcoupé facelift-3-door coupé-2004–2008-major facelift-nautical blue metallic-c-class cl203 sportcoupe fl-back-view.webp,C-Class\mercedes-benz-c-class-cl203-sportcoupé facelift-3-door coupé-2004–2008-major facelift-nautical blue metallic-c-class cl203 sportcoupe fl-back-view.webp,_Remaining\Not Matched\mercedes-benz-c-class-cl203-sportcoupé facelift-3-door coupé-2004–2008-major facelift-nautical blue metallic-c-class cl203 sportcoupe fl-back-view.webp,73878ac47772441b9ed3f89b77a9eef2c32961749cfdef33b12733f1a9f04cd2,sorted by class name ('c-class')
mercedes-benz-c-class-cl203-sportcoupé facelift-3-door coupé-2004–2008-major facelift-nautical blue metallic-c-class cl203 sportcoupe fl-flat-side-view.webp,C-Class\mercedes-benz-c-class-cl203-sportcoupé facelift-3-door coupé-2004–2008-major facelift-nautical blue metallic-c-class cl203 sportcoupe fl-flat-side-view.webp,_Remaining\Not Matched\mercedes-benz-c-class-cl203-sportcoupé facelift-3-door coupé-2004–2008-major facelift-nautical blue metallic-c-class cl203 sportcoupe fl-flat-side-view.webp,816606d93444bc458e0d86470f10adeeb62aa3d06ddac50865611eacd9a9792c,sorted by class name ('c-class')
mercedes-benz-c-class-cl203-sportcoupé facelift-3-door coupé-2004–2008-major facelift-nautical blue metallic-c-class cl203 sportcoupe fl-front-view.webp,C-Class\mercedes-benz-c-class-cl203-sportcoupé facelift-3-door coupé-2004–2008-major facelift-nautical blue metallic-c-class cl203 sportcoupe fl-front-view.webp,_Remaining\Not Matched\mercedes-benz-c-class-cl203-sportcoupé facelift-3-door coupé-2004–2008-major facelift-nautical blue metallic-c-class cl203 sportcoupe fl-front-view.webp,79ea8162f319f7358347bc049f5765b39e699fd56ae8d5eef8553a71133c3f9a,sorted by class name ('c-class')
mercedes-benz-c-class-cl203-sportcoupé-3-door coupé-2000–2004-entirely different roof body-almandine black metallic-c-class cl203 sportcoupe-45-angle-front-view.webp,C-Class\mercedes-benz-c-class-cl203-sportcoupé-3-door coupé-2000–2004-entirely different roof body-almandine black metallic-c-class cl203 sportcoupe-45-angle-front-view.webp,_Remaining\Not Matched\mercedes-benz-c-class-cl203-sportcoupé-3-door coupé-2000–2004-entirely different roof body-almandine black metallic-c-class cl203 sportcoupe-45-angle-front-view.webp,4b21a7f90b0f9242e408c91afdaf594ec70f566a1ad1446ad960fbf710ee6f89,sorted by class name ('c-class')
mercedes-benz-c-class-cl203-sportcoupé-3-door coupé-2000–2004-entirely different roof body-almandine black metallic-c-class cl203 sportcoupe-back-view.webp,C-Class\mercedes-benz-c-class-cl203-sportcoupé-3-door coupé-2000–2004-entirely different roof body-almandine black metallic-c-class cl203 sportcoupe-back-view.webp,_Remaining\Not Matched\mercedes-benz-c-class-cl203-sportcoupé-3-door coupé-2000–2004-entirely different roof body-almandine black metallic-c-class cl203 sportcoupe-back-view.webp,d996945cad93121f1b85a50e5440cbb75b59a8df834157736b2a229b90577eb6,sorted by class name ('c-class')
mercedes-benz-c-class-cl203-sportcoupé-3-door coupé-2000–2004-entirely different roof body-almandine black metallic-c-class cl203 sportcoupe-flat-side-view.webp,C-Class\mercedes-benz-c-class-cl203-sportcoupé-3-door coupé-2000–2004-entirely different roof body-almandine black metallic-c-class cl203 sportcoupe-flat-side-view.webp,_Remaining\Not Matched\mercedes-benz-c-class-cl203-sportcoupé-3-door coupé-2000–2004-entirely different roof body-almandine black metallic-c-class cl203 sportcoupe-flat-side-view.webp,cd803f71582dfbc90801c478b51479fddf404c4292564b44d46cb551ffa141c9,sorted by class name ('c-class')
mercedes-benz-c-class-cl203-sportcoupé-3-door coupé-2000–2004-entirely different roof body-almandine black metallic-c-class cl203 sportcoupe-front-view.webp,C-Class\mercedes-benz-c-class-cl203-sportcoupé-3-door coupé-2000–2004-entirely different roof body-almandine black metallic-c-class cl203 sportcoupe-front-view.webp,_Remaining\Not Matched\mercedes-benz-c-class-cl203-sportcoupé-3-door coupé-2000–2004-entirely different roof body-almandine black metallic-c-class cl203 sportcoupe-front-view.webp,0909e2415e6b46ca2a2adb5b9f980bf773f9820279e0918a8752528c32f7b482,sorted by class name ('c-class')
mercedes-benz-c-class-s202-estate-estate-1996–2001-completely different rear body-malachite green metallic-c-class s202 est-45-angle-front-view.webp,C-Class\mercedes-benz-c-class-s202-estate-estate-1996–2001-completely different rear body-malachite green metallic-c-class s202 est-45-angle-front-view.webp,_Remaining\Not Matched\mercedes-benz-c-class-s202-estate-estate-1996–2001-completely different rear body-malachite green metallic-c-class s202 est-45-angle-front-view.webp,d78880610fb0c7e3277ec438fd61bd0f41538379d1a0ddf32eca7bdc362fa946,sorted by class name ('c-class')
mercedes-benz-c-class-s202-estate-estate-1996–2001-completely different rear body-malachite green metallic-c-class s202 est-back-view.webp,C-Class\mercedes-benz-c-class-s202-estate-estate-1996–2001-completely different rear body-malachite green metallic-c-class s202 est-back-view.webp,_Remaining\Not Matched\mercedes-benz-c-class-s202-estate-estate-1996–2001-completely different rear body-malachite green metallic-c-class s202 est-back-view.webp,091fb0f3249cc0caa4dd151ae4eec29339843baf805e752185d288306c22aaba,sorted by class name ('c-class')
mercedes-benz-c-class-s202-estate-estate-1996–2001-completely different rear body-malachite green metallic-c-class s202 est-flat-side-view.webp,C-Class\mercedes-benz-c-class-s202-estate-estate-1996–2001-completely different rear body-malachite green metallic-c-class s202 est-flat-side-view.webp,_Remaining\Not Matched\mercedes-benz-c-class-s202-estate-estate-1996–2001-completely different rear body-malachite green metallic-c-class s202 est-flat-side-view.webp,72bee7bf29efde0d81bb5c5da0510a43d1b04ad0b4fedc33995410f49069b371,sorted by class name ('c-class')
mercedes-benz-c-class-s202-estate-estate-1996–2001-completely different rear body-malachite green metallic-c-class s202 est-front-view.webp,C-Class\mercedes-benz-c-class-s202-estate-estate-1996–2001-completely different rear body-malachite green metallic-c-class s202 est-front-view.webp,_Remaining\Not Matched\mercedes-benz-c-class-s202-estate-estate-1996–2001-completely different rear body-malachite green metallic-c-class s202 est-front-view.webp,3b9dd8b1cc38c278fd56d8dfc7906c0b88360b681b4a23841ea754cfa327b41b,sorted by class name ('c-class')
mercedes-benz-c-class-s203-estate-estate-2001–2007-separate estate body-garnet red metallic-c-class s203 est-45-angle-front-view.webp,C-Class\mercedes-benz-c-class-s203-estate-estate-2001–2007-separate estate body-garnet red metallic-c-class s203 est-45-angle-front-view.webp,_Remaining\Not Matched\mercedes-benz-c-class-s203-estate-estate-2001–2007-separate estate body-garnet red metallic-c-class s203 est-45-angle-front-view.webp,cd638dc772ba3bf0a6b5aa5fd2834770d016fa9bb34f9e65e2b86c24ac0fed7b,sorted by class name ('c-class')
mercedes-benz-c-class-s203-estate-estate-2001–2007-separate estate body-garnet red metallic-c-class s203 est-back-view.webp,C-Class\mercedes-benz-c-class-s203-estate-estate-2001–2007-separate estate body-garnet red metallic-c-class s203 est-back-view.webp,_Remaining\Not Matched\mercedes-benz-c-class-s203-estate-estate-2001–2007-separate estate body-garnet red metallic-c-class s203 est-back-view.webp,9cb48a5bc72e40c073f106f75dd027e81a991375943f12f4de751bb2bb9984ba,sorted by class name ('c-class')
mercedes-benz-c-class-s203-estate-estate-2001–2007-separate estate body-garnet red metallic-c-class s203 est-flat-side-view.webp,C-Class\mercedes-benz-c-class-s203-estate-estate-2001–2007-separate estate body-garnet red metallic-c-class s203 est-flat-side-view.webp,_Remaining\Not Matched\mercedes-benz-c-class-s203-estate-estate-2001–2007-separate estate body-garnet red metallic-c-class s203 est-flat-side-view.webp,f10cbf9ea6a87164a49201ef73bc404b4b89d5bbff16677237359b6863009e89,sorted by class name ('c-class')
mercedes-benz-c-class-s203-estate-estate-2001–2007-separate estate body-garnet red metallic-c-class s203 est-front-view.webp,C-Class\mercedes-benz-c-class-s203-estate-estate-2001–2007-separate estate body-garnet red metallic-c-class s203 est-front-view.webp,_Remaining\Not Matched\mercedes-benz-c-class-s203-estate-estate-2001–2007-separate estate body-garnet red metallic-c-class s203 est-front-view.webp,c8d66d2423d9b7c6305f6f16881018f1d6e5628de6b0a1d4804138c1e9872808,sorted by class name ('c-class')
mercedes-benz-c-class-s204-estate-estate-2007–2014-separate estate body-citrine brown metallic-c-class s204 est-45-angle-front-view.webp,C-Class\mercedes-benz-c-class-s204-estate-estate-2007–2014-separate estate body-citrine brown metallic-c-class s204 est-45-angle-front-view.webp,_Remaining\Not Matched\mercedes-benz-c-class-s204-estate-estate-2007–2014-separate estate body-citrine brown metallic-c-class s204 est-45-angle-front-view.webp,e547bc079420160fc10f99e9d95dd992fc113263f3629d047f3de1a475e35f75,sorted by class name ('c-class')
mercedes-benz-c-class-s204-estate-estate-2007–2014-separate estate body-citrine brown metallic-c-class s204 est-back-view.webp,C-Class\mercedes-benz-c-class-s204-estate-estate-2007–2014-separate estate body-citrine brown metallic-c-class s204 est-back-view.webp,_Remaining\Not Matched\mercedes-benz-c-class-s204-estate-estate-2007–2014-separate estate body-citrine brown metallic-c-class s204 est-back-view.webp,5f0f122d980aa2ec52e5b223c585f444f2693669b1992c85da9430d7be2b68ae,sorted by class name ('c-class')
mercedes-benz-c-class-s204-estate-estate-2007–2014-separate estate body-citrine brown metallic-c-class s204 est-flat-side-view.webp,C-Class\mercedes-benz-c-class-s204-estate-estate-2007–2014-separate estate body-citrine brown metallic-c-class s204 est-flat-side-view.webp,_Remaining\Not Matched\mercedes-benz-c-class-s204-estate-estate-2007–2014-separate estate body-citrine brown metallic-c-class s204 est-flat-side-view.webp,fc934abd0c5709f01b1b43b8ba9dd93bf93f3cf9d76dded6febd561d13614333,sorted by class name ('c-class')
mercedes-benz-c-class-s204-estate-estate-2007–2014-separate estate body-citrine brown metallic-c-class s204 est-front-view.webp,C-Class\mercedes-benz-c-class-s204-estate-estate-2007–2014-separate estate body-citrine brown metallic-c-class s204 est-front-view.webp,_Remaining\Not Matched\mercedes-benz-c-class-s204-estate-estate-2007–2014-separate estate body-citrine brown metallic-c-class s204 est-front-view.webp,7464ee2290d61e51a8cab340a6d67eb82020c6a4165f6d87e757fbe1c7130c53,sorted by class name ('c-class')
mercedes-benz-c-class-s205 lci-estate-estate-2018–2021-facelift-dolomite brown metallic-c-class s205 lci est-45-angle-front-view.webp,C-Class\mercedes-benz-c-class-s205 lci-estate-estate-2018–2021-facelift-dolomite brown metallic-c-class s205 lci est-45-angle-front-view.webp,_Remaining\Not Matched\mercedes-benz-c-class-s205 lci-estate-estate-2018–2021-facelift-dolomite brown metallic-c-class s205 lci est-45-angle-front-view.webp,efda84837f612625a88d60c95fa0384ec703cf376dc4a2252bdb7acf30e5f5ab,sorted by class name ('c-class')
mercedes-benz-c-class-s205 lci-estate-estate-2018–2021-facelift-dolomite brown metallic-c-class s205 lci est-back-view.webp,C-Class\mercedes-benz-c-class-s205 lci-estate-estate-2018–2021-facelift-dolomite brown metallic-c-class s205 lci est-back-view.webp,_Remaining\Not Matched\mercedes-benz-c-class-s205 lci-estate-estate-2018–2021-facelift-dolomite brown metallic-c-class s205 lci est-back-view.webp,0b1759f3f7d8e4dce8f99791514c4d9ab918ca55fbb219542a63268e8bacc539,sorted by class name ('c-class')
mercedes-benz-c-class-s205 lci-estate-estate-2018–2021-facelift-dolomite brown metallic-c-class s205 lci est-flat-side-view.webp,C-Class\mercedes-benz-c-class-s205 lci-estate-estate-2018–2021-facelift-dolomite brown metallic-c-class s205 lci est-flat-side-view.webp,_Remaining\Not Matched\mercedes-benz-c-class-s205 lci-estate-estate-2018–2021-facelift-dolomite brown metallic-c-class s205 lci est-flat-side-view.webp,a6dd1876f72332ab86d9bf6758f10dc3967799789958f1f87c0cab65e68bfe4b,sorted by class name ('c-class')
mercedes-benz-c-class-s205 lci-estate-estate-2018–2021-facelift-dolomite brown metallic-c-class s205 lci est-front-view.webp,C-Class\mercedes-benz-c-class-s205 lci-estate-estate-2018–2021-facelift-dolomite brown metallic-c-class s205 lci est-front-view.webp,_Remaining\Not Matched\mercedes-benz-c-class-s205 lci-estate-estate-2018–2021-facelift-dolomite brown metallic-c-class s205 lci est-front-view.webp,b2d72a6764efcde8439f10cb644d12ca8035ee86ef24ccd193ea0b244b219155,sorted by class name ('c-class')
mercedes-benz-c-class-s205-c43 amg estate-performance estate-2016–2021-amg body-designo selenite grey magno-c-class s205 c43 amg est-45-angle-front-view.webp,C-Class\mercedes-benz-c-class-s205-c43 amg estate-performance estate-2016–2021-amg body-designo selenite grey magno-c-class s205 c43 amg est-45-angle-front-view.webp,_Remaining\Not Matched\mercedes-benz-c-class-s205-c43 amg estate-performance estate-2016–2021-amg body-designo selenite grey magno-c-class s205 c43 amg est-45-angle-front-view.webp,497b08740b7bc01c8a10c32cf87709af144cd6c9ee651dd9fcb75dec8111a746,sorted by class name ('c-class')
mercedes-benz-c-class-s205-c43 amg estate-performance estate-2016–2021-amg body-designo selenite grey magno-c-class s205 c43 amg est-back-view.webp,C-Class\mercedes-benz-c-class-s205-c43 amg estate-performance estate-2016–2021-amg body-designo selenite grey magno-c-class s205 c43 amg est-back-view.webp,_Remaining\Not Matched\mercedes-benz-c-class-s205-c43 amg estate-performance estate-2016–2021-amg body-designo selenite grey magno-c-class s205 c43 amg est-back-view.webp,f7fadb74b8c9e13566528adbada76fe4383e682c5187d5a930a077969de6d6e3,sorted by class name ('c-class')
mercedes-benz-c-class-s205-c43 amg estate-performance estate-2016–2021-amg body-designo selenite grey magno-c-class s205 c43 amg est-flat-side-view.webp,C-Class\mercedes-benz-c-class-s205-c43 amg estate-performance estate-2016–2021-amg body-designo selenite grey magno-c-class s205 c43 amg est-flat-side-view.webp,_Remaining\Not Matched\mercedes-benz-c-class-s205-c43 amg estate-performance estate-2016–2021-amg body-designo selenite grey magno-c-class s205 c43 amg est-flat-side-view.webp,c5c469ecea899502f6b0be1bcb9b4fd88633d8c660dcfdbc9e0f3c57bb110fc9,sorted by class name ('c-class')
mercedes-benz-c-class-s205-c43 amg estate-performance estate-2016–2021-amg body-designo selenite grey magno-c-class s205 c43 amg est-front-view.webp,C-Class\mercedes-benz-c-class-s205-c43 amg estate-performance estate-2016–2021-amg body-designo selenite grey magno-c-class s205 c43 amg est-front-view.webp,_Remaining\Not Matched\mercedes-benz-c-class-s205-c43 amg estate-performance estate-2016–2021-amg body-designo selenite grey magno-c-class s205 c43 amg est-front-view.webp,acacae31893c601856bf84fda8f8d189e57ecb0c84560ffdf791076732d7253f,sorted by class name ('c-class')
mercedes-benz-c-class-s205-c63 s amg estate-performance estate-2015–2021-amg wide aggressive body-designo hyacinth red metallic-c-class s205 c63 s amg est-45-angle-front-view.webp,C-Class\mercedes-benz-c-class-s205-c63 s amg estate-performance estate-2015–2021-amg wide aggressive body-designo hyacinth red metallic-c-class s205 c63 s amg est-45-angle-front-view.webp,_Remaining\Not Matched\mercedes-benz-c-class-s205-c63 s amg estate-performance estate-2015–2021-amg wide aggressive body-designo hyacinth red metallic-c-class s205 c63 s amg est-45-angle-front-view.webp,8897371cea97c0e43f961146b0a3d8189b538e1aa9c982c3197dc8c3c8ad03f6,sorted by class name ('c-class')
mercedes-benz-c-class-s205-c63 s amg estate-performance estate-2015–2021-amg wide aggressive body-designo hyacinth red metallic-c-class s205 c63 s amg est-back-view.webp,C-Class\mercedes-benz-c-class-s205-c63 s amg estate-performance estate-2015–2021-amg wide aggressive body-designo hyacinth red metallic-c-class s205 c63 s amg est-back-view.webp,_Remaining\Not Matched\mercedes-benz-c-class-s205-c63 s amg estate-performance estate-2015–2021-amg wide aggressive body-designo hyacinth red metallic-c-class s205 c63 s amg est-back-view.webp,fcb9cf8b354a513e04c142eee78f6838a590407923405d330b3a25f81ba0c7f9,sorted by class name ('c-class')
mercedes-benz-c-class-s205-c63 s amg estate-performance estate-2015–2021-amg wide aggressive body-designo hyacinth red metallic-c-class s205 c63 s amg est-flat-side-view.webp,C-Class\mercedes-benz-c-class-s205-c63 s amg estate-performance estate-2015–2021-amg wide aggressive body-designo hyacinth red metallic-c-class s205 c63 s amg est-flat-side-view.webp,_Remaining\Not Matched\mercedes-benz-c-class-s205-c63 s amg estate-performance estate-2015–2021-amg wide aggressive body-designo hyacinth red metallic-c-class s205 c63 s amg est-flat-side-view.webp,83fa617f6684c69d5ee8c59be388e7533be68063943eafeb816517f21ea2d30d,sorted by class name ('c-class')
mercedes-benz-c-class-s205-c63 s amg estate-performance estate-2015–2021-amg wide aggressive body-designo hyacinth red metallic-c-class s205 c63 s amg est-front-view.webp,C-Class\mercedes-benz-c-class-s205-c63 s amg estate-performance estate-2015–2021-amg wide aggressive body-designo hyacinth red metallic-c-class s205 c63 s amg est-front-view.webp,_Remaining\Not Matched\mercedes-benz-c-class-s205-c63 s amg estate-performance estate-2015–2021-amg wide aggressive body-designo hyacinth red metallic-c-class s205 c63 s amg est-front-view.webp,55160ab7a6e46486a1291517b5808aed8aea74e8b48547ce0b2da8a5f0b35785,sorted by class name ('c-class')
mercedes-benz-c-class-s205-estate-estate-2014–2018-separate estate body-kallalite green metallic-c-class s205 est-45-angle-front-view.webp,C-Class\mercedes-benz-c-class-s205-estate-estate-2014–2018-separate estate body-kallalite green metallic-c-class s205 est-45-angle-front-view.webp,_Remaining\Not Matched\mercedes-benz-c-class-s205-estate-estate-2014–2018-separate estate body-kallalite green metallic-c-class s205 est-45-angle-front-view.webp,3eab893af5f8953da5c368662a49d8625fecec303caefbc405f7a735dce9c7e9,sorted by class name ('c-class')
mercedes-benz-c-class-s205-estate-estate-2014–2018-separate estate body-kallalite green metallic-c-class s205 est-back-view.webp,C-Class\mercedes-benz-c-class-s205-estate-estate-2014–2018-separate estate body-kallalite green metallic-c-class s205 est-back-view.webp,_Remaining\Not Matched\mercedes-benz-c-class-s205-estate-estate-2014–2018-separate estate body-kallalite green metallic-c-class s205 est-back-view.webp,7efc36ac167a7443c504ad324d4d29d343a0c705373171b7668ea1dffd557116,sorted by class name ('c-class')
mercedes-benz-c-class-s205-estate-estate-2014–2018-separate estate body-kallalite green metallic-c-class s205 est-flat-side-view.webp,C-Class\mercedes-benz-c-class-s205-estate-estate-2014–2018-separate estate body-kallalite green metallic-c-class s205 est-flat-side-view.webp,_Remaining\Not Matched\mercedes-benz-c-class-s205-estate-estate-2014–2018-separate estate body-kallalite green metallic-c-class s205 est-flat-side-view.webp,9f6b97c99999ca4de9adc702c242cbe0d3a4e6b770b46e8eb260c7b3fe48b40e,sorted by class name ('c-class')
mercedes-benz-c-class-s205-estate-estate-2014–2018-separate estate body-kallalite green metallic-c-class s205 est-front-view.webp,C-Class\mercedes-benz-c-class-s205-estate-estate-2014–2018-separate estate body-kallalite green metallic-c-class s205 est-front-view.webp,_Remaining\Not Matched\mercedes-benz-c-class-s205-estate-estate-2014–2018-separate estate body-kallalite green metallic-c-class s205 est-front-view.webp,31fe260288305e4fdaa560d63d1c7701114f286405fd0a453428e2243e8ad0b1,sorted by class name ('c-class')
mercedes-benz-c-class-s206-c43 amg estate-performance estate-2022–-amg exterior-designo hyacinth red metallic-c-class s206 c43 amg est-45-angle-front-view.webp,C-Class\mercedes-benz-c-class-s206-c43 amg estate-performance estate-2022–-amg exterior-designo hyacinth red metallic-c-class s206 c43 amg est-45-angle-front-view.webp,_Remaining\Not Matched\mercedes-benz-c-class-s206-c43 amg estate-performance estate-2022–-amg exterior-designo hyacinth red metallic-c-class s206 c43 amg est-45-angle-front-view.webp,ce5d07846792b4292d918de8ebd4f3e3b1e012209b48328ee57ad6210553ca66,sorted by class name ('c-class')
mercedes-benz-c-class-s206-c43 amg estate-performance estate-2022–-amg exterior-designo hyacinth red metallic-c-class s206 c43 amg est-back-view.webp,C-Class\mercedes-benz-c-class-s206-c43 amg estate-performance estate-2022–-amg exterior-designo hyacinth red metallic-c-class s206 c43 amg est-back-view.webp,_Remaining\Not Matched\mercedes-benz-c-class-s206-c43 amg estate-performance estate-2022–-amg exterior-designo hyacinth red metallic-c-class s206 c43 amg est-back-view.webp,374562fa213b7b3fec1d11c0a238447054f63e22061da576f786937c813d348f,sorted by class name ('c-class')
mercedes-benz-c-class-s206-c43 amg estate-performance estate-2022–-amg exterior-designo hyacinth red metallic-c-class s206 c43 amg est-flat-side-view.webp,C-Class\mercedes-benz-c-class-s206-c43 amg estate-performance estate-2022–-amg exterior-designo hyacinth red metallic-c-class s206 c43 amg est-flat-side-view.webp,_Remaining\Not Matched\mercedes-benz-c-class-s206-c43 amg estate-performance estate-2022–-amg exterior-designo hyacinth red metallic-c-class s206 c43 amg est-flat-side-view.webp,93712eed7256c4ea91a877007bd19c8b5cf726885c3a17910cefad0b3c215a28,sorted by class name ('c-class')
mercedes-benz-c-class-s206-c43 amg estate-performance estate-2022–-amg exterior-designo hyacinth red metallic-c-class s206 c43 amg est-front-view.webp,C-Class\mercedes-benz-c-class-s206-c43 amg estate-performance estate-2022–-amg exterior-designo hyacinth red metallic-c-class s206 c43 amg est-front-view.webp,_Remaining\Not Matched\mercedes-benz-c-class-s206-c43 amg estate-performance estate-2022–-amg exterior-designo hyacinth red metallic-c-class s206 c43 amg est-front-view.webp,964e15c588600ed114c9a8bbfedde81b09281adfeaddc44d42fa2c46e78d2862,sorted by class name ('c-class')
mercedes-benz-c-class-s206-estate-estate-2021–-separate estate-calcite white-c-class s206 est-45-angle-front-view.webp,C-Class\mercedes-benz-c-class-s206-estate-estate-2021–-separate estate-calcite white-c-class s206 est-45-angle-front-view.webp,_Remaining\Not Matched\mercedes-benz-c-class-s206-estate-estate-2021–-separate estate-calcite white-c-class s206 est-45-angle-front-view.webp,f1a5952a3694a04c0743d3ede1083973f0dd534e1900d58d1d277553de56e2dd,sorted by class name ('c-class')
mercedes-benz-c-class-s206-estate-estate-2021–-separate estate-calcite white-c-class s206 est-back-view.webp,C-Class\mercedes-benz-c-class-s206-estate-estate-2021–-separate estate-calcite white-c-class s206 est-back-view.webp,_Remaining\Not Matched\mercedes-benz-c-class-s206-estate-estate-2021–-separate estate-calcite white-c-class s206 est-back-view.webp,0514b09d6a085a4e156d1eda356c6373877c75845a98cb6e65b2b7c7ea0d7da3,sorted by class name ('c-class')
mercedes-benz-c-class-s206-estate-estate-2021–-separate estate-calcite white-c-class s206 est-flat-side-view.webp,C-Class\mercedes-benz-c-class-s206-estate-estate-2021–-separate estate-calcite white-c-class s206 est-flat-side-view.webp,_Remaining\Not Matched\mercedes-benz-c-class-s206-estate-estate-2021–-separate estate-calcite white-c-class s206 est-flat-side-view.webp,fcc9d9c6d05b66b1dee15237bde5cca52246619496e6c894f934f55a08e61c65,sorted by class name ('c-class')
mercedes-benz-c-class-s206-estate-estate-2021–-separate estate-calcite white-c-class s206 est-front-view.webp,C-Class\mercedes-benz-c-class-s206-estate-estate-2021–-separate estate-calcite white-c-class s206 est-front-view.webp,_Remaining\Not Matched\mercedes-benz-c-class-s206-estate-estate-2021–-separate estate-calcite white-c-class s206 est-front-view.webp,b903b44af321b5ca99f7bf6803753df0457138b08855a803eafc64654631a205,sorted by class name ('c-class')
mercedes-benz-c-class-w201-190 190e-saloon-1982–1993-direct predecessor; iconic baby-benz design-moonlight silver metallic-c-class w201 190 190e-45-angle-front-view.webp,C-Class\mercedes-benz-c-class-w201-190 190e-saloon-1982–1993-direct predecessor; iconic baby-benz design-moonlight silver metallic-c-class w201 190 190e-45-angle-front-view.webp,_Remaining\Not Matched\mercedes-benz-c-class-w201-190 190e-saloon-1982–1993-direct predecessor; iconic baby-benz design-moonlight silver metallic-c-class w201 190 190e-45-angle-front-view.webp,3dae6617ec40d762672f41d9d331ae08f12bcc780144ff092308b7261abbc496,sorted by class name ('c-class')
mercedes-benz-c-class-w201-190 190e-saloon-1982–1993-direct predecessor; iconic baby-benz design-moonlight silver metallic-c-class w201 190 190e-back-view.webp,C-Class\mercedes-benz-c-class-w201-190 190e-saloon-1982–1993-direct predecessor; iconic baby-benz design-moonlight silver metallic-c-class w201 190 190e-back-view.webp,_Remaining\Not Matched\mercedes-benz-c-class-w201-190 190e-saloon-1982–1993-direct predecessor; iconic baby-benz design-moonlight silver metallic-c-class w201 190 190e-back-view.webp,fcab21788cbf18c41a0ea2df76750ac48ffcf7e46b707e3737ae444d106ba151,sorted by class name ('c-class')
mercedes-benz-c-class-w201-190 190e-saloon-1982–1993-direct predecessor; iconic baby-benz design-moonlight silver metallic-c-class w201 190 190e-flat-side-view.webp,C-Class\mercedes-benz-c-class-w201-190 190e-saloon-1982–1993-direct predecessor; iconic baby-benz design-moonlight silver metallic-c-class w201 190 190e-flat-side-view.webp,_Remaining\Not Matched\mercedes-benz-c-class-w201-190 190e-saloon-1982–1993-direct predecessor; iconic baby-benz design-moonlight silver metallic-c-class w201 190 190e-flat-side-view.webp,1c86e3c46820e350807c7ddad82bf5d2606b0641c13bb1531b79b3275fc76dc7,sorted by class name ('c-class')
mercedes-benz-c-class-w201-190 190e-saloon-1982–1993-direct predecessor; iconic baby-benz design-moonlight silver metallic-c-class w201 190 190e-front-view.webp,C-Class\mercedes-benz-c-class-w201-190 190e-saloon-1982–1993-direct predecessor; iconic baby-benz design-moonlight silver metallic-c-class w201 190 190e-front-view.webp,_Remaining\Not Matched\mercedes-benz-c-class-w201-190 190e-saloon-1982–1993-direct predecessor; iconic baby-benz design-moonlight silver metallic-c-class w201 190 190e-front-view.webp,1adb1d0d27f4fe66b22e90e5b41ca43828972321ae4a06f893bcf5baa1b49acf,sorted by class name ('c-class')
mercedes-benz-c-class-w201-190e 2.3-16-performance saloon-1984–1988-distinct sports body-horizon blue metallic-c-class w201 190e 23-16-45-angle-front-view.webp,C-Class\mercedes-benz-c-class-w201-190e 2.3-16-performance saloon-1984–1988-distinct sports body-horizon blue metallic-c-class w201 190e 23-16-45-angle-front-view.webp,_Remaining\Not Matched\mercedes-benz-c-class-w201-190e 2.3-16-performance saloon-1984–1988-distinct sports body-horizon blue metallic-c-class w201 190e 23-16-45-angle-front-view.webp,e77d77df497615c6f3e3201d84419e8c9e9530746a2a989bb3107d40cb201c31,sorted by class name ('c-class')
mercedes-benz-c-class-w201-190e 2.3-16-performance saloon-1984–1988-distinct sports body-horizon blue metallic-c-class w201 190e 23-16-back-view.webp,C-Class\mercedes-benz-c-class-w201-190e 2.3-16-performance saloon-1984–1988-distinct sports body-horizon blue metallic-c-class w201 190e 23-16-back-view.webp,_Remaining\Not Matched\mercedes-benz-c-class-w201-190e 2.3-16-performance saloon-1984–1988-distinct sports body-horizon blue metallic-c-class w201 190e 23-16-back-view.webp,4e6de0df14c473c05beb8f1b15684dd131ddb7b9ea9ad5d21bc5cfdd6f7ae67c,sorted by class name ('c-class')
mercedes-benz-c-class-w201-190e 2.3-16-performance saloon-1984–1988-distinct sports body-horizon blue metallic-c-class w201 190e 23-16-flat-side-view.webp,C-Class\mercedes-benz-c-class-w201-190e 2.3-16-performance saloon-1984–1988-distinct sports body-horizon blue metallic-c-class w201 190e 23-16-flat-side-view.webp,_Remaining\Not Matched\mercedes-benz-c-class-w201-190e 2.3-16-performance saloon-1984–1988-distinct sports body-horizon blue metallic-c-class w201 190e 23-16-flat-side-view.webp,af6017b1adf75c6b3bac94ebdf891d30961c9786ca6748fa00d75411b0fe6972,sorted by class name ('c-class')
mercedes-benz-c-class-w201-190e 2.3-16-performance saloon-1984–1988-distinct sports body-horizon blue metallic-c-class w201 190e 23-16-front-view.webp,C-Class\mercedes-benz-c-class-w201-190e 2.3-16-performance saloon-1984–1988-distinct sports body-horizon blue metallic-c-class w201 190e 23-16-front-view.webp,_Remaining\Not Matched\mercedes-benz-c-class-w201-190e 2.3-16-performance saloon-1984–1988-distinct sports body-horizon blue metallic-c-class w201 190e 23-16-front-view.webp,311fab578b5493d4ef4df393f9e1db427c77eae1afe11265744194b356683795,sorted by class name ('c-class')
mercedes-benz-c-class-w201-190e 2.5-16 evolution ii-performance saloon-1990-special-glut red-c-class w201 190e 25-16 evolut-45-angle-front-view.webp,C-Class\mercedes-benz-c-class-w201-190e 2.5-16 evolution ii-performance saloon-1990-special-glut red-c-class w201 190e 25-16 evolut-45-angle-front-view.webp,_Remaining\Not Matched\mercedes-benz-c-class-w201-190e 2.5-16 evolution ii-performance saloon-1990-special-glut red-c-class w201 190e 25-16 evolut-45-angle-front-view.webp,d23f67fbf161a940cd0677ab19c02720ae1136ceb2d8999a6fd0ee0bc2973b78,sorted by class name ('c-class')
mercedes-benz-c-class-w201-190e 2.5-16 evolution ii-performance saloon-1990-special-glut red-c-class w201 190e 25-16 evolut-back-view.webp,C-Class\mercedes-benz-c-class-w201-190e 2.5-16 evolution ii-performance saloon-1990-special-glut red-c-class w201 190e 25-16 evolut-back-view.webp,_Remaining\Not Matched\mercedes-benz-c-class-w201-190e 2.5-16 evolution ii-performance saloon-1990-special-glut red-c-class w201 190e 25-16 evolut-back-view.webp,51d177ac85c538e44f9c9e38820e79cf36fe8c9cfd19b1f7818f41fff567bd25,sorted by class name ('c-class')
mercedes-benz-c-class-w201-190e 2.5-16 evolution ii-performance saloon-1990-special-glut red-c-class w201 190e 25-16 evolut-flat-side-view.webp,C-Class\mercedes-benz-c-class-w201-190e 2.5-16 evolution ii-performance saloon-1990-special-glut red-c-class w201 190e 25-16 evolut-flat-side-view.webp,_Remaining\Not Matched\mercedes-benz-c-class-w201-190e 2.5-16 evolution ii-performance saloon-1990-special-glut red-c-class w201 190e 25-16 evolut-flat-side-view.webp,5a0801117ddc217a1d1b0b8cad9599268d98d891d6ce059d783e6e400cd2ec33,sorted by class name ('c-class')
mercedes-benz-c-class-w201-190e 2.5-16 evolution ii-performance saloon-1990-special-glut red-c-class w201 190e 25-16 evolut-front-view.webp,C-Class\mercedes-benz-c-class-w201-190e 2.5-16 evolution ii-performance saloon-1990-special-glut red-c-class w201 190e 25-16 evolut-front-view.webp,_Remaining\Not Matched\mercedes-benz-c-class-w201-190e 2.5-16 evolution ii-performance saloon-1990-special-glut red-c-class w201 190e 25-16 evolut-front-view.webp,81432600db4b6554c5224995b472c1e5da6791e8ce0e52d9394036c8e1b215be,sorted by class name ('c-class')
mercedes-benz-c-class-w202-c36 amg-performance saloon-1993–1997-amg body and stance-brilliant blue metallic-c-class w202 c36 amg-45-angle-front-view.webp,C-Class\mercedes-benz-c-class-w202-c36 amg-performance saloon-1993–1997-amg body and stance-brilliant blue metallic-c-class w202 c36 amg-45-angle-front-view.webp,_Remaining\Not Matched\mercedes-benz-c-class-w202-c36 amg-performance saloon-1993–1997-amg body and stance-brilliant blue metallic-c-class w202 c36 amg-45-angle-front-view.webp,201db066f9ec1777810ff7d13efc8788a0f4700c45cb08e70547bddbb2b6f5b7,sorted by class name ('c-class')
mercedes-benz-c-class-w202-c36 amg-performance saloon-1993–1997-amg body and stance-brilliant blue metallic-c-class w202 c36 amg-back-view.webp,C-Class\mercedes-benz-c-class-w202-c36 amg-performance saloon-1993–1997-amg body and stance-brilliant blue metallic-c-class w202 c36 amg-back-view.webp,_Remaining\Not Matched\mercedes-benz-c-class-w202-c36 amg-performance saloon-1993–1997-amg body and stance-brilliant blue metallic-c-class w202 c36 amg-back-view.webp,839e55fa07d893bb205044662ecf522cac32c3b00b976fd365965ba636b429a9,sorted by class name ('c-class')
mercedes-benz-c-class-w202-c36 amg-performance saloon-1993–1997-amg body and stance-brilliant blue metallic-c-class w202 c36 amg-flat-side-view.webp,C-Class\mercedes-benz-c-class-w202-c36 amg-performance saloon-1993–1997-amg body and stance-brilliant blue metallic-c-class w202 c36 amg-flat-side-view.webp,_Remaining\Not Matched\mercedes-benz-c-class-w202-c36 amg-performance saloon-1993–1997-amg body and stance-brilliant blue metallic-c-class w202 c36 amg-flat-side-view.webp,ac43e374b934486d3640b264299501bd0de06c006863684b02c1eca6c1e610e2,sorted by class name ('c-class')
mercedes-benz-c-class-w202-c36 amg-performance saloon-1993–1997-amg body and stance-brilliant blue metallic-c-class w202 c36 amg-front-view.webp,C-Class\mercedes-benz-c-class-w202-c36 amg-performance saloon-1993–1997-amg body and stance-brilliant blue metallic-c-class w202 c36 amg-front-view.webp,_Remaining\Not Matched\mercedes-benz-c-class-w202-c36 amg-performance saloon-1993–1997-amg body and stance-brilliant blue metallic-c-class w202 c36 amg-front-view.webp,71ec574c8d026086d5c07c638401a097315065677c1ed72f2fbf3c6a7774195e,sorted by class name ('c-class')
mercedes-benz-c-class-w202-c43 amg-performance saloon-1997–2000-amg-specific exterior-designo hyacinth red metallic-c-class w202 c43 amg-45-angle-front-view.webp,C-Class\mercedes-benz-c-class-w202-c43 amg-performance saloon-1997–2000-amg-specific exterior-designo hyacinth red metallic-c-class w202 c43 amg-45-angle-front-view.webp,_Remaining\Not Matched\mercedes-benz-c-class-w202-c43 amg-performance saloon-1997–2000-amg-specific exterior-designo hyacinth red metallic-c-class w202 c43 amg-45-angle-front-view.webp,aff67e3d96bde2e264e04cc4b455c1c40cc66dbea9cc0c42e39871053b3651de,sorted by class name ('c-class')
mercedes-benz-c-class-w202-c43 amg-performance saloon-1997–2000-amg-specific exterior-designo hyacinth red metallic-c-class w202 c43 amg-back-view.webp,C-Class\mercedes-benz-c-class-w202-c43 amg-performance saloon-1997–2000-amg-specific exterior-designo hyacinth red metallic-c-class w202 c43 amg-back-view.webp,_Remaining\Not Matched\mercedes-benz-c-class-w202-c43 amg-performance saloon-1997–2000-amg-specific exterior-designo hyacinth red metallic-c-class w202 c43 amg-back-view.webp,e98b909186b429a92f1ae4ea0d377f7aaf2fbfecf4efc801e347fd8b237ec833,sorted by class name ('c-class')
mercedes-benz-c-class-w202-c43 amg-performance saloon-1997–2000-amg-specific exterior-designo hyacinth red metallic-c-class w202 c43 amg-flat-side-view.webp,C-Class\mercedes-benz-c-class-w202-c43 amg-performance saloon-1997–2000-amg-specific exterior-designo hyacinth red metallic-c-class w202 c43 amg-flat-side-view.webp,_Remaining\Not Matched\mercedes-benz-c-class-w202-c43 amg-performance saloon-1997–2000-amg-specific exterior-designo hyacinth red metallic-c-class w202 c43 amg-flat-side-view.webp,aa503daedf5da151321cd84636077b56b1ecc7fba5cd4bc0b5c2998a2acab8dd,sorted by class name ('c-class')
mercedes-benz-c-class-w202-c43 amg-performance saloon-1997–2000-amg-specific exterior-designo hyacinth red metallic-c-class w202 c43 amg-front-view.webp,C-Class\mercedes-benz-c-class-w202-c43 amg-performance saloon-1997–2000-amg-specific exterior-designo hyacinth red metallic-c-class w202 c43 amg-front-view.webp,_Remaining\Not Matched\mercedes-benz-c-class-w202-c43 amg-performance saloon-1997–2000-amg-specific exterior-designo hyacinth red metallic-c-class w202 c43 amg-front-view.webp,f15e531ca006912a271cb4c5d09c9840f36ab318853f3f69c1282baac99cfbdd,sorted by class name ('c-class')
mercedes-benz-c-class-w202-facelift-saloon-1997–2000-front rear lamp revision-polar white-c-class w202 fl-45-angle-front-view.webp,C-Class\mercedes-benz-c-class-w202-facelift-saloon-1997–2000-front rear lamp revision-polar white-c-class w202 fl-45-angle-front-view.webp,_Remaining\Not Matched\mercedes-benz-c-class-w202-facelift-saloon-1997–2000-front rear lamp revision-polar white-c-class w202 fl-45-angle-front-view.webp,8c41b0a6ffbe6b0f7db6f16d0bd0e071bef4bc1359785a319b6c8ff5f747a405,sorted by class name ('c-class')
mercedes-benz-c-class-w202-facelift-saloon-1997–2000-front rear lamp revision-polar white-c-class w202 fl-back-view.webp,C-Class\mercedes-benz-c-class-w202-facelift-saloon-1997–2000-front rear lamp revision-polar white-c-class w202 fl-back-view.webp,_Remaining\Not Matched\mercedes-benz-c-class-w202-facelift-saloon-1997–2000-front rear lamp revision-polar white-c-class w202 fl-back-view.webp,4a1a9c626e775abc96792d6ab403e4a1339b3484c2a5e78fd62ce5dac289547d,sorted by class name ('c-class')
mercedes-benz-c-class-w202-facelift-saloon-1997–2000-front rear lamp revision-polar white-c-class w202 fl-flat-side-view.webp,C-Class\mercedes-benz-c-class-w202-facelift-saloon-1997–2000-front rear lamp revision-polar white-c-class w202 fl-flat-side-view.webp,_Remaining\Not Matched\mercedes-benz-c-class-w202-facelift-saloon-1997–2000-front rear lamp revision-polar white-c-class w202 fl-flat-side-view.webp,ee1bbec7d33fe795d2193f65a5c82462a670c2f3717c9ac8083224eae6b67bd6,sorted by class name ('c-class')
mercedes-benz-c-class-w202-facelift-saloon-1997–2000-front rear lamp revision-polar white-c-class w202 fl-front-view.webp,C-Class\mercedes-benz-c-class-w202-facelift-saloon-1997–2000-front rear lamp revision-polar white-c-class w202 fl-front-view.webp,_Remaining\Not Matched\mercedes-benz-c-class-w202-facelift-saloon-1997–2000-front rear lamp revision-polar white-c-class w202 fl-front-view.webp,0d5c06f8b88d7332a54b917ea097729f29e4ee525b03ca939f0907dc79f403f0,sorted by class name ('c-class')
mercedes-benz-c-class-w202-standard-saloon-1993–1997-first c-class generation-black-c-class w202-45-angle-front-view.webp,C-Class\mercedes-benz-c-class-w202-standard-saloon-1993–1997-first c-class generation-black-c-class w202-45-angle-front-view.webp,_Remaining\Not Matched\mercedes-benz-c-class-w202-standard-saloon-1993–1997-first c-class generation-black-c-class w202-45-angle-front-view.webp,c928b9d23053bc832c7bf45865599d7bbb16c23baa07fe3e269fa83045d6300a,sorted by class name ('c-class')
mercedes-benz-c-class-w202-standard-saloon-1993–1997-first c-class generation-black-c-class w202-back-view.webp,C-Class\mercedes-benz-c-class-w202-standard-saloon-1993–1997-first c-class generation-black-c-class w202-back-view.webp,_Remaining\Not Matched\mercedes-benz-c-class-w202-standard-saloon-1993–1997-first c-class generation-black-c-class w202-back-view.webp,f0de5a81b92fc2ba6ba8beece3b85879e3a111dd92167975099c81353b56625b,sorted by class name ('c-class')
mercedes-benz-c-class-w202-standard-saloon-1993–1997-first c-class generation-black-c-class w202-flat-side-view.webp,C-Class\mercedes-benz-c-class-w202-standard-saloon-1993–1997-first c-class generation-black-c-class w202-flat-side-view.webp,_Remaining\Not Matched\mercedes-benz-c-class-w202-standard-saloon-1993–1997-first c-class generation-black-c-class w202-flat-side-view.webp,8097f2122db59931b2bb76df19615900d680c71155e8c16cfc892b24f9991590,sorted by class name ('c-class')
mercedes-benz-c-class-w202-standard-saloon-1993–1997-first c-class generation-black-c-class w202-front-view.webp,C-Class\mercedes-benz-c-class-w202-standard-saloon-1993–1997-first c-class generation-black-c-class w202-front-view.webp,_Remaining\Not Matched\mercedes-benz-c-class-w202-standard-saloon-1993–1997-first c-class generation-black-c-class w202-front-view.webp,865886d695a57953da2cc3bae650fbb44cc42eefff5587d3ee37ca8c630df9b8,sorted by class name ('c-class')
mercedes-benz-c-class-w203-c32 amg-performance saloon-2001–2004-amg exterior-obsidian black metallic-c-class w203 c32 amg-45-angle-front-view.webp,C-Class\mercedes-benz-c-class-w203-c32 amg-performance saloon-2001–2004-amg exterior-obsidian black metallic-c-class w203 c32 amg-45-angle-front-view.webp,_Remaining\Not Matched\mercedes-benz-c-class-w203-c32 amg-performance saloon-2001–2004-amg exterior-obsidian black metallic-c-class w203 c32 amg-45-angle-front-view.webp,03c2aa93a291b8e5d0889e51b847a0e839c9f14c6b455bcb614af13217bf8d94,sorted by class name ('c-class')
mercedes-benz-c-class-w203-c32 amg-performance saloon-2001–2004-amg exterior-obsidian black metallic-c-class w203 c32 amg-back-view.webp,C-Class\mercedes-benz-c-class-w203-c32 amg-performance saloon-2001–2004-amg exterior-obsidian black metallic-c-class w203 c32 amg-back-view.webp,_Remaining\Not Matched\mercedes-benz-c-class-w203-c32 amg-performance saloon-2001–2004-amg exterior-obsidian black metallic-c-class w203 c32 amg-back-view.webp,832f9b7ac609ed5ee35f63fcd8a2dde8157ddbd7a735ac27ed9af3311ab257e1,sorted by class name ('c-class')
mercedes-benz-c-class-w203-c32 amg-performance saloon-2001–2004-amg exterior-obsidian black metallic-c-class w203 c32 amg-flat-side-view.webp,C-Class\mercedes-benz-c-class-w203-c32 amg-performance saloon-2001–2004-amg exterior-obsidian black metallic-c-class w203 c32 amg-flat-side-view.webp,_Remaining\Not Matched\mercedes-benz-c-class-w203-c32 amg-performance saloon-2001–2004-amg exterior-obsidian black metallic-c-class w203 c32 amg-flat-side-view.webp,a6ad73eb0f22cf65fde8d0a21419cb16d6713790e4bbbfcdf71fd15b6636ef07,sorted by class name ('c-class')
mercedes-benz-c-class-w203-c32 amg-performance saloon-2001–2004-amg exterior-obsidian black metallic-c-class w203 c32 amg-front-view.webp,C-Class\mercedes-benz-c-class-w203-c32 amg-performance saloon-2001–2004-amg exterior-obsidian black metallic-c-class w203 c32 amg-front-view.webp,_Remaining\Not Matched\mercedes-benz-c-class-w203-c32 amg-performance saloon-2001–2004-amg exterior-obsidian black metallic-c-class w203 c32 amg-front-view.webp,e776bafda1bb19edb8d631f043717c2124cb30a5a637afbd4751ac37603e0d91,sorted by class name ('c-class')
mercedes-benz-c-class-w203-c55 amg-performance saloon-2004–2007-amg facelift body-spectral blue metallic-c-class w203 c55 amg-45-angle-front-view.webp,C-Class\mercedes-benz-c-class-w203-c55 amg-performance saloon-2004–2007-amg facelift body-spectral blue metallic-c-class w203 c55 amg-45-angle-front-view.webp,_Remaining\Not Matched\mercedes-benz-c-class-w203-c55 amg-performance saloon-2004–2007-amg facelift body-spectral blue metallic-c-class w203 c55 amg-45-angle-front-view.webp,673a9d85fa946da62ceccb08430d8b0db04349a21ecedbfa15fc0a6734752926,sorted by class name ('c-class')
mercedes-benz-c-class-w203-c55 amg-performance saloon-2004–2007-amg facelift body-spectral blue metallic-c-class w203 c55 amg-back-view.webp,C-Class\mercedes-benz-c-class-w203-c55 amg-performance saloon-2004–2007-amg facelift body-spectral blue metallic-c-class w203 c55 amg-back-view.webp,_Remaining\Not Matched\mercedes-benz-c-class-w203-c55 amg-performance saloon-2004–2007-amg facelift body-spectral blue metallic-c-class w203 c55 amg-back-view.webp,6d39a2b4b5c11c64a6da0afd0d71ec3016896ef554b9b9751d08e64e8f9ce533,sorted by class name ('c-class')
mercedes-benz-c-class-w203-c55 amg-performance saloon-2004–2007-amg facelift body-spectral blue metallic-c-class w203 c55 amg-flat-side-view.webp,C-Class\mercedes-benz-c-class-w203-c55 amg-performance saloon-2004–2007-amg facelift body-spectral blue metallic-c-class w203 c55 amg-flat-side-view.webp,_Remaining\Not Matched\mercedes-benz-c-class-w203-c55 amg-performance saloon-2004–2007-amg facelift body-spectral blue metallic-c-class w203 c55 amg-flat-side-view.webp,b3634596a1d12dca6cb94f63818517ca936bbeca32fb10f5f620a4635cf13960,sorted by class name ('c-class')
mercedes-benz-c-class-w203-c55 amg-performance saloon-2004–2007-amg facelift body-spectral blue metallic-c-class w203 c55 amg-front-view.webp,C-Class\mercedes-benz-c-class-w203-c55 amg-performance saloon-2004–2007-amg facelift body-spectral blue metallic-c-class w203 c55 amg-front-view.webp,_Remaining\Not Matched\mercedes-benz-c-class-w203-c55 amg-performance saloon-2004–2007-amg facelift body-spectral blue metallic-c-class w203 c55 amg-front-view.webp,4e0ab54e077a96c5d9e1ccd39d8623dc42950891e4f46f5e64bddc69570b032d,sorted by class name ('c-class')
mercedes-benz-c-class-w203-facelift-saloon-2004–2007-major facelift-brilliant silver metallic-c-class w203 fl-45-angle-front-view.webp,C-Class\mercedes-benz-c-class-w203-facelift-saloon-2004–2007-major facelift-brilliant silver metallic-c-class w203 fl-45-angle-front-view.webp,_Remaining\Not Matched\mercedes-benz-c-class-w203-facelift-saloon-2004–2007-major facelift-brilliant silver metallic-c-class w203 fl-45-angle-front-view.webp,547c2ff6f6215d8b120b656f30c15dd777a656a67974678113741207fadc5790,sorted by class name ('c-class')
mercedes-benz-c-class-w203-facelift-saloon-2004–2007-major facelift-brilliant silver metallic-c-class w203 fl-back-view.webp,C-Class\mercedes-benz-c-class-w203-facelift-saloon-2004–2007-major facelift-brilliant silver metallic-c-class w203 fl-back-view.webp,_Remaining\Not Matched\mercedes-benz-c-class-w203-facelift-saloon-2004–2007-major facelift-brilliant silver metallic-c-class w203 fl-back-view.webp,573c6e6b74f337f51668cfde4c5141b38852ecc6f45d6d2a173ef1fe919eb3ea,sorted by class name ('c-class')
mercedes-benz-c-class-w203-facelift-saloon-2004–2007-major facelift-brilliant silver metallic-c-class w203 fl-flat-side-view.webp,C-Class\mercedes-benz-c-class-w203-facelift-saloon-2004–2007-major facelift-brilliant silver metallic-c-class w203 fl-flat-side-view.webp,_Remaining\Not Matched\mercedes-benz-c-class-w203-facelift-saloon-2004–2007-major facelift-brilliant silver metallic-c-class w203 fl-flat-side-view.webp,a82fd6fe4cadf2be9095193aee240844bf4bbfd70d1b20e5c68ba836ed638e1d,sorted by class name ('c-class')
mercedes-benz-c-class-w203-facelift-saloon-2004–2007-major facelift-brilliant silver metallic-c-class w203 fl-front-view.webp,C-Class\mercedes-benz-c-class-w203-facelift-saloon-2004–2007-major facelift-brilliant silver metallic-c-class w203 fl-front-view.webp,_Remaining\Not Matched\mercedes-benz-c-class-w203-facelift-saloon-2004–2007-major facelift-brilliant silver metallic-c-class w203 fl-front-view.webp,92297018a44a3c6eda0eb8d7f4008ba70c4790b419e1dc3f61ea4804617f332e,sorted by class name ('c-class')
mercedes-benz-c-class-w203-standard-saloon-2000–2004-new-generation exterior-aragonite blue metallic-c-class w203-45-angle-front-view.webp,C-Class\mercedes-benz-c-class-w203-standard-saloon-2000–2004-new-generation exterior-aragonite blue metallic-c-class w203-45-angle-front-view.webp,_Remaining\Not Matched\mercedes-benz-c-class-w203-standard-saloon-2000–2004-new-generation exterior-aragonite blue metallic-c-class w203-45-angle-front-view.webp,5a6dd64ab590210528df7771fb90ba5cd4e3cc8310a1f75e2eb9d8ab0e1c9684,sorted by class name ('c-class')
mercedes-benz-c-class-w203-standard-saloon-2000–2004-new-generation exterior-aragonite blue metallic-c-class w203-back-view.webp,C-Class\mercedes-benz-c-class-w203-standard-saloon-2000–2004-new-generation exterior-aragonite blue metallic-c-class w203-back-view.webp,_Remaining\Not Matched\mercedes-benz-c-class-w203-standard-saloon-2000–2004-new-generation exterior-aragonite blue metallic-c-class w203-back-view.webp,b95f5b4c43ee49078e538b63c967a9780262ce6116c397b4237fb49c0c2112fd,sorted by class name ('c-class')
mercedes-benz-c-class-w203-standard-saloon-2000–2004-new-generation exterior-aragonite blue metallic-c-class w203-flat-side-view.webp,C-Class\mercedes-benz-c-class-w203-standard-saloon-2000–2004-new-generation exterior-aragonite blue metallic-c-class w203-flat-side-view.webp,_Remaining\Not Matched\mercedes-benz-c-class-w203-standard-saloon-2000–2004-new-generation exterior-aragonite blue metallic-c-class w203-flat-side-view.webp,3bdd520dbfb98d468e2afc1d90d5f6d847b47101596da541b98b457a9752d180,sorted by class name ('c-class')
mercedes-benz-c-class-w203-standard-saloon-2000–2004-new-generation exterior-aragonite blue metallic-c-class w203-front-view.webp,C-Class\mercedes-benz-c-class-w203-standard-saloon-2000–2004-new-generation exterior-aragonite blue metallic-c-class w203-front-view.webp,_Remaining\Not Matched\mercedes-benz-c-class-w203-standard-saloon-2000–2004-new-generation exterior-aragonite blue metallic-c-class w203-front-view.webp,84939a24883c3492b1b2b04efd40012cfa95a833e061a22dc354c754277e0626,sorted by class name ('c-class')
mercedes-benz-c-class-w205 lci-c43 amg-performance saloon-2018–2021-facelifted amg-high-tech silver metallic-c-class w205 lci c43 amg-45-angle-front-view.webp,C-Class\mercedes-benz-c-class-w205 lci-c43 amg-performance saloon-2018–2021-facelifted amg-high-tech silver metallic-c-class w205 lci c43 amg-45-angle-front-view.webp,_Remaining\Not Matched\mercedes-benz-c-class-w205 lci-c43 amg-performance saloon-2018–2021-facelifted amg-high-tech silver metallic-c-class w205 lci c43 amg-45-angle-front-view.webp,01741af1702603e38d588de738132324c2fbdcd317b912b5bd8750a2160eba0d,sorted by class name ('c-class')
mercedes-benz-c-class-w205 lci-c43 amg-performance saloon-2018–2021-facelifted amg-high-tech silver metallic-c-class w205 lci c43 amg-back-view.webp,C-Class\mercedes-benz-c-class-w205 lci-c43 amg-performance saloon-2018–2021-facelifted amg-high-tech silver metallic-c-class w205 lci c43 amg-back-view.webp,_Remaining\Not Matched\mercedes-benz-c-class-w205 lci-c43 amg-performance saloon-2018–2021-facelifted amg-high-tech silver metallic-c-class w205 lci c43 amg-back-view.webp,bfc2db3a2341088ebd559826d524cfe338253216b1c7c0b91cf5ccd2d04e55a7,sorted by class name ('c-class')
mercedes-benz-c-class-w205 lci-c43 amg-performance saloon-2018–2021-facelifted amg-high-tech silver metallic-c-class w205 lci c43 amg-flat-side-view.webp,C-Class\mercedes-benz-c-class-w205 lci-c43 amg-performance saloon-2018–2021-facelifted amg-high-tech silver metallic-c-class w205 lci c43 amg-flat-side-view.webp,_Remaining\Not Matched\mercedes-benz-c-class-w205 lci-c43 amg-performance saloon-2018–2021-facelifted amg-high-tech silver metallic-c-class w205 lci c43 amg-flat-side-view.webp,b79e2762a1eb1256b5ff46fb1dbbe90256d326ce14d8ab6767c8dd49142084a6,sorted by class name ('c-class')
mercedes-benz-c-class-w205 lci-c43 amg-performance saloon-2018–2021-facelifted amg-high-tech silver metallic-c-class w205 lci c43 amg-front-view.webp,C-Class\mercedes-benz-c-class-w205 lci-c43 amg-performance saloon-2018–2021-facelifted amg-high-tech silver metallic-c-class w205 lci c43 amg-front-view.webp,_Remaining\Not Matched\mercedes-benz-c-class-w205 lci-c43 amg-performance saloon-2018–2021-facelifted amg-high-tech silver metallic-c-class w205 lci c43 amg-front-view.webp,dfedaf852ad53836db1d3ea3a94d5a560177aaf9a9abd140451552d1a5bbffcf,sorted by class name ('c-class')
mercedes-benz-c-class-w205-c43 amg-performance saloon-2016–2018-amg body treatment-amg solarbeam yellow-c-class w205 c43 amg-45-angle-front-view.webp,C-Class\mercedes-benz-c-class-w205-c43 amg-performance saloon-2016–2018-amg body treatment-amg solarbeam yellow-c-class w205 c43 amg-45-angle-front-view.webp,_Remaining\Not Matched\mercedes-benz-c-class-w205-c43 amg-performance saloon-2016–2018-amg body treatment-amg solarbeam yellow-c-class w205 c43 amg-45-angle-front-view.webp,5a0ee42ccc404a3e8aac163bb8950a8936e239bd661e5fb5a94275f4d628d7e2,sorted by class name ('c-class')
mercedes-benz-c-class-w205-c43 amg-performance saloon-2016–2018-amg body treatment-amg solarbeam yellow-c-class w205 c43 amg-back-view.webp,C-Class\mercedes-benz-c-class-w205-c43 amg-performance saloon-2016–2018-amg body treatment-amg solarbeam yellow-c-class w205 c43 amg-back-view.webp,_Remaining\Not Matched\mercedes-benz-c-class-w205-c43 amg-performance saloon-2016–2018-amg body treatment-amg solarbeam yellow-c-class w205 c43 amg-back-view.webp,cc85aefde0db540091717a0305027dce8d76750d672d6fb3ee906963dcb6fcc6,sorted by class name ('c-class')
mercedes-benz-c-class-w205-c43 amg-performance saloon-2016–2018-amg body treatment-amg solarbeam yellow-c-class w205 c43 amg-flat-side-view.webp,C-Class\mercedes-benz-c-class-w205-c43 amg-performance saloon-2016–2018-amg body treatment-amg solarbeam yellow-c-class w205 c43 amg-flat-side-view.webp,_Remaining\Not Matched\mercedes-benz-c-class-w205-c43 amg-performance saloon-2016–2018-amg body treatment-amg solarbeam yellow-c-class w205 c43 amg-flat-side-view.webp,11c19d6378013a6e2a9cab5e54df841f3c736db201318878fe190a0764a05323,sorted by class name ('c-class')
mercedes-benz-c-class-w205-c43 amg-performance saloon-2016–2018-amg body treatment-amg solarbeam yellow-c-class w205 c43 amg-front-view.webp,C-Class\mercedes-benz-c-class-w205-c43 amg-performance saloon-2016–2018-amg body treatment-amg solarbeam yellow-c-class w205 c43 amg-front-view.webp,_Remaining\Not Matched\mercedes-benz-c-class-w205-c43 amg-performance saloon-2016–2018-amg body treatment-amg solarbeam yellow-c-class w205 c43 amg-front-view.webp,da687e30a241c05c93634987f1c65aeb03d6957debd0cfde67e6cac4b3081e63,sorted by class name ('c-class')
mercedes-benz-c-class-w206-c43 amg-performance saloon-2022–-amg exterior-designo hyacinth red metallic-c-class w206 c43 amg-45-angle-front-view.webp,C-Class\mercedes-benz-c-class-w206-c43 amg-performance saloon-2022–-amg exterior-designo hyacinth red metallic-c-class w206 c43 amg-45-angle-front-view.webp,_Remaining\Not Matched\mercedes-benz-c-class-w206-c43 amg-performance saloon-2022–-amg exterior-designo hyacinth red metallic-c-class w206 c43 amg-45-angle-front-view.webp,8f692722bc235a6238ebca3995867ec1e261d91306d137b35fdcd6b07cd47e6b,sorted by class name ('c-class')
mercedes-benz-c-class-w206-c43 amg-performance saloon-2022–-amg exterior-designo hyacinth red metallic-c-class w206 c43 amg-back-view.webp,C-Class\mercedes-benz-c-class-w206-c43 amg-performance saloon-2022–-amg exterior-designo hyacinth red metallic-c-class w206 c43 amg-back-view.webp,_Remaining\Not Matched\mercedes-benz-c-class-w206-c43 amg-performance saloon-2022–-amg exterior-designo hyacinth red metallic-c-class w206 c43 amg-back-view.webp,1e26f14ea87db45960c9f92b52b68127f6eb2479c4043633cbeb95614466fca9,sorted by class name ('c-class')
mercedes-benz-c-class-w206-c43 amg-performance saloon-2022–-amg exterior-designo hyacinth red metallic-c-class w206 c43 amg-flat-side-view.webp,C-Class\mercedes-benz-c-class-w206-c43 amg-performance saloon-2022–-amg exterior-designo hyacinth red metallic-c-class w206 c43 amg-flat-side-view.webp,_Remaining\Not Matched\mercedes-benz-c-class-w206-c43 amg-performance saloon-2022–-amg exterior-designo hyacinth red metallic-c-class w206 c43 amg-flat-side-view.webp,140aa3517551ef3360d5ca630e04151e1138aaec5027fc54a568bfde0c2ecee7,sorted by class name ('c-class')
mercedes-benz-c-class-w206-c43 amg-performance saloon-2022–-amg exterior-designo hyacinth red metallic-c-class w206 c43 amg-front-view.webp,C-Class\mercedes-benz-c-class-w206-c43 amg-performance saloon-2022–-amg exterior-designo hyacinth red metallic-c-class w206 c43 amg-front-view.webp,_Remaining\Not Matched\mercedes-benz-c-class-w206-c43 amg-performance saloon-2022–-amg exterior-designo hyacinth red metallic-c-class w206 c43 amg-front-view.webp,2ae5c9eff8b68dfb2b2674b9f5c4637441fbf51aa83180b5a52583bcc27cd397,sorted by class name ('c-class')
mercedes-benz-cla-c174-electric cla-4-door coupé-2025–-new ev generation body-citrine brown metallic-cla c174 ev cla-45-angle-front-view.webp,CLA\mercedes-benz-cla-c174-electric cla-4-door coupé-2025–-new ev generation body-citrine brown metallic-cla c174 ev cla-45-angle-front-view.webp,_Remaining\Not Matched\mercedes-benz-cla-c174-electric cla-4-door coupé-2025–-new ev generation body-citrine brown metallic-cla c174 ev cla-45-angle-front-view.webp,fb2c51c30f7707de3f4109649d2b1c2b0ebc9c7b06a977ced6d9d11daf839f30,sorted by class name ('cla')
mercedes-benz-cla-c174-electric cla-4-door coupé-2025–-new ev generation body-citrine brown metallic-cla c174 ev cla-back-view.webp,CLA\mercedes-benz-cla-c174-electric cla-4-door coupé-2025–-new ev generation body-citrine brown metallic-cla c174 ev cla-back-view.webp,_Remaining\Not Matched\mercedes-benz-cla-c174-electric cla-4-door coupé-2025–-new ev generation body-citrine brown metallic-cla c174 ev cla-back-view.webp,27b2e6fb2bae090f2afd415cbb68cb31cb9b1c5c5fa1c01ab92305d067abe8f8,sorted by class name ('cla')
mercedes-benz-cla-c174-electric cla-4-door coupé-2025–-new ev generation body-citrine brown metallic-cla c174 ev cla-flat-side-view.webp,CLA\mercedes-benz-cla-c174-electric cla-4-door coupé-2025–-new ev generation body-citrine brown metallic-cla c174 ev cla-flat-side-view.webp,_Remaining\Not Matched\mercedes-benz-cla-c174-electric cla-4-door coupé-2025–-new ev generation body-citrine brown metallic-cla c174 ev cla-flat-side-view.webp,db3fea434d618da921f133b2332f1df664a3fd6a50c2ca8088a32e3e978b5af8,sorted by class name ('cla')
mercedes-benz-cla-c174-electric cla-4-door coupé-2025–-new ev generation body-citrine brown metallic-cla c174 ev cla-front-view.webp,CLA\mercedes-benz-cla-c174-electric cla-4-door coupé-2025–-new ev generation body-citrine brown metallic-cla c174 ev cla-front-view.webp,_Remaining\Not Matched\mercedes-benz-cla-c174-electric cla-4-door coupé-2025–-new ev generation body-citrine brown metallic-cla c174 ev cla-front-view.webp,9826d72b8a4e983c26c073c5050388e51fac444dc8afb990e3bb74861aa4d583,sorted by class name ('cla')
mercedes-benz-cla-x117-cla45 amg shooting brake-performance estate-2015–2019-amg body-designo hyacinth red metallic-cla x117 cla45 amg shooting br-45-angle-front-view.webp,CLA\mercedes-benz-cla-x117-cla45 amg shooting brake-performance estate-2015–2019-amg body-designo hyacinth red metallic-cla x117 cla45 amg shooting br-45-angle-front-view.webp,_Remaining\Not Matched\mercedes-benz-cla-x117-cla45 amg shooting brake-performance estate-2015–2019-amg body-designo hyacinth red metallic-cla x117 cla45 amg shooting br-45-angle-front-view.webp,6306b04c7c002e7ec87ddb45c69fa6c5641528392054b8f28a36f01ceac364f5,sorted by class name ('cla')
mercedes-benz-cla-x117-cla45 amg shooting brake-performance estate-2015–2019-amg body-designo hyacinth red metallic-cla x117 cla45 amg shooting br-back-view.webp,CLA\mercedes-benz-cla-x117-cla45 amg shooting brake-performance estate-2015–2019-amg body-designo hyacinth red metallic-cla x117 cla45 amg shooting br-back-view.webp,_Remaining\Not Matched\mercedes-benz-cla-x117-cla45 amg shooting brake-performance estate-2015–2019-amg body-designo hyacinth red metallic-cla x117 cla45 amg shooting br-back-view.webp,89eea676063224502612f601c3a18a6eaba172d8904eda10f43f54332ede9e1e,sorted by class name ('cla')
mercedes-benz-cla-x117-cla45 amg shooting brake-performance estate-2015–2019-amg body-designo hyacinth red metallic-cla x117 cla45 amg shooting br-flat-side-view.webp,CLA\mercedes-benz-cla-x117-cla45 amg shooting brake-performance estate-2015–2019-amg body-designo hyacinth red metallic-cla x117 cla45 amg shooting br-flat-side-view.webp,_Remaining\Not Matched\mercedes-benz-cla-x117-cla45 amg shooting brake-performance estate-2015–2019-amg body-designo hyacinth red metallic-cla x117 cla45 amg shooting br-flat-side-view.webp,e9d0c5c5310c80ee394f8afd5f51beffa3b510e57bd4b9eedec338f77ef97fd3,sorted by class name ('cla')
mercedes-benz-cla-x117-cla45 amg shooting brake-performance estate-2015–2019-amg body-designo hyacinth red metallic-cla x117 cla45 amg shooting br-front-view.webp,CLA\mercedes-benz-cla-x117-cla45 amg shooting brake-performance estate-2015–2019-amg body-designo hyacinth red metallic-cla x117 cla45 amg shooting br-front-view.webp,_Remaining\Not Matched\mercedes-benz-cla-x117-cla45 amg shooting brake-performance estate-2015–2019-amg body-designo hyacinth red metallic-cla x117 cla45 amg shooting br-front-view.webp,5cf684e180cf62807bfdd846ecc6715b417abf4f2fdbcedf697d1347977c15b3,sorted by class name ('cla')
mercedes-benz-cla-x117-facelift shooting brake-estate coupé-2016–2019-facelift-obsidian black metallic-cla x117 fl shooting brake-45-angle-front-view.webp,CLA\mercedes-benz-cla-x117-facelift shooting brake-estate coupé-2016–2019-facelift-obsidian black metallic-cla x117 fl shooting brake-45-angle-front-view.webp,_Remaining\Not Matched\mercedes-benz-cla-x117-facelift shooting brake-estate coupé-2016–2019-facelift-obsidian black metallic-cla x117 fl shooting brake-45-angle-front-view.webp,485bc8cd9d80a7922c4c0befa076eacd83cf117a277caaed31f2591ec2c7b02a,sorted by class name ('cla')
mercedes-benz-cla-x117-facelift shooting brake-estate coupé-2016–2019-facelift-obsidian black metallic-cla x117 fl shooting brake-back-view.webp,CLA\mercedes-benz-cla-x117-facelift shooting brake-estate coupé-2016–2019-facelift-obsidian black metallic-cla x117 fl shooting brake-back-view.webp,_Remaining\Not Matched\mercedes-benz-cla-x117-facelift shooting brake-estate coupé-2016–2019-facelift-obsidian black metallic-cla x117 fl shooting brake-back-view.webp,4fa581d4b25dd8a89128c15d0d2b33438b1fa216709a3f5ee7d98c32ef0395c2,sorted by class name ('cla')
mercedes-benz-cla-x117-facelift shooting brake-estate coupé-2016–2019-facelift-obsidian black metallic-cla x117 fl shooting brake-flat-side-view.webp,CLA\mercedes-benz-cla-x117-facelift shooting brake-estate coupé-2016–2019-facelift-obsidian black metallic-cla x117 fl shooting brake-flat-side-view.webp,_Remaining\Not Matched\mercedes-benz-cla-x117-facelift shooting brake-estate coupé-2016–2019-facelift-obsidian black metallic-cla x117 fl shooting brake-flat-side-view.webp,27b970a15aaf7a5ce31ae9b832a40ccfef3fe4e12d997e2529df664ee6a8786b,sorted by class name ('cla')
mercedes-benz-cla-x117-facelift shooting brake-estate coupé-2016–2019-facelift-obsidian black metallic-cla x117 fl shooting brake-front-view.webp,CLA\mercedes-benz-cla-x117-facelift shooting brake-estate coupé-2016–2019-facelift-obsidian black metallic-cla x117 fl shooting brake-front-view.webp,_Remaining\Not Matched\mercedes-benz-cla-x117-facelift shooting brake-estate coupé-2016–2019-facelift-obsidian black metallic-cla x117 fl shooting brake-front-view.webp,6f3c16c92b149609a9ccb52c2344ca48bdc5491d2579b09adbfb27308dc49889,sorted by class name ('cla')
mercedes-benz-cla-x117-shooting brake-estate coupé-2015–2016-completely different rear body-hyacinth red metallic-cla x117 shooting brake-45-angle-front-view.webp,CLA\mercedes-benz-cla-x117-shooting brake-estate coupé-2015–2016-completely different rear body-hyacinth red metallic-cla x117 shooting brake-45-angle-front-view.webp,_Remaining\Not Matched\mercedes-benz-cla-x117-shooting brake-estate coupé-2015–2016-completely different rear body-hyacinth red metallic-cla x117 shooting brake-45-angle-front-view.webp,bce56b9a24f617b1421393f3325b55c6164fa33e7b8bcf4dba4d460fd7e16312,sorted by class name ('cla')
mercedes-benz-cla-x117-shooting brake-estate coupé-2015–2016-completely different rear body-hyacinth red metallic-cla x117 shooting brake-back-view.webp,CLA\mercedes-benz-cla-x117-shooting brake-estate coupé-2015–2016-completely different rear body-hyacinth red metallic-cla x117 shooting brake-back-view.webp,_Remaining\Not Matched\mercedes-benz-cla-x117-shooting brake-estate coupé-2015–2016-completely different rear body-hyacinth red metallic-cla x117 shooting brake-back-view.webp,8c391b448da253a8550d4d06d6757d1e7ef779f76ea2d96f3d2348df8a9234e2,sorted by class name ('cla')
mercedes-benz-cla-x117-shooting brake-estate coupé-2015–2016-completely different rear body-hyacinth red metallic-cla x117 shooting brake-flat-side-view.webp,CLA\mercedes-benz-cla-x117-shooting brake-estate coupé-2015–2016-completely different rear body-hyacinth red metallic-cla x117 shooting brake-flat-side-view.webp,_Remaining\Not Matched\mercedes-benz-cla-x117-shooting brake-estate coupé-2015–2016-completely different rear body-hyacinth red metallic-cla x117 shooting brake-flat-side-view.webp,4a8f6da5ec2683a91cf9847e3d02baaac924a4b3b8520803c20a98f0cf193b89,sorted by class name ('cla')
mercedes-benz-cla-x117-shooting brake-estate coupé-2015–2016-completely different rear body-hyacinth red metallic-cla x117 shooting brake-front-view.webp,CLA\mercedes-benz-cla-x117-shooting brake-estate coupé-2015–2016-completely different rear body-hyacinth red metallic-cla x117 shooting brake-front-view.webp,_Remaining\Not Matched\mercedes-benz-cla-x117-shooting brake-estate coupé-2015–2016-completely different rear body-hyacinth red metallic-cla x117 shooting brake-front-view.webp,01fff3387d8894a3ad9caeb7308cbc48b2f6b616292a58f93ca8d727faed5eb4,sorted by class name ('cla')
mercedes-benz-cla-x118-cla45 s amg shooting brake-performance estate-2019–2023-amg body-spectral blue metallic-cla x118 cla45 s amg shooting-45-angle-front-view.webp,CLA\mercedes-benz-cla-x118-cla45 s amg shooting brake-performance estate-2019–2023-amg body-spectral blue metallic-cla x118 cla45 s amg shooting-45-angle-front-view.webp,_Remaining\Not Matched\mercedes-benz-cla-x118-cla45 s amg shooting brake-performance estate-2019–2023-amg body-spectral blue metallic-cla x118 cla45 s amg shooting-45-angle-front-view.webp,923735dcf0d2ccb43c921f71700ef8128120fd7efa999525927abcfab3bdb68e,sorted by class name ('cla')
mercedes-benz-cla-x118-cla45 s amg shooting brake-performance estate-2019–2023-amg body-spectral blue metallic-cla x118 cla45 s amg shooting-back-view.webp,CLA\mercedes-benz-cla-x118-cla45 s amg shooting brake-performance estate-2019–2023-amg body-spectral blue metallic-cla x118 cla45 s amg shooting-back-view.webp,_Remaining\Not Matched\mercedes-benz-cla-x118-cla45 s amg shooting brake-performance estate-2019–2023-amg body-spectral blue metallic-cla x118 cla45 s amg shooting-back-view.webp,d9752acf09477e08bd71e137882daf53999d63f5debfb2f60bf71ac9e0c836de,sorted by class name ('cla')
mercedes-benz-cla-x118-cla45 s amg shooting brake-performance estate-2019–2023-amg body-spectral blue metallic-cla x118 cla45 s amg shooting-flat-side-view.webp,CLA\mercedes-benz-cla-x118-cla45 s amg shooting brake-performance estate-2019–2023-amg body-spectral blue metallic-cla x118 cla45 s amg shooting-flat-side-view.webp,_Remaining\Not Matched\mercedes-benz-cla-x118-cla45 s amg shooting brake-performance estate-2019–2023-amg body-spectral blue metallic-cla x118 cla45 s amg shooting-flat-side-view.webp,67c4942631430e72cb2dd511ff9c713373810d59ca59b259fa1016cde9f76582,sorted by class name ('cla')
mercedes-benz-cla-x118-cla45 s amg shooting brake-performance estate-2019–2023-amg body-spectral blue metallic-cla x118 cla45 s amg shooting-front-view.webp,CLA\mercedes-benz-cla-x118-cla45 s amg shooting brake-performance estate-2019–2023-amg body-spectral blue metallic-cla x118 cla45 s amg shooting-front-view.webp,_Remaining\Not Matched\mercedes-benz-cla-x118-cla45 s amg shooting brake-performance estate-2019–2023-amg body-spectral blue metallic-cla x118 cla45 s amg shooting-front-view.webp,48f71c69e2e63ae5d5d68a8262cc06ba4d857b9d967433bef9198a9682181fd6,sorted by class name ('cla')
mercedes-benz-cla-x118-shooting brake-estate coupé-2019–2023-separate body-emerald green metallic-cla x118 shooting brake-45-angle-front-view.webp,CLA\mercedes-benz-cla-x118-shooting brake-estate coupé-2019–2023-separate body-emerald green metallic-cla x118 shooting brake-45-angle-front-view.webp,_Remaining\Not Matched\mercedes-benz-cla-x118-shooting brake-estate coupé-2019–2023-separate body-emerald green metallic-cla x118 shooting brake-45-angle-front-view.webp,87381957a9bbd6f74129bbf294244b05f16e222cadf2a1dbd9029070ddd6ec2c,sorted by class name ('cla')
mercedes-benz-cla-x118-shooting brake-estate coupé-2019–2023-separate body-emerald green metallic-cla x118 shooting brake-back-view.webp,CLA\mercedes-benz-cla-x118-shooting brake-estate coupé-2019–2023-separate body-emerald green metallic-cla x118 shooting brake-back-view.webp,_Remaining\Not Matched\mercedes-benz-cla-x118-shooting brake-estate coupé-2019–2023-separate body-emerald green metallic-cla x118 shooting brake-back-view.webp,9433b6a6debe5bb18843441e39d39df2fcfdf1a701e5139e7b0c064da02aa1e4,sorted by class name ('cla')
mercedes-benz-cla-x118-shooting brake-estate coupé-2019–2023-separate body-emerald green metallic-cla x118 shooting brake-flat-side-view.webp,CLA\mercedes-benz-cla-x118-shooting brake-estate coupé-2019–2023-separate body-emerald green metallic-cla x118 shooting brake-flat-side-view.webp,_Remaining\Not Matched\mercedes-benz-cla-x118-shooting brake-estate coupé-2019–2023-separate body-emerald green metallic-cla x118 shooting brake-flat-side-view.webp,581d38cd25782963b045adf40cec8cfa0e92eb4c167fb50112daf017d0a80141,sorted by class name ('cla')
mercedes-benz-cla-x118-shooting brake-estate coupé-2019–2023-separate body-emerald green metallic-cla x118 shooting brake-front-view.webp,CLA\mercedes-benz-cla-x118-shooting brake-estate coupé-2019–2023-separate body-emerald green metallic-cla x118 shooting brake-front-view.webp,_Remaining\Not Matched\mercedes-benz-cla-x118-shooting brake-estate coupé-2019–2023-separate body-emerald green metallic-cla x118 shooting brake-front-view.webp,c682e8ce19e6aec319a631302f1d57587a274c298675be4d12098571030aff3d,sorted by class name ('cla')
mercedes-benz-clk-a208-cabriolet-convertible-1998–2002-separate body-horizon blue metallic-clk a208 cab-45-angle-front-view.webp,CLK\mercedes-benz-clk-a208-cabriolet-convertible-1998–2002-separate body-horizon blue metallic-clk a208 cab-45-angle-front-view.webp,_Remaining\Not Matched\mercedes-benz-clk-a208-cabriolet-convertible-1998–2002-separate body-horizon blue metallic-clk a208 cab-45-angle-front-view.webp,fbaf46a443914552a680620ac4e01c67e23eae8fefb8c572cae740dfbda19bac,sorted by class name ('clk')
mercedes-benz-clk-a208-cabriolet-convertible-1998–2002-separate body-horizon blue metallic-clk a208 cab-back-view.webp,CLK\mercedes-benz-clk-a208-cabriolet-convertible-1998–2002-separate body-horizon blue metallic-clk a208 cab-back-view.webp,_Remaining\Not Matched\mercedes-benz-clk-a208-cabriolet-convertible-1998–2002-separate body-horizon blue metallic-clk a208 cab-back-view.webp,caf573260947ddfe16b800951e7b04a51118ab2d3e6e030c3e2bb10d71ffe550,sorted by class name ('clk')
mercedes-benz-clk-a208-cabriolet-convertible-1998–2002-separate body-horizon blue metallic-clk a208 cab-flat-side-view.webp,CLK\mercedes-benz-clk-a208-cabriolet-convertible-1998–2002-separate body-horizon blue metallic-clk a208 cab-flat-side-view.webp,_Remaining\Not Matched\mercedes-benz-clk-a208-cabriolet-convertible-1998–2002-separate body-horizon blue metallic-clk a208 cab-flat-side-view.webp,390891754d17b1a070985586dad5cbcd8655cb56556021426b67186d13d4f17b,sorted by class name ('clk')
mercedes-benz-clk-a208-cabriolet-convertible-1998–2002-separate body-horizon blue metallic-clk a208 cab-front-view.webp,CLK\mercedes-benz-clk-a208-cabriolet-convertible-1998–2002-separate body-horizon blue metallic-clk a208 cab-front-view.webp,_Remaining\Not Matched\mercedes-benz-clk-a208-cabriolet-convertible-1998–2002-separate body-horizon blue metallic-clk a208 cab-front-view.webp,c522c2a2173523f6ac4cb8ff82894e5b146c56225586a040c24cdb0a0836ce33,sorted by class name ('clk')
mercedes-benz-clk-a209-clk63 amg cabriolet-performance convertible-2006–2009-amg body-spectral blue metallic-clk a209 clk63 amg cab-45-angle-front-view.webp,CLK\mercedes-benz-clk-a209-clk63 amg cabriolet-performance convertible-2006–2009-amg body-spectral blue metallic-clk a209 clk63 amg cab-45-angle-front-view.webp,_Remaining\Not Matched\mercedes-benz-clk-a209-clk63 amg cabriolet-performance convertible-2006–2009-amg body-spectral blue metallic-clk a209 clk63 amg cab-45-angle-front-view.webp,5fe6c2896fb81f0d9ff68ce2dcd3a666f8d1c4c26cfb4c751f141f1ba3f035bf,sorted by class name ('clk')
mercedes-benz-clk-a209-clk63 amg cabriolet-performance convertible-2006–2009-amg body-spectral blue metallic-clk a209 clk63 amg cab-back-view.webp,CLK\mercedes-benz-clk-a209-clk63 amg cabriolet-performance convertible-2006–2009-amg body-spectral blue metallic-clk a209 clk63 amg cab-back-view.webp,_Remaining\Not Matched\mercedes-benz-clk-a209-clk63 amg cabriolet-performance convertible-2006–2009-amg body-spectral blue metallic-clk a209 clk63 amg cab-back-view.webp,2179a66ef247462aaa7f7ee646b3568f52538d498fc95d6dd325ca05e8263c59,sorted by class name ('clk')
mercedes-benz-clk-a209-clk63 amg cabriolet-performance convertible-2006–2009-amg body-spectral blue metallic-clk a209 clk63 amg cab-flat-side-view.webp,CLK\mercedes-benz-clk-a209-clk63 amg cabriolet-performance convertible-2006–2009-amg body-spectral blue metallic-clk a209 clk63 amg cab-flat-side-view.webp,_Remaining\Not Matched\mercedes-benz-clk-a209-clk63 amg cabriolet-performance convertible-2006–2009-amg body-spectral blue metallic-clk a209 clk63 amg cab-flat-side-view.webp,1a9757887ea7951b80b16979c25d2532466ac81503dae80898fcff897be5596a,sorted by class name ('clk')
mercedes-benz-clk-a209-clk63 amg cabriolet-performance convertible-2006–2009-amg body-spectral blue metallic-clk a209 clk63 amg cab-front-view.webp,CLK\mercedes-benz-clk-a209-clk63 amg cabriolet-performance convertible-2006–2009-amg body-spectral blue metallic-clk a209 clk63 amg cab-front-view.webp,_Remaining\Not Matched\mercedes-benz-clk-a209-clk63 amg cabriolet-performance convertible-2006–2009-amg body-spectral blue metallic-clk a209 clk63 amg cab-front-view.webp,c2a569cdedba8827bc3e5acd6145ad91462ea3b16087dae450245e9234221f59,sorted by class name ('clk')
mercedes-benz-clk-a209-clk63 amg cabriolet-performance convertible-2006–2009-special-spectral blue metallic-clk a209 clk63 amg cab-45-angle-front-view.webp,CLK\mercedes-benz-clk-a209-clk63 amg cabriolet-performance convertible-2006–2009-special-spectral blue metallic-clk a209 clk63 amg cab-45-angle-front-view.webp,_Remaining\Not Matched\mercedes-benz-clk-a209-clk63 amg cabriolet-performance convertible-2006–2009-special-spectral blue metallic-clk a209 clk63 amg cab-45-angle-front-view.webp,b6a55e64ca927039d46fd76d3d3cb74ed843370271c73ed539b59b10e7918a0d,sorted by class name ('clk')
mercedes-benz-clk-a209-clk63 amg cabriolet-performance convertible-2006–2009-special-spectral blue metallic-clk a209 clk63 amg cab-back-view.webp,CLK\mercedes-benz-clk-a209-clk63 amg cabriolet-performance convertible-2006–2009-special-spectral blue metallic-clk a209 clk63 amg cab-back-view.webp,_Remaining\Not Matched\mercedes-benz-clk-a209-clk63 amg cabriolet-performance convertible-2006–2009-special-spectral blue metallic-clk a209 clk63 amg cab-back-view.webp,49aa8f1c0c4b80d9b76110d3b863daae586e665a39d7ae178ad61fb6995f7c4f,sorted by class name ('clk')
mercedes-benz-clk-a209-clk63 amg cabriolet-performance convertible-2006–2009-special-spectral blue metallic-clk a209 clk63 amg cab-flat-side-view.webp,CLK\mercedes-benz-clk-a209-clk63 amg cabriolet-performance convertible-2006–2009-special-spectral blue metallic-clk a209 clk63 amg cab-flat-side-view.webp,_Remaining\Not Matched\mercedes-benz-clk-a209-clk63 amg cabriolet-performance convertible-2006–2009-special-spectral blue metallic-clk a209 clk63 amg cab-flat-side-view.webp,1979752f7fc98f67ec6c10258f040cd06141e56dc9ceeeb0e1f5ff714650709f,sorted by class name ('clk')
mercedes-benz-clk-a209-clk63 amg cabriolet-performance convertible-2006–2009-special-spectral blue metallic-clk a209 clk63 amg cab-front-view.webp,CLK\mercedes-benz-clk-a209-clk63 amg cabriolet-performance convertible-2006–2009-special-spectral blue metallic-clk a209 clk63 amg cab-front-view.webp,_Remaining\Not Matched\mercedes-benz-clk-a209-clk63 amg cabriolet-performance convertible-2006–2009-special-spectral blue metallic-clk a209 clk63 amg cab-front-view.webp,1662f904875f705cce46aa9c459b7aa6f503b9d503a051210b78539e6e96f34c,sorted by class name ('clk')
mercedes-benz-clk-c209-clk63 amg-performance coupé-2006–2009-special-obsidian black metallic-clk c209 clk63 amg-45-angle-front-view.webp,CLK\mercedes-benz-clk-c209-clk63 amg-performance coupé-2006–2009-special-obsidian black metallic-clk c209 clk63 amg-45-angle-front-view.webp,_Remaining\Not Matched\mercedes-benz-clk-c209-clk63 amg-performance coupé-2006–2009-special-obsidian black metallic-clk c209 clk63 amg-45-angle-front-view.webp,63b82fa3725e5b6c5449a21dafd21ec300ef4fc81b71bed4e38c657156016723,sorted by class name ('clk')
mercedes-benz-clk-c209-clk63 amg-performance coupé-2006–2009-special-obsidian black metallic-clk c209 clk63 amg-back-view.webp,CLK\mercedes-benz-clk-c209-clk63 amg-performance coupé-2006–2009-special-obsidian black metallic-clk c209 clk63 amg-back-view.webp,_Remaining\Not Matched\mercedes-benz-clk-c209-clk63 amg-performance coupé-2006–2009-special-obsidian black metallic-clk c209 clk63 amg-back-view.webp,0fb4fc50354da650b4317f6e8933f2c8748cae974456867868e11572430aff04,sorted by class name ('clk')
mercedes-benz-clk-c209-clk63 amg-performance coupé-2006–2009-special-obsidian black metallic-clk c209 clk63 amg-flat-side-view.webp,CLK\mercedes-benz-clk-c209-clk63 amg-performance coupé-2006–2009-special-obsidian black metallic-clk c209 clk63 amg-flat-side-view.webp,_Remaining\Not Matched\mercedes-benz-clk-c209-clk63 amg-performance coupé-2006–2009-special-obsidian black metallic-clk c209 clk63 amg-flat-side-view.webp,d963a6195e53db0acd56a7266403cd0ca3af282e0a07acd22def4ed4850ec109,sorted by class name ('clk')
mercedes-benz-clk-c209-clk63 amg-performance coupé-2006–2009-special-obsidian black metallic-clk c209 clk63 amg-front-view.webp,CLK\mercedes-benz-clk-c209-clk63 amg-performance coupé-2006–2009-special-obsidian black metallic-clk c209 clk63 amg-front-view.webp,_Remaining\Not Matched\mercedes-benz-clk-c209-clk63 amg-performance coupé-2006–2009-special-obsidian black metallic-clk c209 clk63 amg-front-view.webp,dbb1102c58ff0bb7b779ceb0b6395ea277d307476e06685de57e310e17cd341f,sorted by class name ('clk')
mercedes-benz-cls-c219-cls55 amg-performance coupé-2004–2006-special-designo hyacinth red metallic-cls c219 cls55 amg-45-angle-front-view.webp,CLS\mercedes-benz-cls-c219-cls55 amg-performance coupé-2004–2006-special-designo hyacinth red metallic-cls c219 cls55 amg-45-angle-front-view.webp,_Remaining\Not Matched\mercedes-benz-cls-c219-cls55 amg-performance coupé-2004–2006-special-designo hyacinth red metallic-cls c219 cls55 amg-45-angle-front-view.webp,83329032b6a94a7d5fcfb470e3afa865ed27220bb4944eacbf6dffaa16cf3b42,sorted by class name ('cls')
mercedes-benz-cls-c219-cls55 amg-performance coupé-2004–2006-special-designo hyacinth red metallic-cls c219 cls55 amg-back-view.webp,CLS\mercedes-benz-cls-c219-cls55 amg-performance coupé-2004–2006-special-designo hyacinth red metallic-cls c219 cls55 amg-back-view.webp,_Remaining\Not Matched\mercedes-benz-cls-c219-cls55 amg-performance coupé-2004–2006-special-designo hyacinth red metallic-cls c219 cls55 amg-back-view.webp,ceb01f5f4818f40b06eb0ad1f92760a6712eae8ab788118f8f190455201a2a1c,sorted by class name ('cls')
mercedes-benz-cls-c219-cls55 amg-performance coupé-2004–2006-special-designo hyacinth red metallic-cls c219 cls55 amg-flat-side-view.webp,CLS\mercedes-benz-cls-c219-cls55 amg-performance coupé-2004–2006-special-designo hyacinth red metallic-cls c219 cls55 amg-flat-side-view.webp,_Remaining\Not Matched\mercedes-benz-cls-c219-cls55 amg-performance coupé-2004–2006-special-designo hyacinth red metallic-cls c219 cls55 amg-flat-side-view.webp,ffb5e1331b8f624068cb233ccbf533f0dbaa323a2795015adadaea0641ea5932,sorted by class name ('cls')
mercedes-benz-cls-c219-cls55 amg-performance coupé-2004–2006-special-designo hyacinth red metallic-cls c219 cls55 amg-front-view.webp,CLS\mercedes-benz-cls-c219-cls55 amg-performance coupé-2004–2006-special-designo hyacinth red metallic-cls c219 cls55 amg-front-view.webp,_Remaining\Not Matched\mercedes-benz-cls-c219-cls55 amg-performance coupé-2004–2006-special-designo hyacinth red metallic-cls c219 cls55 amg-front-view.webp,6c533ad33d8654be6552d50cbf05d29a077760414c8c6322e31821b9a55db053,sorted by class name ('cls')
mercedes-benz-cls-x218-cls63 amg s shooting brake-performance estate-2014–2017-amg facelift body-jupiter red-cls x218 cls63 amg s shooting-45-angle-front-view.webp,CLS\mercedes-benz-cls-x218-cls63 amg s shooting brake-performance estate-2014–2017-amg facelift body-jupiter red-cls x218 cls63 amg s shooting-45-angle-front-view.webp,_Remaining\Not Matched\mercedes-benz-cls-x218-cls63 amg s shooting brake-performance estate-2014–2017-amg facelift body-jupiter red-cls x218 cls63 amg s shooting-45-angle-front-view.webp,a4f6c3adf3979fa741629200b62deda11e61606561fedf93e1744d43491202c0,sorted by class name ('cls')
mercedes-benz-cls-x218-cls63 amg s shooting brake-performance estate-2014–2017-amg facelift body-jupiter red-cls x218 cls63 amg s shooting-back-view.webp,CLS\mercedes-benz-cls-x218-cls63 amg s shooting brake-performance estate-2014–2017-amg facelift body-jupiter red-cls x218 cls63 amg s shooting-back-view.webp,_Remaining\Not Matched\mercedes-benz-cls-x218-cls63 amg s shooting brake-performance estate-2014–2017-amg facelift body-jupiter red-cls x218 cls63 amg s shooting-back-view.webp,78e616696676d83361fc0227d8ac2f4a8f66273a2efe9949d5a6dd218a2f6c91,sorted by class name ('cls')
mercedes-benz-cls-x218-cls63 amg s shooting brake-performance estate-2014–2017-amg facelift body-jupiter red-cls x218 cls63 amg s shooting-flat-side-view.webp,CLS\mercedes-benz-cls-x218-cls63 amg s shooting brake-performance estate-2014–2017-amg facelift body-jupiter red-cls x218 cls63 amg s shooting-flat-side-view.webp,_Remaining\Not Matched\mercedes-benz-cls-x218-cls63 amg s shooting brake-performance estate-2014–2017-amg facelift body-jupiter red-cls x218 cls63 amg s shooting-flat-side-view.webp,b4c50c9d7989d723f4b49561c5b50d0a7c4388659c2e9f730d6e5ff5fb7cef4a,sorted by class name ('cls')
mercedes-benz-cls-x218-cls63 amg s shooting brake-performance estate-2014–2017-amg facelift body-jupiter red-cls x218 cls63 amg s shooting-front-view.webp,CLS\mercedes-benz-cls-x218-cls63 amg s shooting brake-performance estate-2014–2017-amg facelift body-jupiter red-cls x218 cls63 amg s shooting-front-view.webp,_Remaining\Not Matched\mercedes-benz-cls-x218-cls63 amg s shooting brake-performance estate-2014–2017-amg facelift body-jupiter red-cls x218 cls63 amg s shooting-front-view.webp,f4e9150a9deb5fb6a6dab77bf617550645d26ba63232778f05a7d1687ccb4947,sorted by class name ('cls')
mercedes-benz-cls-x218-shooting brake-estate coupé-2012–2014-completely different rear body-iridium silver metallic-cls x218 shooting brake-45-angle-front-view.webp,CLS\mercedes-benz-cls-x218-shooting brake-estate coupé-2012–2014-completely different rear body-iridium silver metallic-cls x218 shooting brake-45-angle-front-view.webp,_Remaining\Not Matched\mercedes-benz-cls-x218-shooting brake-estate coupé-2012–2014-completely different rear body-iridium silver metallic-cls x218 shooting brake-45-angle-front-view.webp,6c40a9ae500aba2d195f658498794d9da8967fd1cc4b24594da1ce0fa84d8365,sorted by class name ('cls')
mercedes-benz-cls-x218-shooting brake-estate coupé-2012–2014-completely different rear body-iridium silver metallic-cls x218 shooting brake-back-view.webp,CLS\mercedes-benz-cls-x218-shooting brake-estate coupé-2012–2014-completely different rear body-iridium silver metallic-cls x218 shooting brake-back-view.webp,_Remaining\Not Matched\mercedes-benz-cls-x218-shooting brake-estate coupé-2012–2014-completely different rear body-iridium silver metallic-cls x218 shooting brake-back-view.webp,1ece5a3e5d1765e6b031dfe6bfe78a96d7597de9f771647012b55eba6d9baa26,sorted by class name ('cls')
mercedes-benz-cls-x218-shooting brake-estate coupé-2012–2014-completely different rear body-iridium silver metallic-cls x218 shooting brake-flat-side-view.webp,CLS\mercedes-benz-cls-x218-shooting brake-estate coupé-2012–2014-completely different rear body-iridium silver metallic-cls x218 shooting brake-flat-side-view.webp,_Remaining\Not Matched\mercedes-benz-cls-x218-shooting brake-estate coupé-2012–2014-completely different rear body-iridium silver metallic-cls x218 shooting brake-flat-side-view.webp,7ad3f0b82630a57a88cc74a51d8c7191491b8f64a83a9323a72d051ca6f91c07,sorted by class name ('cls')
mercedes-benz-cls-x218-shooting brake-estate coupé-2012–2014-completely different rear body-iridium silver metallic-cls x218 shooting brake-front-view.webp,CLS\mercedes-benz-cls-x218-shooting brake-estate coupé-2012–2014-completely different rear body-iridium silver metallic-cls x218 shooting brake-front-view.webp,_Remaining\Not Matched\mercedes-benz-cls-x218-shooting brake-estate coupé-2012–2014-completely different rear body-iridium silver metallic-cls x218 shooting brake-front-view.webp,5b0584c8b5527745e250c9b9bd6932d7d75828f39ec439b6bd7757f690e7ca5f,sorted by class name ('cls')
mercedes-benz-e-class-a124-cabriolet-convertible-1991–1997-separate convertible-aragonite blue metallic-mercedes-benz e-class a124-45-angle-front-view.webp,E-Class\mercedes-benz-e-class-a124-cabriolet-convertible-1991–1997-separate convertible-aragonite blue metallic-mercedes-benz e-class a124-45-angle-front-view.webp,_Remaining\Not Matched\mercedes-benz-e-class-a124-cabriolet-convertible-1991–1997-separate convertible-aragonite blue metallic-mercedes-benz e-class a124-45-angle-front-view.webp,34bd117e4b9b767eb9f0b0661c6922c2c06ecea3edead153fc6ca4a236d0ff7b,sorted by class name ('e-class')
mercedes-benz-e-class-a124-cabriolet-convertible-1991–1997-separate convertible-aragonite blue metallic-mercedes-benz e-class a124-back-view.webp,E-Class\mercedes-benz-e-class-a124-cabriolet-convertible-1991–1997-separate convertible-aragonite blue metallic-mercedes-benz e-class a124-back-view.webp,_Remaining\Not Matched\mercedes-benz-e-class-a124-cabriolet-convertible-1991–1997-separate convertible-aragonite blue metallic-mercedes-benz e-class a124-back-view.webp,33d4161dfb2c40a50783c6c42aacf2c01c67a46b0599cc73f708f066d886205f,sorted by class name ('e-class')
mercedes-benz-e-class-a124-cabriolet-convertible-1991–1997-separate convertible-aragonite blue metallic-mercedes-benz e-class a124-flat-side-view.webp,E-Class\mercedes-benz-e-class-a124-cabriolet-convertible-1991–1997-separate convertible-aragonite blue metallic-mercedes-benz e-class a124-flat-side-view.webp,_Remaining\Not Matched\mercedes-benz-e-class-a124-cabriolet-convertible-1991–1997-separate convertible-aragonite blue metallic-mercedes-benz e-class a124-flat-side-view.webp,5a8b806fee12fb08995b01771b0cf6539acb361c3e8ad7129e43e6bcb4dd1620,sorted by class name ('e-class')
mercedes-benz-e-class-a124-cabriolet-convertible-1991–1997-separate convertible-aragonite blue metallic-mercedes-benz e-class a124-front-view.webp,E-Class\mercedes-benz-e-class-a124-cabriolet-convertible-1991–1997-separate convertible-aragonite blue metallic-mercedes-benz e-class a124-front-view.webp,_Remaining\Not Matched\mercedes-benz-e-class-a124-cabriolet-convertible-1991–1997-separate convertible-aragonite blue metallic-mercedes-benz e-class a124-front-view.webp,107ddf204b61e8867ae30356d6fb3122131a14ddc18b601b93ff595cdc082c33,sorted by class name ('e-class')
mercedes-benz-e-class-a207-cabriolet-convertible-2010–2013-distinct body-designo diamond white bright-mercedes-benz e-class a207-45-angle-front-view.webp,E-Class\mercedes-benz-e-class-a207-cabriolet-convertible-2010–2013-distinct body-designo diamond white bright-mercedes-benz e-class a207-45-angle-front-view.webp,_Remaining\Not Matched\mercedes-benz-e-class-a207-cabriolet-convertible-2010–2013-distinct body-designo diamond white bright-mercedes-benz e-class a207-45-angle-front-view.webp,4c0f579ad9d40ec9ae393f93b33f4843c85c736a16e3d567116e1d099b66b630,sorted by class name ('e-class')
mercedes-benz-e-class-a207-cabriolet-convertible-2010–2013-distinct body-designo diamond white bright-mercedes-benz e-class a207-back-view.webp,E-Class\mercedes-benz-e-class-a207-cabriolet-convertible-2010–2013-distinct body-designo diamond white bright-mercedes-benz e-class a207-back-view.webp,_Remaining\Not Matched\mercedes-benz-e-class-a207-cabriolet-convertible-2010–2013-distinct body-designo diamond white bright-mercedes-benz e-class a207-back-view.webp,d805323fbc8a6b91dd02baced0652a4a2309ee797b0bc7ad9a08ab035ae6ca72,sorted by class name ('e-class')
mercedes-benz-e-class-a207-cabriolet-convertible-2010–2013-distinct body-designo diamond white bright-mercedes-benz e-class a207-flat-side-view.webp,E-Class\mercedes-benz-e-class-a207-cabriolet-convertible-2010–2013-distinct body-designo diamond white bright-mercedes-benz e-class a207-flat-side-view.webp,_Remaining\Not Matched\mercedes-benz-e-class-a207-cabriolet-convertible-2010–2013-distinct body-designo diamond white bright-mercedes-benz e-class a207-flat-side-view.webp,08f25d334466f7c87af5eeb4b4237199ec53bd58d78772a835bc3e4458453f00,sorted by class name ('e-class')
mercedes-benz-e-class-a207-cabriolet-convertible-2010–2013-distinct body-designo diamond white bright-mercedes-benz e-class a207-front-view.webp,E-Class\mercedes-benz-e-class-a207-cabriolet-convertible-2010–2013-distinct body-designo diamond white bright-mercedes-benz e-class a207-front-view.webp,_Remaining\Not Matched\mercedes-benz-e-class-a207-cabriolet-convertible-2010–2013-distinct body-designo diamond white bright-mercedes-benz e-class a207-front-view.webp,6da35d28bb38cb1172694040979bff05d3649c7adafdb8e538e63a0f7ace0de1,sorted by class name ('e-class')
mercedes-benz-e-class-a207-facelift-convertible-2013–2017-new-kallalite green metallic-mercedes-benz e-class a207-45-angle-front-view.webp,E-Class\mercedes-benz-e-class-a207-facelift-convertible-2013–2017-new-kallalite green metallic-mercedes-benz e-class a207-45-angle-front-view.webp,_Remaining\Not Matched\mercedes-benz-e-class-a207-facelift-convertible-2013–2017-new-kallalite green metallic-mercedes-benz e-class a207-45-angle-front-view.webp,b88bb6c9c052be00925f8471f42f990c292ea31935b228c4c0b0aa96f12185ed,sorted by class name ('e-class')
mercedes-benz-e-class-a207-facelift-convertible-2013–2017-new-kallalite green metallic-mercedes-benz e-class a207-back-view.webp,E-Class\mercedes-benz-e-class-a207-facelift-convertible-2013–2017-new-kallalite green metallic-mercedes-benz e-class a207-back-view.webp,_Remaining\Not Matched\mercedes-benz-e-class-a207-facelift-convertible-2013–2017-new-kallalite green metallic-mercedes-benz e-class a207-back-view.webp,160951f24b4ff20fc54450df62bf4a4e44c419669b51836fd3c5679c2f802d65,sorted by class name ('e-class')
mercedes-benz-e-class-a207-facelift-convertible-2013–2017-new-kallalite green metallic-mercedes-benz e-class a207-flat-side-view.webp,E-Class\mercedes-benz-e-class-a207-facelift-convertible-2013–2017-new-kallalite green metallic-mercedes-benz e-class a207-flat-side-view.webp,_Remaining\Not Matched\mercedes-benz-e-class-a207-facelift-convertible-2013–2017-new-kallalite green metallic-mercedes-benz e-class a207-flat-side-view.webp,1b900646cf2b056de2c6af72f4fc51d6676c954d870386bb4f6369a61c96ed8e,sorted by class name ('e-class')
mercedes-benz-e-class-a207-facelift-convertible-2013–2017-new-kallalite green metallic-mercedes-benz e-class a207-front-view.webp,E-Class\mercedes-benz-e-class-a207-facelift-convertible-2013–2017-new-kallalite green metallic-mercedes-benz e-class a207-front-view.webp,_Remaining\Not Matched\mercedes-benz-e-class-a207-facelift-convertible-2013–2017-new-kallalite green metallic-mercedes-benz e-class a207-front-view.webp,097518c825a3918648e23ddc68e71d24c6fb68d10315f7179e5ff1da0a8c5c07,sorted by class name ('e-class')
mercedes-benz-e-class-a238-cabriolet-convertible-2017–2020-separate body-graphite grey metallic-mercedes-benz e-class a238-45-angle-front-view.webp,E-Class\mercedes-benz-e-class-a238-cabriolet-convertible-2017–2020-separate body-graphite grey metallic-mercedes-benz e-class a238-45-angle-front-view.webp,_Remaining\Not Matched\mercedes-benz-e-class-a238-cabriolet-convertible-2017–2020-separate body-graphite grey metallic-mercedes-benz e-class a238-45-angle-front-view.webp,1fa4d3b4406d28057bbbe5d45ca747b4d65fb97128b7e29addca435a8b0caefd,sorted by class name ('e-class')
mercedes-benz-e-class-a238-cabriolet-convertible-2017–2020-separate body-graphite grey metallic-mercedes-benz e-class a238-back-view.webp,E-Class\mercedes-benz-e-class-a238-cabriolet-convertible-2017–2020-separate body-graphite grey metallic-mercedes-benz e-class a238-back-view.webp,_Remaining\Not Matched\mercedes-benz-e-class-a238-cabriolet-convertible-2017–2020-separate body-graphite grey metallic-mercedes-benz e-class a238-back-view.webp,33ab84bb6edcc2664bf2c154f4379f5944291c2c72a26432b311575556f82dba,sorted by class name ('e-class')
mercedes-benz-e-class-a238-cabriolet-convertible-2017–2020-separate body-graphite grey metallic-mercedes-benz e-class a238-flat-side-view.webp,E-Class\mercedes-benz-e-class-a238-cabriolet-convertible-2017–2020-separate body-graphite grey metallic-mercedes-benz e-class a238-flat-side-view.webp,_Remaining\Not Matched\mercedes-benz-e-class-a238-cabriolet-convertible-2017–2020-separate body-graphite grey metallic-mercedes-benz e-class a238-flat-side-view.webp,d105b1edf9bd56bb086ccfd28ffb93b3c16983599d7c2466baa47b72ecfd6393,sorted by class name ('e-class')
mercedes-benz-e-class-a238-cabriolet-convertible-2017–2020-separate body-graphite grey metallic-mercedes-benz e-class a238-front-view.webp,E-Class\mercedes-benz-e-class-a238-cabriolet-convertible-2017–2020-separate body-graphite grey metallic-mercedes-benz e-class a238-front-view.webp,_Remaining\Not Matched\mercedes-benz-e-class-a238-cabriolet-convertible-2017–2020-separate body-graphite grey metallic-mercedes-benz e-class a238-front-view.webp,b74e279447e401f390ee3fc795c77bcae0ae2167bf4eb1792667dcfe9ebc28da,sorted by class name ('e-class')
mercedes-benz-e-class-a238-facelift-convertible-2020–2023-new-nautic blue metallic-mercedes-benz e-class a238 -45-angle-front-view.webp,E-Class\mercedes-benz-e-class-a238-facelift-convertible-2020–2023-new-nautic blue metallic-mercedes-benz e-class a238 -45-angle-front-view.webp,_Remaining\Not Matched\mercedes-benz-e-class-a238-facelift-convertible-2020–2023-new-nautic blue metallic-mercedes-benz e-class a238 -45-angle-front-view.webp,4fafa36d6cba354c722c85e052cfa8fedcbc5ae83f12a5f1ece565d4f8f76228,sorted by class name ('e-class')
mercedes-benz-e-class-a238-facelift-convertible-2020–2023-new-nautic blue metallic-mercedes-benz e-class a238 -back-view.webp,E-Class\mercedes-benz-e-class-a238-facelift-convertible-2020–2023-new-nautic blue metallic-mercedes-benz e-class a238 -back-view.webp,_Remaining\Not Matched\mercedes-benz-e-class-a238-facelift-convertible-2020–2023-new-nautic blue metallic-mercedes-benz e-class a238 -back-view.webp,f7ffb4e8c4b4405d7bdecb894385b6e40a1b16ef930a348fc6b2c81c8e91a640,sorted by class name ('e-class')
mercedes-benz-e-class-a238-facelift-convertible-2020–2023-new-nautic blue metallic-mercedes-benz e-class a238 -flat-side-view.webp,E-Class\mercedes-benz-e-class-a238-facelift-convertible-2020–2023-new-nautic blue metallic-mercedes-benz e-class a238 -flat-side-view.webp,_Remaining\Not Matched\mercedes-benz-e-class-a238-facelift-convertible-2020–2023-new-nautic blue metallic-mercedes-benz e-class a238 -flat-side-view.webp,46262b9d69f46cd3af5b5774d6b58fc5c989efa572a29ab962fa6d0819afc581,sorted by class name ('e-class')
mercedes-benz-e-class-a238-facelift-convertible-2020–2023-new-nautic blue metallic-mercedes-benz e-class a238 -front-view.webp,E-Class\mercedes-benz-e-class-a238-facelift-convertible-2020–2023-new-nautic blue metallic-mercedes-benz e-class a238 -front-view.webp,_Remaining\Not Matched\mercedes-benz-e-class-a238-facelift-convertible-2020–2023-new-nautic blue metallic-mercedes-benz e-class a238 -front-view.webp,cb55ef245b73937f6d252f6bc0f7afa240ecff38fd898376c3e124bb48ceea52,sorted by class name ('e-class')
mercedes-benz-e-class-c123-coupé-coupé-1977–1985-separate roof body-glut red-mercedes-benz e-class c123-45-angle-front-view.webp,E-Class\mercedes-benz-e-class-c123-coupé-coupé-1977–1985-separate roof body-glut red-mercedes-benz e-class c123-45-angle-front-view.webp,_Remaining\Not Matched\mercedes-benz-e-class-c123-coupé-coupé-1977–1985-separate roof body-glut red-mercedes-benz e-class c123-45-angle-front-view.webp,8e24a7aec8f8cd80858f9124a8b77f744a00f33ff5e932593018d43ffa1db686,sorted by class name ('e-class')
mercedes-benz-e-class-c123-coupé-coupé-1977–1985-separate roof body-glut red-mercedes-benz e-class c123-back-view.webp,E-Class\mercedes-benz-e-class-c123-coupé-coupé-1977–1985-separate roof body-glut red-mercedes-benz e-class c123-back-view.webp,_Remaining\Not Matched\mercedes-benz-e-class-c123-coupé-coupé-1977–1985-separate roof body-glut red-mercedes-benz e-class c123-back-view.webp,ddf1348d151dc269ed9a119685e13765678912a497b314ef909dc4f83b5a5ee5,sorted by class name ('e-class')
mercedes-benz-e-class-c123-coupé-coupé-1977–1985-separate roof body-glut red-mercedes-benz e-class c123-flat-side-view.webp,E-Class\mercedes-benz-e-class-c123-coupé-coupé-1977–1985-separate roof body-glut red-mercedes-benz e-class c123-flat-side-view.webp,_Remaining\Not Matched\mercedes-benz-e-class-c123-coupé-coupé-1977–1985-separate roof body-glut red-mercedes-benz e-class c123-flat-side-view.webp,7fe783b9140bf624625535c4d1773bab4e18a09bd57d2075060a3550108838ec,sorted by class name ('e-class')
mercedes-benz-e-class-c123-coupé-coupé-1977–1985-separate roof body-glut red-mercedes-benz e-class c123-front-view.webp,E-Class\mercedes-benz-e-class-c123-coupé-coupé-1977–1985-separate roof body-glut red-mercedes-benz e-class c123-front-view.webp,_Remaining\Not Matched\mercedes-benz-e-class-c123-coupé-coupé-1977–1985-separate roof body-glut red-mercedes-benz e-class c123-front-view.webp,94352817866414c09afd09c96a4003ccf943557715a5d19f2a2c16b114905441,sorted by class name ('e-class')
mercedes-benz-e-class-c124-coupé-coupé-1987–1996-separate coupé-malachite green metallic-mercedes-benz e-class c124-45-angle-front-view.webp,E-Class\mercedes-benz-e-class-c124-coupé-coupé-1987–1996-separate coupé-malachite green metallic-mercedes-benz e-class c124-45-angle-front-view.webp,_Remaining\Not Matched\mercedes-benz-e-class-c124-coupé-coupé-1987–1996-separate coupé-malachite green metallic-mercedes-benz e-class c124-45-angle-front-view.webp,5c22d7a0f2227e4368a726b7366c10a1471c6dd6dd98fefb82aa9aa0d885d70d,sorted by class name ('e-class')
mercedes-benz-e-class-c124-coupé-coupé-1987–1996-separate coupé-malachite green metallic-mercedes-benz e-class c124-back-view.webp,E-Class\mercedes-benz-e-class-c124-coupé-coupé-1987–1996-separate coupé-malachite green metallic-mercedes-benz e-class c124-back-view.webp,_Remaining\Not Matched\mercedes-benz-e-class-c124-coupé-coupé-1987–1996-separate coupé-malachite green metallic-mercedes-benz e-class c124-back-view.webp,2773675171c6f74883b8c48db1e2a4476aa07fa120cc27854388033ec8be5756,sorted by class name ('e-class')
mercedes-benz-e-class-c124-coupé-coupé-1987–1996-separate coupé-malachite green metallic-mercedes-benz e-class c124-flat-side-view.webp,E-Class\mercedes-benz-e-class-c124-coupé-coupé-1987–1996-separate coupé-malachite green metallic-mercedes-benz e-class c124-flat-side-view.webp,_Remaining\Not Matched\mercedes-benz-e-class-c124-coupé-coupé-1987–1996-separate coupé-malachite green metallic-mercedes-benz e-class c124-flat-side-view.webp,640af4ea58b79487ad235ea9e0157cd11eab77749ee9cec0cd13921c563acd94,sorted by class name ('e-class')
mercedes-benz-e-class-c124-coupé-coupé-1987–1996-separate coupé-malachite green metallic-mercedes-benz e-class c124-front-view.webp,E-Class\mercedes-benz-e-class-c124-coupé-coupé-1987–1996-separate coupé-malachite green metallic-mercedes-benz e-class c124-front-view.webp,_Remaining\Not Matched\mercedes-benz-e-class-c124-coupé-coupé-1987–1996-separate coupé-malachite green metallic-mercedes-benz e-class c124-front-view.webp,646767df24db16535794a6bf0195cc427740c3ee8fbf753fb0449e0a7c776fd4,sorted by class name ('e-class')
mercedes-benz-e-class-c207-coupé-coupé-2009–2013-distinct body-rubellite red metallic-mercedes-benz e-class c207-45-angle-front-view.webp,E-Class\mercedes-benz-e-class-c207-coupé-coupé-2009–2013-distinct body-rubellite red metallic-mercedes-benz e-class c207-45-angle-front-view.webp,_Remaining\Not Matched\mercedes-benz-e-class-c207-coupé-coupé-2009–2013-distinct body-rubellite red metallic-mercedes-benz e-class c207-45-angle-front-view.webp,ab077d72a3eed9a55af487ef4aa27106b75565e77665c0172b27a962e1b0867f,sorted by class name ('e-class')
mercedes-benz-e-class-c207-coupé-coupé-2009–2013-distinct body-rubellite red metallic-mercedes-benz e-class c207-back-view.webp,E-Class\mercedes-benz-e-class-c207-coupé-coupé-2009–2013-distinct body-rubellite red metallic-mercedes-benz e-class c207-back-view.webp,_Remaining\Not Matched\mercedes-benz-e-class-c207-coupé-coupé-2009–2013-distinct body-rubellite red metallic-mercedes-benz e-class c207-back-view.webp,0d966c9a269952bbb963bf340bdba0633ce4ca297dbbcbbc8f3ef7bbf8e6f946,sorted by class name ('e-class')
mercedes-benz-e-class-c207-coupé-coupé-2009–2013-distinct body-rubellite red metallic-mercedes-benz e-class c207-flat-side-view.webp,E-Class\mercedes-benz-e-class-c207-coupé-coupé-2009–2013-distinct body-rubellite red metallic-mercedes-benz e-class c207-flat-side-view.webp,_Remaining\Not Matched\mercedes-benz-e-class-c207-coupé-coupé-2009–2013-distinct body-rubellite red metallic-mercedes-benz e-class c207-flat-side-view.webp,d67c8f3f058a12afcdadfe8ccc9338b7799e51d548653944b960fa8408f6cddb,sorted by class name ('e-class')
mercedes-benz-e-class-c207-coupé-coupé-2009–2013-distinct body-rubellite red metallic-mercedes-benz e-class c207-front-view.webp,E-Class\mercedes-benz-e-class-c207-coupé-coupé-2009–2013-distinct body-rubellite red metallic-mercedes-benz e-class c207-front-view.webp,_Remaining\Not Matched\mercedes-benz-e-class-c207-coupé-coupé-2009–2013-distinct body-rubellite red metallic-mercedes-benz e-class c207-front-view.webp,f2d84ddd8c23a258d67b68b38af72ff518d17bb1a1b98bf86aa280f104ef426e,sorted by class name ('e-class')
mercedes-benz-e-class-c207-facelift-coupé-2013–2017-new-magnetite black metallic-mercedes-benz e-class c207-45-angle-front-view.webp,E-Class\mercedes-benz-e-class-c207-facelift-coupé-2013–2017-new-magnetite black metallic-mercedes-benz e-class c207-45-angle-front-view.webp,_Remaining\Not Matched\mercedes-benz-e-class-c207-facelift-coupé-2013–2017-new-magnetite black metallic-mercedes-benz e-class c207-45-angle-front-view.webp,5d796ca9aa5c81e332b0d5618e0a0827f0c9a7cd143b5acca1657415d2518f27,sorted by class name ('e-class')
mercedes-benz-e-class-c207-facelift-coupé-2013–2017-new-magnetite black metallic-mercedes-benz e-class c207-back-view.webp,E-Class\mercedes-benz-e-class-c207-facelift-coupé-2013–2017-new-magnetite black metallic-mercedes-benz e-class c207-back-view.webp,_Remaining\Not Matched\mercedes-benz-e-class-c207-facelift-coupé-2013–2017-new-magnetite black metallic-mercedes-benz e-class c207-back-view.webp,138b7229c9b06ae8da7b3d8f3fb3f9c0cf4797d55723140fa35657e450cd54ec,sorted by class name ('e-class')
mercedes-benz-e-class-c207-facelift-coupé-2013–2017-new-magnetite black metallic-mercedes-benz e-class c207-flat-side-view.webp,E-Class\mercedes-benz-e-class-c207-facelift-coupé-2013–2017-new-magnetite black metallic-mercedes-benz e-class c207-flat-side-view.webp,_Remaining\Not Matched\mercedes-benz-e-class-c207-facelift-coupé-2013–2017-new-magnetite black metallic-mercedes-benz e-class c207-flat-side-view.webp,40b0871f947fcdd204442205917688e533acda9b9d1b321ec94f32640e7b1483,sorted by class name ('e-class')
mercedes-benz-e-class-c207-facelift-coupé-2013–2017-new-magnetite black metallic-mercedes-benz e-class c207-front-view.webp,E-Class\mercedes-benz-e-class-c207-facelift-coupé-2013–2017-new-magnetite black metallic-mercedes-benz e-class c207-front-view.webp,_Remaining\Not Matched\mercedes-benz-e-class-c207-facelift-coupé-2013–2017-new-magnetite black metallic-mercedes-benz e-class c207-front-view.webp,6e0e63cf9ee40214664db842b5386ba1ed906e68398c5cb8348d82eea5314ea9,sorted by class name ('e-class')
mercedes-benz-e-class-c238-coupé-coupé-2017–2020-separate body-cosmos black metallic-mercedes-benz e-class c238-45-angle-front-view.webp,E-Class\mercedes-benz-e-class-c238-coupé-coupé-2017–2020-separate body-cosmos black metallic-mercedes-benz e-class c238-45-angle-front-view.webp,_Remaining\Not Matched\mercedes-benz-e-class-c238-coupé-coupé-2017–2020-separate body-cosmos black metallic-mercedes-benz e-class c238-45-angle-front-view.webp,bff742b941faa4f009665ba9e000b2b319b8b483a57944cb14c96d957d6a6cbb,sorted by class name ('e-class')
mercedes-benz-e-class-c238-coupé-coupé-2017–2020-separate body-cosmos black metallic-mercedes-benz e-class c238-back-view.webp,E-Class\mercedes-benz-e-class-c238-coupé-coupé-2017–2020-separate body-cosmos black metallic-mercedes-benz e-class c238-back-view.webp,_Remaining\Not Matched\mercedes-benz-e-class-c238-coupé-coupé-2017–2020-separate body-cosmos black metallic-mercedes-benz e-class c238-back-view.webp,b37c80cbdbfeb06868658f3ab55595735e0f0b576cda7ca05a62cc5bc4741a43,sorted by class name ('e-class')
mercedes-benz-e-class-c238-coupé-coupé-2017–2020-separate body-cosmos black metallic-mercedes-benz e-class c238-flat-side-view.webp,E-Class\mercedes-benz-e-class-c238-coupé-coupé-2017–2020-separate body-cosmos black metallic-mercedes-benz e-class c238-flat-side-view.webp,_Remaining\Not Matched\mercedes-benz-e-class-c238-coupé-coupé-2017–2020-separate body-cosmos black metallic-mercedes-benz e-class c238-flat-side-view.webp,595b7659c8889d7bedffa84067bb4613b773bf095338c0eea9f525ea8f5c3e0e,sorted by class name ('e-class')
mercedes-benz-e-class-c238-coupé-coupé-2017–2020-separate body-cosmos black metallic-mercedes-benz e-class c238-front-view.webp,E-Class\mercedes-benz-e-class-c238-coupé-coupé-2017–2020-separate body-cosmos black metallic-mercedes-benz e-class c238-front-view.webp,_Remaining\Not Matched\mercedes-benz-e-class-c238-coupé-coupé-2017–2020-separate body-cosmos black metallic-mercedes-benz e-class c238-front-view.webp,557af8e947e757e18d98d9a6182864c860e39135cd48fffa520882d887c83d9b,sorted by class name ('e-class')
mercedes-benz-e-class-c238-facelift-coupé-2020–2023-new-calcite white-mercedes-benz e-class c238-45-angle-front-view.webp,E-Class\mercedes-benz-e-class-c238-facelift-coupé-2020–2023-new-calcite white-mercedes-benz e-class c238-45-angle-front-view.webp,_Remaining\Not Matched\mercedes-benz-e-class-c238-facelift-coupé-2020–2023-new-calcite white-mercedes-benz e-class c238-45-angle-front-view.webp,b1ab5191abc371023374732595a197e44636e99d96caf88a1b074131b14b0edb,sorted by class name ('e-class')
mercedes-benz-e-class-c238-facelift-coupé-2020–2023-new-calcite white-mercedes-benz e-class c238-back-view.webp,E-Class\mercedes-benz-e-class-c238-facelift-coupé-2020–2023-new-calcite white-mercedes-benz e-class c238-back-view.webp,_Remaining\Not Matched\mercedes-benz-e-class-c238-facelift-coupé-2020–2023-new-calcite white-mercedes-benz e-class c238-back-view.webp,f7f0f65e172dc496f918ea8f2e39f67972ccb634c725f879b66cda1cd6110237,sorted by class name ('e-class')
mercedes-benz-e-class-c238-facelift-coupé-2020–2023-new-calcite white-mercedes-benz e-class c238-flat-side-view.webp,E-Class\mercedes-benz-e-class-c238-facelift-coupé-2020–2023-new-calcite white-mercedes-benz e-class c238-flat-side-view.webp,_Remaining\Not Matched\mercedes-benz-e-class-c238-facelift-coupé-2020–2023-new-calcite white-mercedes-benz e-class c238-flat-side-view.webp,6f438925048fe40e2a4db4bc955e813ab65f0576c49edd0930f2cb81a60ea5dc,sorted by class name ('e-class')
mercedes-benz-e-class-c238-facelift-coupé-2020–2023-new-calcite white-mercedes-benz e-class c238-front-view.webp,E-Class\mercedes-benz-e-class-c238-facelift-coupé-2020–2023-new-calcite white-mercedes-benz e-class c238-front-view.webp,_Remaining\Not Matched\mercedes-benz-e-class-c238-facelift-coupé-2020–2023-new-calcite white-mercedes-benz e-class c238-front-view.webp,ecf672cd2346a86b06bd7cd082b6072d55ea15c9d1c8276f186657a463f31d8a,sorted by class name ('e-class')
mercedes-benz-e-class-s123-t-modell-estate-1978–1985-completely different rear body-moonlight silver metallic-mercedes-benz e-class s123-45-angle-front-view.webp,E-Class\mercedes-benz-e-class-s123-t-modell-estate-1978–1985-completely different rear body-moonlight silver metallic-mercedes-benz e-class s123-45-angle-front-view.webp,_Remaining\Not Matched\mercedes-benz-e-class-s123-t-modell-estate-1978–1985-completely different rear body-moonlight silver metallic-mercedes-benz e-class s123-45-angle-front-view.webp,dc2c8274562630069a275bdfa21c2cd1eea5237432582296eaf8a31e1c29bc5e,sorted by class name ('e-class')
mercedes-benz-e-class-s123-t-modell-estate-1978–1985-completely different rear body-moonlight silver metallic-mercedes-benz e-class s123-back-view.webp,E-Class\mercedes-benz-e-class-s123-t-modell-estate-1978–1985-completely different rear body-moonlight silver metallic-mercedes-benz e-class s123-back-view.webp,_Remaining\Not Matched\mercedes-benz-e-class-s123-t-modell-estate-1978–1985-completely different rear body-moonlight silver metallic-mercedes-benz e-class s123-back-view.webp,6290724ad934ea36ceea82650ee8aad797410d439ac718408a2f5ddef5c45bc3,sorted by class name ('e-class')
mercedes-benz-e-class-s123-t-modell-estate-1978–1985-completely different rear body-moonlight silver metallic-mercedes-benz e-class s123-flat-side-view.webp,E-Class\mercedes-benz-e-class-s123-t-modell-estate-1978–1985-completely different rear body-moonlight silver metallic-mercedes-benz e-class s123-flat-side-view.webp,_Remaining\Not Matched\mercedes-benz-e-class-s123-t-modell-estate-1978–1985-completely different rear body-moonlight silver metallic-mercedes-benz e-class s123-flat-side-view.webp,819f755fcc312f95fbb24cc7123a6b97f68aee57306c681d44f0661a58b56241,sorted by class name ('e-class')
mercedes-benz-e-class-s123-t-modell-estate-1978–1985-completely different rear body-moonlight silver metallic-mercedes-benz e-class s123-front-view.webp,E-Class\mercedes-benz-e-class-s123-t-modell-estate-1978–1985-completely different rear body-moonlight silver metallic-mercedes-benz e-class s123-front-view.webp,_Remaining\Not Matched\mercedes-benz-e-class-s123-t-modell-estate-1978–1985-completely different rear body-moonlight silver metallic-mercedes-benz e-class s123-front-view.webp,539152f9d98cbd1d4b7af147a159b436ea3f843e3671be09f074c0de13400277,sorted by class name ('e-class')
mercedes-benz-e-class-s124-estate-estate-1985–1996-new-polar white-mercedes-benz e-class s124 -45-angle-front-view.webp,E-Class\mercedes-benz-e-class-s124-estate-estate-1985–1996-new-polar white-mercedes-benz e-class s124 -45-angle-front-view.webp,_Remaining\Not Matched\mercedes-benz-e-class-s124-estate-estate-1985–1996-new-polar white-mercedes-benz e-class s124 -45-angle-front-view.webp,e75ff592708d3bcff83f41357dcd095435e15692f3215344fb8aedb9dbf39516,sorted by class name ('e-class')
mercedes-benz-e-class-s124-estate-estate-1985–1996-new-polar white-mercedes-benz e-class s124 -back-view.webp,E-Class\mercedes-benz-e-class-s124-estate-estate-1985–1996-new-polar white-mercedes-benz e-class s124 -back-view.webp,_Remaining\Not Matched\mercedes-benz-e-class-s124-estate-estate-1985–1996-new-polar white-mercedes-benz e-class s124 -back-view.webp,b661e5bc1116785f94b3a5c0cd74740a5b03ce4335c671ed5ab03ef41ca58981,sorted by class name ('e-class')
mercedes-benz-e-class-s124-estate-estate-1985–1996-new-polar white-mercedes-benz e-class s124 -flat-side-view.webp,E-Class\mercedes-benz-e-class-s124-estate-estate-1985–1996-new-polar white-mercedes-benz e-class s124 -flat-side-view.webp,_Remaining\Not Matched\mercedes-benz-e-class-s124-estate-estate-1985–1996-new-polar white-mercedes-benz e-class s124 -flat-side-view.webp,e0316724dbdac41a7b057eeef329f1137643a2f3a7deb1bc429b57f586e0044d,sorted by class name ('e-class')
mercedes-benz-e-class-s124-estate-estate-1985–1996-new-polar white-mercedes-benz e-class s124 -front-view.webp,E-Class\mercedes-benz-e-class-s124-estate-estate-1985–1996-new-polar white-mercedes-benz e-class s124 -front-view.webp,_Remaining\Not Matched\mercedes-benz-e-class-s124-estate-estate-1985–1996-new-polar white-mercedes-benz e-class s124 -front-view.webp,528f7eb3bb6d6a32100c0f45d33059fca32e4819b1c24b0371e1eac850729ace,sorted by class name ('e-class')
mercedes-benz-e-class-s210-estate-estate-1996–1999-different body-nautical blue metallic-mercedes-benz e-class s210-45-angle-front-view.webp,E-Class\mercedes-benz-e-class-s210-estate-estate-1996–1999-different body-nautical blue metallic-mercedes-benz e-class s210-45-angle-front-view.webp,_Remaining\Not Matched\mercedes-benz-e-class-s210-estate-estate-1996–1999-different body-nautical blue metallic-mercedes-benz e-class s210-45-angle-front-view.webp,d48bbc0e31f4579177040c3b69ef2f8f2e122e6091b3c52c24117fe937d777d1,sorted by class name ('e-class')
mercedes-benz-e-class-s210-estate-estate-1996–1999-different body-nautical blue metallic-mercedes-benz e-class s210-back-view.webp,E-Class\mercedes-benz-e-class-s210-estate-estate-1996–1999-different body-nautical blue metallic-mercedes-benz e-class s210-back-view.webp,_Remaining\Not Matched\mercedes-benz-e-class-s210-estate-estate-1996–1999-different body-nautical blue metallic-mercedes-benz e-class s210-back-view.webp,b4a8a68658be5de171f8d0755f7dd3daaebe033f077c640020a08e9f4ec5cb0a,sorted by class name ('e-class')
mercedes-benz-e-class-s210-estate-estate-1996–1999-different body-nautical blue metallic-mercedes-benz e-class s210-flat-side-view.webp,E-Class\mercedes-benz-e-class-s210-estate-estate-1996–1999-different body-nautical blue metallic-mercedes-benz e-class s210-flat-side-view.webp,_Remaining\Not Matched\mercedes-benz-e-class-s210-estate-estate-1996–1999-different body-nautical blue metallic-mercedes-benz e-class s210-flat-side-view.webp,c66fe16a68222795bf2365b0bc7fc4b87ff768edecf22bd46ac9edbbbc5a30c5,sorted by class name ('e-class')
mercedes-benz-e-class-s210-estate-estate-1996–1999-different body-nautical blue metallic-mercedes-benz e-class s210-front-view.webp,E-Class\mercedes-benz-e-class-s210-estate-estate-1996–1999-different body-nautical blue metallic-mercedes-benz e-class s210-front-view.webp,_Remaining\Not Matched\mercedes-benz-e-class-s210-estate-estate-1996–1999-different body-nautical blue metallic-mercedes-benz e-class s210-front-view.webp,a5743c826ed3846f16f432aca79f878fb1cd6c2dc06c631e70a449b86ad45cdd,sorted by class name ('e-class')
mercedes-benz-e-class-s210-facelift-estate-1999–2003-new-anthracite grey metallic-mercedes-benz e-class s210-45-angle-front-view.webp,E-Class\mercedes-benz-e-class-s210-facelift-estate-1999–2003-new-anthracite grey metallic-mercedes-benz e-class s210-45-angle-front-view.webp,_Remaining\Not Matched\mercedes-benz-e-class-s210-facelift-estate-1999–2003-new-anthracite grey metallic-mercedes-benz e-class s210-45-angle-front-view.webp,a42e4db689b7cf1c30252cfd21ad8adcd9156851fbc7ca17614873a77c6b996f,sorted by class name ('e-class')
mercedes-benz-e-class-s210-facelift-estate-1999–2003-new-anthracite grey metallic-mercedes-benz e-class s210-back-view.webp,E-Class\mercedes-benz-e-class-s210-facelift-estate-1999–2003-new-anthracite grey metallic-mercedes-benz e-class s210-back-view.webp,_Remaining\Not Matched\mercedes-benz-e-class-s210-facelift-estate-1999–2003-new-anthracite grey metallic-mercedes-benz e-class s210-back-view.webp,0a7ef45836d20391080161a786b4d0fafff8ac1bf73785f84af647a2cae9c014,sorted by class name ('e-class')
mercedes-benz-e-class-s210-facelift-estate-1999–2003-new-anthracite grey metallic-mercedes-benz e-class s210-flat-side-view.webp,E-Class\mercedes-benz-e-class-s210-facelift-estate-1999–2003-new-anthracite grey metallic-mercedes-benz e-class s210-flat-side-view.webp,_Remaining\Not Matched\mercedes-benz-e-class-s210-facelift-estate-1999–2003-new-anthracite grey metallic-mercedes-benz e-class s210-flat-side-view.webp,93d6c3ce04e5c621a7d2e4672c0e09b3b9ce878c0f1ed48dab431b3f7cdb9751,sorted by class name ('e-class')
mercedes-benz-e-class-s210-facelift-estate-1999–2003-new-anthracite grey metallic-mercedes-benz e-class s210-front-view.webp,E-Class\mercedes-benz-e-class-s210-facelift-estate-1999–2003-new-anthracite grey metallic-mercedes-benz e-class s210-front-view.webp,_Remaining\Not Matched\mercedes-benz-e-class-s210-facelift-estate-1999–2003-new-anthracite grey metallic-mercedes-benz e-class s210-front-view.webp,55efdef5233fa3ec3edb97de3d601ba24088b1f840cc5fa4f5f1710ddad3fd6e,sorted by class name ('e-class')
mercedes-benz-e-class-s211-estate-estate-2003–2006-separate body-tourmaline green metallic-mercedes-benz e-class s211-45-angle-front-view.webp,E-Class\mercedes-benz-e-class-s211-estate-estate-2003–2006-separate body-tourmaline green metallic-mercedes-benz e-class s211-45-angle-front-view.webp,_Remaining\Not Matched\mercedes-benz-e-class-s211-estate-estate-2003–2006-separate body-tourmaline green metallic-mercedes-benz e-class s211-45-angle-front-view.webp,b4844b2853907016976a16f76f05bf201ed6f340f3071a3813906940c872be3b,sorted by class name ('e-class')
mercedes-benz-e-class-s211-estate-estate-2003–2006-separate body-tourmaline green metallic-mercedes-benz e-class s211-back-view.webp,E-Class\mercedes-benz-e-class-s211-estate-estate-2003–2006-separate body-tourmaline green metallic-mercedes-benz e-class s211-back-view.webp,_Remaining\Not Matched\mercedes-benz-e-class-s211-estate-estate-2003–2006-separate body-tourmaline green metallic-mercedes-benz e-class s211-back-view.webp,412693eecef6588b7b9201fea6ce4c7e90e8ab55df171967d20b55383592aed7,sorted by class name ('e-class')
mercedes-benz-e-class-s211-estate-estate-2003–2006-separate body-tourmaline green metallic-mercedes-benz e-class s211-flat-side-view.webp,E-Class\mercedes-benz-e-class-s211-estate-estate-2003–2006-separate body-tourmaline green metallic-mercedes-benz e-class s211-flat-side-view.webp,_Remaining\Not Matched\mercedes-benz-e-class-s211-estate-estate-2003–2006-separate body-tourmaline green metallic-mercedes-benz e-class s211-flat-side-view.webp,e30386409fbd5f5c216939edb08fbd0c2187f1be8fb6087dfa7ab95b494ec68a,sorted by class name ('e-class')
mercedes-benz-e-class-s211-estate-estate-2003–2006-separate body-tourmaline green metallic-mercedes-benz e-class s211-front-view.webp,E-Class\mercedes-benz-e-class-s211-estate-estate-2003–2006-separate body-tourmaline green metallic-mercedes-benz e-class s211-front-view.webp,_Remaining\Not Matched\mercedes-benz-e-class-s211-estate-estate-2003–2006-separate body-tourmaline green metallic-mercedes-benz e-class s211-front-view.webp,60705a02cfa2cf8fcefb95acfd6b3216fa19922420c28f16f0e0ff8b48a011f3,sorted by class name ('e-class')
mercedes-benz-e-class-s211-facelift-estate-2006–2009-new-hyacinth red metallic-mercedes-benz e-class s211-45-angle-front-view.webp,E-Class\mercedes-benz-e-class-s211-facelift-estate-2006–2009-new-hyacinth red metallic-mercedes-benz e-class s211-45-angle-front-view.webp,_Remaining\Not Matched\mercedes-benz-e-class-s211-facelift-estate-2006–2009-new-hyacinth red metallic-mercedes-benz e-class s211-45-angle-front-view.webp,4eca0e30ecabd5d86dd589cc160c2d267be30785db27e0840a37d0dbcaaec248,sorted by class name ('e-class')
mercedes-benz-e-class-s211-facelift-estate-2006–2009-new-hyacinth red metallic-mercedes-benz e-class s211-back-view.webp,E-Class\mercedes-benz-e-class-s211-facelift-estate-2006–2009-new-hyacinth red metallic-mercedes-benz e-class s211-back-view.webp,_Remaining\Not Matched\mercedes-benz-e-class-s211-facelift-estate-2006–2009-new-hyacinth red metallic-mercedes-benz e-class s211-back-view.webp,3de945604236c9d2ebcdd45b36820d7060b0a05b110a04b8f1fca6d321a7a84b,sorted by class name ('e-class')
mercedes-benz-e-class-s211-facelift-estate-2006–2009-new-hyacinth red metallic-mercedes-benz e-class s211-flat-side-view.webp,E-Class\mercedes-benz-e-class-s211-facelift-estate-2006–2009-new-hyacinth red metallic-mercedes-benz e-class s211-flat-side-view.webp,_Remaining\Not Matched\mercedes-benz-e-class-s211-facelift-estate-2006–2009-new-hyacinth red metallic-mercedes-benz e-class s211-flat-side-view.webp,9d8ea7fcb4c0e436b99d04ca70280dfb853259873e0048a175ed5731de3ee797,sorted by class name ('e-class')
mercedes-benz-e-class-s211-facelift-estate-2006–2009-new-hyacinth red metallic-mercedes-benz e-class s211-front-view.webp,E-Class\mercedes-benz-e-class-s211-facelift-estate-2006–2009-new-hyacinth red metallic-mercedes-benz e-class s211-front-view.webp,_Remaining\Not Matched\mercedes-benz-e-class-s211-facelift-estate-2006–2009-new-hyacinth red metallic-mercedes-benz e-class s211-front-view.webp,f86d66c942eb7940473ed6b3912d53b1d1de4317b78513ae5133b27f96411a1e,sorted by class name ('e-class')
mercedes-benz-e-class-s212-estate-estate-2009–2013-separate body-iridium silver metallic-mercedes-benz e-class s212-45-angle-front-view.webp,E-Class\mercedes-benz-e-class-s212-estate-estate-2009–2013-separate body-iridium silver metallic-mercedes-benz e-class s212-45-angle-front-view.webp,_Remaining\Not Matched\mercedes-benz-e-class-s212-estate-estate-2009–2013-separate body-iridium silver metallic-mercedes-benz e-class s212-45-angle-front-view.webp,293671c1b8c1561d9de1703619fa734c9a129de66ccd9b3aa020ca07063b5924,sorted by class name ('e-class')
mercedes-benz-e-class-s212-estate-estate-2009–2013-separate body-iridium silver metallic-mercedes-benz e-class s212-back-view.webp,E-Class\mercedes-benz-e-class-s212-estate-estate-2009–2013-separate body-iridium silver metallic-mercedes-benz e-class s212-back-view.webp,_Remaining\Not Matched\mercedes-benz-e-class-s212-estate-estate-2009–2013-separate body-iridium silver metallic-mercedes-benz e-class s212-back-view.webp,e5be08cd0ccbcfd5c0a36223881c1198b1f6991346b7e3b1eaa6b6f114581ff2,sorted by class name ('e-class')
mercedes-benz-e-class-s212-estate-estate-2009–2013-separate body-iridium silver metallic-mercedes-benz e-class s212-flat-side-view.webp,E-Class\mercedes-benz-e-class-s212-estate-estate-2009–2013-separate body-iridium silver metallic-mercedes-benz e-class s212-flat-side-view.webp,_Remaining\Not Matched\mercedes-benz-e-class-s212-estate-estate-2009–2013-separate body-iridium silver metallic-mercedes-benz e-class s212-flat-side-view.webp,fae9961953fd15345922bb4aff18634981a508d1a87cfc2d2d7d570be4bfd679,sorted by class name ('e-class')
mercedes-benz-e-class-s212-estate-estate-2009–2013-separate body-iridium silver metallic-mercedes-benz e-class s212-front-view.webp,E-Class\mercedes-benz-e-class-s212-estate-estate-2009–2013-separate body-iridium silver metallic-mercedes-benz e-class s212-front-view.webp,_Remaining\Not Matched\mercedes-benz-e-class-s212-estate-estate-2009–2013-separate body-iridium silver metallic-mercedes-benz e-class s212-front-view.webp,db6ecaa777aa8875db847a03661bed9b98909a28373d65f9d1e2ad0d30c497d6,sorted by class name ('e-class')
mercedes-benz-e-class-s212-facelift-estate-2013–2016-new-brilliant blue metallic-mercedes-benz e-class s212-45-angle-front-view.webp,E-Class\mercedes-benz-e-class-s212-facelift-estate-2013–2016-new-brilliant blue metallic-mercedes-benz e-class s212-45-angle-front-view.webp,_Remaining\Not Matched\mercedes-benz-e-class-s212-facelift-estate-2013–2016-new-brilliant blue metallic-mercedes-benz e-class s212-45-angle-front-view.webp,75e3931df878c73e67c43030694f7202215adcc94f6eacfb85379546a5973912,sorted by class name ('e-class')
mercedes-benz-e-class-s212-facelift-estate-2013–2016-new-brilliant blue metallic-mercedes-benz e-class s212-back-view.webp,E-Class\mercedes-benz-e-class-s212-facelift-estate-2013–2016-new-brilliant blue metallic-mercedes-benz e-class s212-back-view.webp,_Remaining\Not Matched\mercedes-benz-e-class-s212-facelift-estate-2013–2016-new-brilliant blue metallic-mercedes-benz e-class s212-back-view.webp,ae3b95b24c484a7a38b2bf8ea7966f88717e2f8c37596f3c559e06078548c8a9,sorted by class name ('e-class')
mercedes-benz-e-class-s212-facelift-estate-2013–2016-new-brilliant blue metallic-mercedes-benz e-class s212-flat-side-view.webp,E-Class\mercedes-benz-e-class-s212-facelift-estate-2013–2016-new-brilliant blue metallic-mercedes-benz e-class s212-flat-side-view.webp,_Remaining\Not Matched\mercedes-benz-e-class-s212-facelift-estate-2013–2016-new-brilliant blue metallic-mercedes-benz e-class s212-flat-side-view.webp,07293bd17e7d82bcd79d158f56c8dc62a91776c9d9e241579ea03b9132ccb51f,sorted by class name ('e-class')
mercedes-benz-e-class-s212-facelift-estate-2013–2016-new-brilliant blue metallic-mercedes-benz e-class s212-front-view.webp,E-Class\mercedes-benz-e-class-s212-facelift-estate-2013–2016-new-brilliant blue metallic-mercedes-benz e-class s212-front-view.webp,_Remaining\Not Matched\mercedes-benz-e-class-s212-facelift-estate-2013–2016-new-brilliant blue metallic-mercedes-benz e-class s212-front-view.webp,6a5e7615f91bafe2e762dd3db156823bad70e1e2ca1d0d0e912a010c33709092,sorted by class name ('e-class')
mercedes-benz-e-class-s213-estate-estate-2016–2020-separate body-fire opal red-mercedes-benz e-class s213-45-angle-front-view.webp,E-Class\mercedes-benz-e-class-s213-estate-estate-2016–2020-separate body-fire opal red-mercedes-benz e-class s213-45-angle-front-view.webp,_Remaining\Not Matched\mercedes-benz-e-class-s213-estate-estate-2016–2020-separate body-fire opal red-mercedes-benz e-class s213-45-angle-front-view.webp,d1a6057bd740f37d44ebd877ec165ca3922a9f828672048db8ba03e1d695aa2d,sorted by class name ('e-class')
mercedes-benz-e-class-s213-estate-estate-2016–2020-separate body-fire opal red-mercedes-benz e-class s213-back-view.webp,E-Class\mercedes-benz-e-class-s213-estate-estate-2016–2020-separate body-fire opal red-mercedes-benz e-class s213-back-view.webp,_Remaining\Not Matched\mercedes-benz-e-class-s213-estate-estate-2016–2020-separate body-fire opal red-mercedes-benz e-class s213-back-view.webp,c9816ca7a9f15678b93bd451d25f1a533e6901deb57b06938ab7ff8754154763,sorted by class name ('e-class')
mercedes-benz-e-class-s213-estate-estate-2016–2020-separate body-fire opal red-mercedes-benz e-class s213-flat-side-view.webp,E-Class\mercedes-benz-e-class-s213-estate-estate-2016–2020-separate body-fire opal red-mercedes-benz e-class s213-flat-side-view.webp,_Remaining\Not Matched\mercedes-benz-e-class-s213-estate-estate-2016–2020-separate body-fire opal red-mercedes-benz e-class s213-flat-side-view.webp,dbd57b2ed4f4088b72019c06cb5c111a3191545cecdf72afd29609af36b347c5,sorted by class name ('e-class')
mercedes-benz-e-class-s213-estate-estate-2016–2020-separate body-fire opal red-mercedes-benz e-class s213-front-view.webp,E-Class\mercedes-benz-e-class-s213-estate-estate-2016–2020-separate body-fire opal red-mercedes-benz e-class s213-front-view.webp,_Remaining\Not Matched\mercedes-benz-e-class-s213-estate-estate-2016–2020-separate body-fire opal red-mercedes-benz e-class s213-front-view.webp,3393e66c8e8d359aece8b42b03d60b4c17873d08d53f3248fee0fa1ff21d12f3,sorted by class name ('e-class')
mercedes-benz-e-class-s213-facelift-estate-2020–2023-new-diamond silver metallic-mercedes-benz e-class s213-45-angle-front-view.webp,E-Class\mercedes-benz-e-class-s213-facelift-estate-2020–2023-new-diamond silver metallic-mercedes-benz e-class s213-45-angle-front-view.webp,_Remaining\Not Matched\mercedes-benz-e-class-s213-facelift-estate-2020–2023-new-diamond silver metallic-mercedes-benz e-class s213-45-angle-front-view.webp,6af49944150044a911fe7eb6578705e41922894876da2fa58abc50328286d6bf,sorted by class name ('e-class')
mercedes-benz-e-class-s213-facelift-estate-2020–2023-new-diamond silver metallic-mercedes-benz e-class s213-back-view.webp,E-Class\mercedes-benz-e-class-s213-facelift-estate-2020–2023-new-diamond silver metallic-mercedes-benz e-class s213-back-view.webp,_Remaining\Not Matched\mercedes-benz-e-class-s213-facelift-estate-2020–2023-new-diamond silver metallic-mercedes-benz e-class s213-back-view.webp,87131f0682df8ececbc897ced9eb05e5b41edbbb1ff69cda46af6cd2cef3422c,sorted by class name ('e-class')
mercedes-benz-e-class-s213-facelift-estate-2020–2023-new-diamond silver metallic-mercedes-benz e-class s213-flat-side-view.webp,E-Class\mercedes-benz-e-class-s213-facelift-estate-2020–2023-new-diamond silver metallic-mercedes-benz e-class s213-flat-side-view.webp,_Remaining\Not Matched\mercedes-benz-e-class-s213-facelift-estate-2020–2023-new-diamond silver metallic-mercedes-benz e-class s213-flat-side-view.webp,2368f2193f027581653fda306f8e84f0b7e05b2199ec8e39be6f47d8b7171766,sorted by class name ('e-class')
mercedes-benz-e-class-s213-facelift-estate-2020–2023-new-diamond silver metallic-mercedes-benz e-class s213-front-view.webp,E-Class\mercedes-benz-e-class-s213-facelift-estate-2020–2023-new-diamond silver metallic-mercedes-benz e-class s213-front-view.webp,_Remaining\Not Matched\mercedes-benz-e-class-s213-facelift-estate-2020–2023-new-diamond silver metallic-mercedes-benz e-class s213-front-view.webp,5b4704d339f4abb49a36169188a376dfc40b60bdca09e63ce56602f72e2b9a7a,sorted by class name ('e-class')
mercedes-benz-e-class-s214-estate-estate-2023–-new-generation estate-rock crystal white-mercedes-benz e-class s214-45-angle-front-view.webp,E-Class\mercedes-benz-e-class-s214-estate-estate-2023–-new-generation estate-rock crystal white-mercedes-benz e-class s214-45-angle-front-view.webp,_Remaining\Not Matched\mercedes-benz-e-class-s214-estate-estate-2023–-new-generation estate-rock crystal white-mercedes-benz e-class s214-45-angle-front-view.webp,9232bc2524f84f63f96437fa5da34514f7aba8d33bb628d05230c7f408b9f5a4,sorted by class name ('e-class')
mercedes-benz-e-class-s214-estate-estate-2023–-new-generation estate-rock crystal white-mercedes-benz e-class s214-back-view.webp,E-Class\mercedes-benz-e-class-s214-estate-estate-2023–-new-generation estate-rock crystal white-mercedes-benz e-class s214-back-view.webp,_Remaining\Not Matched\mercedes-benz-e-class-s214-estate-estate-2023–-new-generation estate-rock crystal white-mercedes-benz e-class s214-back-view.webp,daded1b0afa22d0836a13c55ead9356573496cf4681ae8762ac18f2661a5370f,sorted by class name ('e-class')
mercedes-benz-e-class-s214-estate-estate-2023–-new-generation estate-rock crystal white-mercedes-benz e-class s214-flat-side-view.webp,E-Class\mercedes-benz-e-class-s214-estate-estate-2023–-new-generation estate-rock crystal white-mercedes-benz e-class s214-flat-side-view.webp,_Remaining\Not Matched\mercedes-benz-e-class-s214-estate-estate-2023–-new-generation estate-rock crystal white-mercedes-benz e-class s214-flat-side-view.webp,c023f63e495ce06efb8afa3f4b11019b875cb2182714fea735a5e123c70e9da1,sorted by class name ('e-class')
mercedes-benz-e-class-s214-estate-estate-2023–-new-generation estate-rock crystal white-mercedes-benz e-class s214-front-view.webp,E-Class\mercedes-benz-e-class-s214-estate-estate-2023–-new-generation estate-rock crystal white-mercedes-benz e-class s214-front-view.webp,_Remaining\Not Matched\mercedes-benz-e-class-s214-estate-estate-2023–-new-generation estate-rock crystal white-mercedes-benz e-class s214-front-view.webp,2889f0d2f32800c217c9a773587e5a775046a1d4ab1c68282f5b6da2308526f1,sorted by class name ('e-class')
mercedes-benz-e-class-w123-e-class standard-saloon-1976–1985-original major e-class lineage; distinct body-horizon blue metallic-mercedes-benz e-class w123-45-angle-front-view.webp,E-Class\mercedes-benz-e-class-w123-e-class standard-saloon-1976–1985-original major e-class lineage; distinct body-horizon blue metallic-mercedes-benz e-class w123-45-angle-front-view.webp,_Remaining\Not Matched\mercedes-benz-e-class-w123-e-class standard-saloon-1976–1985-original major e-class lineage; distinct body-horizon blue metallic-mercedes-benz e-class w123-45-angle-front-view.webp,09476cc4c9e0e0bc7ed6cc6fafcde45c40e462335c23258a03259f62b469b47a,sorted by class name ('e-class')
mercedes-benz-e-class-w123-e-class standard-saloon-1976–1985-original major e-class lineage; distinct body-horizon blue metallic-mercedes-benz e-class w123-back-view.webp,E-Class\mercedes-benz-e-class-w123-e-class standard-saloon-1976–1985-original major e-class lineage; distinct body-horizon blue metallic-mercedes-benz e-class w123-back-view.webp,_Remaining\Not Matched\mercedes-benz-e-class-w123-e-class standard-saloon-1976–1985-original major e-class lineage; distinct body-horizon blue metallic-mercedes-benz e-class w123-back-view.webp,36e021a9e37b247b9eb44b664750573884f3b0e52d45ee0943a14ce2951233d5,sorted by class name ('e-class')
mercedes-benz-e-class-w123-e-class standard-saloon-1976–1985-original major e-class lineage; distinct body-horizon blue metallic-mercedes-benz e-class w123-flat-side-view.webp,E-Class\mercedes-benz-e-class-w123-e-class standard-saloon-1976–1985-original major e-class lineage; distinct body-horizon blue metallic-mercedes-benz e-class w123-flat-side-view.webp,_Remaining\Not Matched\mercedes-benz-e-class-w123-e-class standard-saloon-1976–1985-original major e-class lineage; distinct body-horizon blue metallic-mercedes-benz e-class w123-flat-side-view.webp,e633c3061e9c7fdddd866f227eb9a3ef5ba8a8349ba4b78c9c3b48b4efd2b776,sorted by class name ('e-class')
mercedes-benz-e-class-w123-e-class standard-saloon-1976–1985-original major e-class lineage; distinct body-horizon blue metallic-mercedes-benz e-class w123-front-view.webp,E-Class\mercedes-benz-e-class-w123-e-class standard-saloon-1976–1985-original major e-class lineage; distinct body-horizon blue metallic-mercedes-benz e-class w123-front-view.webp,_Remaining\Not Matched\mercedes-benz-e-class-w123-e-class standard-saloon-1976–1985-original major e-class lineage; distinct body-horizon blue metallic-mercedes-benz e-class w123-front-view.webp,2310a50ca92324c14a73dc34ceb192659f73a265603f921a394342c0e2706e6f,sorted by class name ('e-class')
mercedes-benz-e-class-w124-500e e500-performance saloon-1990–1995-special-brilliant silver metallic-mercedes-benz e-class w124-45-angle-front-view.webp,E-Class\mercedes-benz-e-class-w124-500e e500-performance saloon-1990–1995-special-brilliant silver metallic-mercedes-benz e-class w124-45-angle-front-view.webp,_Remaining\Not Matched\mercedes-benz-e-class-w124-500e e500-performance saloon-1990–1995-special-brilliant silver metallic-mercedes-benz e-class w124-45-angle-front-view.webp,51caa0e6e2959e5909609c5e83090d56aa3170f0166b42fb36b962da5da3d469,sorted by class name ('e-class')
mercedes-benz-e-class-w124-500e e500-performance saloon-1990–1995-special-brilliant silver metallic-mercedes-benz e-class w124-back-view.webp,E-Class\mercedes-benz-e-class-w124-500e e500-performance saloon-1990–1995-special-brilliant silver metallic-mercedes-benz e-class w124-back-view.webp,_Remaining\Not Matched\mercedes-benz-e-class-w124-500e e500-performance saloon-1990–1995-special-brilliant silver metallic-mercedes-benz e-class w124-back-view.webp,1d5891b21302005beec50b95a5eed2838c0b282abb83252415c56908604e7c72,sorted by class name ('e-class')
mercedes-benz-e-class-w124-500e e500-performance saloon-1990–1995-special-brilliant silver metallic-mercedes-benz e-class w124-flat-side-view.webp,E-Class\mercedes-benz-e-class-w124-500e e500-performance saloon-1990–1995-special-brilliant silver metallic-mercedes-benz e-class w124-flat-side-view.webp,_Remaining\Not Matched\mercedes-benz-e-class-w124-500e e500-performance saloon-1990–1995-special-brilliant silver metallic-mercedes-benz e-class w124-flat-side-view.webp,0843f80b164377051b49cde8586daa477b5ba0ff81f584edb13a538e9fdb5071,sorted by class name ('e-class')
mercedes-benz-e-class-w124-500e e500-performance saloon-1990–1995-special-brilliant silver metallic-mercedes-benz e-class w124-front-view.webp,E-Class\mercedes-benz-e-class-w124-500e e500-performance saloon-1990–1995-special-brilliant silver metallic-mercedes-benz e-class w124-front-view.webp,_Remaining\Not Matched\mercedes-benz-e-class-w124-500e e500-performance saloon-1990–1995-special-brilliant silver metallic-mercedes-benz e-class w124-front-view.webp,02e8cae4b5a7d2100ca1d1b552dd58b7ae2c91820e651916b70b44e80fd3e6a2,sorted by class name ('e-class')
mercedes-benz-e-class-w124-saloon-saloon-1984–1993-completely new generation-black-mercedes-benz e-class w124 (2)-45-angle-front-view.webp,E-Class\mercedes-benz-e-class-w124-saloon-saloon-1984–1993-completely new generation-black-mercedes-benz e-class w124 (2)-45-angle-front-view.webp,_Remaining\Not Matched\mercedes-benz-e-class-w124-saloon-saloon-1984–1993-completely new generation-black-mercedes-benz e-class w124 (2)-45-angle-front-view.webp,41fa2e7847cc6c30dbacd946b0d8543e2a8fe487bdda713f57b46ac3cbbb747a,sorted by class name ('e-class')
mercedes-benz-e-class-w124-saloon-saloon-1984–1993-completely new generation-black-mercedes-benz e-class w124 (2)-back-view.webp,E-Class\mercedes-benz-e-class-w124-saloon-saloon-1984–1993-completely new generation-black-mercedes-benz e-class w124 (2)-back-view.webp,_Remaining\Not Matched\mercedes-benz-e-class-w124-saloon-saloon-1984–1993-completely new generation-black-mercedes-benz e-class w124 (2)-back-view.webp,3aea42c52eaadb83427ae31fdab50d31d00d87ef3d3f48556aa467ccc9454e42,sorted by class name ('e-class')
mercedes-benz-e-class-w124-saloon-saloon-1984–1993-completely new generation-black-mercedes-benz e-class w124 (2)-flat-side-view.webp,E-Class\mercedes-benz-e-class-w124-saloon-saloon-1984–1993-completely new generation-black-mercedes-benz e-class w124 (2)-flat-side-view.webp,_Remaining\Not Matched\mercedes-benz-e-class-w124-saloon-saloon-1984–1993-completely new generation-black-mercedes-benz e-class w124 (2)-flat-side-view.webp,d27ed5595c2f889a1dbfb3b50e41515fda8ffcf1061a36b8b1d10e8b6efb4433,sorted by class name ('e-class')
mercedes-benz-e-class-w124-saloon-saloon-1984–1993-completely new generation-black-mercedes-benz e-class w124 (2)-front-view.webp,E-Class\mercedes-benz-e-class-w124-saloon-saloon-1984–1993-completely new generation-black-mercedes-benz e-class w124 (2)-front-view.webp,_Remaining\Not Matched\mercedes-benz-e-class-w124-saloon-saloon-1984–1993-completely new generation-black-mercedes-benz e-class w124 (2)-front-view.webp,53abe349c182633cf71b55700a5d421bfe799896670c3d0e24432afce768565a,sorted by class name ('e-class')
mercedes-benz-e-class-w210 fl-e55 amg-performance saloon-1999–2002-facelifted amg-selenite grey metallic-mercedes-benz e-class w210 fl-45-angle-front-view.webp,E-Class\mercedes-benz-e-class-w210 fl-e55 amg-performance saloon-1999–2002-facelifted amg-selenite grey metallic-mercedes-benz e-class w210 fl-45-angle-front-view.webp,_Remaining\Not Matched\mercedes-benz-e-class-w210 fl-e55 amg-performance saloon-1999–2002-facelifted amg-selenite grey metallic-mercedes-benz e-class w210 fl-45-angle-front-view.webp,0391eee88277630785fc3bba1eb25c42c9ef4ffb5b5e91c3ae2b2ccdff1d354a,sorted by class name ('e-class')
mercedes-benz-e-class-w210 fl-e55 amg-performance saloon-1999–2002-facelifted amg-selenite grey metallic-mercedes-benz e-class w210 fl-back-view.webp,E-Class\mercedes-benz-e-class-w210 fl-e55 amg-performance saloon-1999–2002-facelifted amg-selenite grey metallic-mercedes-benz e-class w210 fl-back-view.webp,_Remaining\Not Matched\mercedes-benz-e-class-w210 fl-e55 amg-performance saloon-1999–2002-facelifted amg-selenite grey metallic-mercedes-benz e-class w210 fl-back-view.webp,eca21fe7b654ee77560e22755ecff39f8a2c4aac0d1b478c0c9fdd9464c41905,sorted by class name ('e-class')
mercedes-benz-e-class-w210 fl-e55 amg-performance saloon-1999–2002-facelifted amg-selenite grey metallic-mercedes-benz e-class w210 fl-flat-side-view.webp,E-Class\mercedes-benz-e-class-w210 fl-e55 amg-performance saloon-1999–2002-facelifted amg-selenite grey metallic-mercedes-benz e-class w210 fl-flat-side-view.webp,_Remaining\Not Matched\mercedes-benz-e-class-w210 fl-e55 amg-performance saloon-1999–2002-facelifted amg-selenite grey metallic-mercedes-benz e-class w210 fl-flat-side-view.webp,0f27553d1a504c2a61a9e49cdfe3c5331b84cb6c5e9d1f19acf0c39012a35162,sorted by class name ('e-class')
mercedes-benz-e-class-w210 fl-e55 amg-performance saloon-1999–2002-facelifted amg-selenite grey metallic-mercedes-benz e-class w210 fl-front-view.webp,E-Class\mercedes-benz-e-class-w210 fl-e55 amg-performance saloon-1999–2002-facelifted amg-selenite grey metallic-mercedes-benz e-class w210 fl-front-view.webp,_Remaining\Not Matched\mercedes-benz-e-class-w210 fl-e55 amg-performance saloon-1999–2002-facelifted amg-selenite grey metallic-mercedes-benz e-class w210 fl-front-view.webp,a05d36ced503e1605f27dc99c1b708286516e4c9505a2faf72e16f3f179981a4,sorted by class name ('e-class')
mercedes-benz-e-class-w210-facelift-saloon-1999–2002-new-almandine black metallic-mercedes-benz e-class w210-45-angle-front-view.webp,E-Class\mercedes-benz-e-class-w210-facelift-saloon-1999–2002-new-almandine black metallic-mercedes-benz e-class w210-45-angle-front-view.webp,_Remaining\Not Matched\mercedes-benz-e-class-w210-facelift-saloon-1999–2002-new-almandine black metallic-mercedes-benz e-class w210-45-angle-front-view.webp,845b9e207ebcb534d902a83009f9ca360f9953f66a0e6f3dec21237aae3511d4,sorted by class name ('e-class')
mercedes-benz-e-class-w210-facelift-saloon-1999–2002-new-almandine black metallic-mercedes-benz e-class w210-back-view.webp,E-Class\mercedes-benz-e-class-w210-facelift-saloon-1999–2002-new-almandine black metallic-mercedes-benz e-class w210-back-view.webp,_Remaining\Not Matched\mercedes-benz-e-class-w210-facelift-saloon-1999–2002-new-almandine black metallic-mercedes-benz e-class w210-back-view.webp,1fda84aea3a5c85e3fa496ab53e7ebd5877d399f85ce75eab901131978518403,sorted by class name ('e-class')
mercedes-benz-e-class-w210-facelift-saloon-1999–2002-new-almandine black metallic-mercedes-benz e-class w210-flat-side-view.webp,E-Class\mercedes-benz-e-class-w210-facelift-saloon-1999–2002-new-almandine black metallic-mercedes-benz e-class w210-flat-side-view.webp,_Remaining\Not Matched\mercedes-benz-e-class-w210-facelift-saloon-1999–2002-new-almandine black metallic-mercedes-benz e-class w210-flat-side-view.webp,658e3ebb85c81ebbd5f1d5474d7142fa2c645ec73ab902dab4161cbdd2339cef,sorted by class name ('e-class')
mercedes-benz-e-class-w210-facelift-saloon-1999–2002-new-almandine black metallic-mercedes-benz e-class w210-front-view.webp,E-Class\mercedes-benz-e-class-w210-facelift-saloon-1999–2002-new-almandine black metallic-mercedes-benz e-class w210-front-view.webp,_Remaining\Not Matched\mercedes-benz-e-class-w210-facelift-saloon-1999–2002-new-almandine black metallic-mercedes-benz e-class w210-front-view.webp,e7cac486f9a8e62d739538ed6fa99fbeca3e36cc59bb7938f00e18545e3a2b2e,sorted by class name ('e-class')
mercedes-benz-e-class-w210-pre-lci-saloon-1995–1999-new four-headlamp design-garnet red metallic-mercedes-benz e-class w210-45-angle-front-view.webp,E-Class\mercedes-benz-e-class-w210-pre-lci-saloon-1995–1999-new four-headlamp design-garnet red metallic-mercedes-benz e-class w210-45-angle-front-view.webp,_Remaining\Not Matched\mercedes-benz-e-class-w210-pre-lci-saloon-1995–1999-new four-headlamp design-garnet red metallic-mercedes-benz e-class w210-45-angle-front-view.webp,707939d5cece3bf1ae8bfc2ec6368243af86575707bb69cbed0afd0d626a751e,sorted by class name ('e-class')
mercedes-benz-e-class-w210-pre-lci-saloon-1995–1999-new four-headlamp design-garnet red metallic-mercedes-benz e-class w210-back-view.webp,E-Class\mercedes-benz-e-class-w210-pre-lci-saloon-1995–1999-new four-headlamp design-garnet red metallic-mercedes-benz e-class w210-back-view.webp,_Remaining\Not Matched\mercedes-benz-e-class-w210-pre-lci-saloon-1995–1999-new four-headlamp design-garnet red metallic-mercedes-benz e-class w210-back-view.webp,0a9ee0b41c5d242daffba1a2b55dbaef38705614a3b8cd6e3bc895ee535f8112,sorted by class name ('e-class')
mercedes-benz-e-class-w210-pre-lci-saloon-1995–1999-new four-headlamp design-garnet red metallic-mercedes-benz e-class w210-flat-side-view.webp,E-Class\mercedes-benz-e-class-w210-pre-lci-saloon-1995–1999-new four-headlamp design-garnet red metallic-mercedes-benz e-class w210-flat-side-view.webp,_Remaining\Not Matched\mercedes-benz-e-class-w210-pre-lci-saloon-1995–1999-new four-headlamp design-garnet red metallic-mercedes-benz e-class w210-flat-side-view.webp,1b55c3d52904ab337155ed2eb4329fe6e947b9151e9f3e0087f5139f26174181,sorted by class name ('e-class')
mercedes-benz-e-class-w210-pre-lci-saloon-1995–1999-new four-headlamp design-garnet red metallic-mercedes-benz e-class w210-front-view.webp,E-Class\mercedes-benz-e-class-w210-pre-lci-saloon-1995–1999-new four-headlamp design-garnet red metallic-mercedes-benz e-class w210-front-view.webp,_Remaining\Not Matched\mercedes-benz-e-class-w210-pre-lci-saloon-1995–1999-new four-headlamp design-garnet red metallic-mercedes-benz e-class w210-front-view.webp,a834acba159aa2cccf97db734073614dc9c05e009c611bfa9752ed96df0a5049,sorted by class name ('e-class')
mercedes-benz-e-class-w210-pre-lci-saloon-1995–1999-new-garnet red metallic-mercedes-benz e-class w210-45-angle-front-view.webp,E-Class\mercedes-benz-e-class-w210-pre-lci-saloon-1995–1999-new-garnet red metallic-mercedes-benz e-class w210-45-angle-front-view.webp,_Remaining\Not Matched\mercedes-benz-e-class-w210-pre-lci-saloon-1995–1999-new-garnet red metallic-mercedes-benz e-class w210-45-angle-front-view.webp,c814deef90c13f5cc982f0994b5e4c67419d8a8e460b5f3f9cc64f629f105efe,sorted by class name ('e-class')
mercedes-benz-e-class-w210-pre-lci-saloon-1995–1999-new-garnet red metallic-mercedes-benz e-class w210-back-view.webp,E-Class\mercedes-benz-e-class-w210-pre-lci-saloon-1995–1999-new-garnet red metallic-mercedes-benz e-class w210-back-view.webp,_Remaining\Not Matched\mercedes-benz-e-class-w210-pre-lci-saloon-1995–1999-new-garnet red metallic-mercedes-benz e-class w210-back-view.webp,dd5ab54ad21b5e9f7853c4fef6d82992f355186bf3087fe8e0a2910a47f408ee,sorted by class name ('e-class')
mercedes-benz-e-class-w210-pre-lci-saloon-1995–1999-new-garnet red metallic-mercedes-benz e-class w210-flat-side-view.webp,E-Class\mercedes-benz-e-class-w210-pre-lci-saloon-1995–1999-new-garnet red metallic-mercedes-benz e-class w210-flat-side-view.webp,_Remaining\Not Matched\mercedes-benz-e-class-w210-pre-lci-saloon-1995–1999-new-garnet red metallic-mercedes-benz e-class w210-flat-side-view.webp,2dd9330aa5046435a7a01fb8de0bf2f4e5c2394a857e314fd16f9d70195ace84,sorted by class name ('e-class')
mercedes-benz-e-class-w210-pre-lci-saloon-1995–1999-new-garnet red metallic-mercedes-benz e-class w210-front-view.webp,E-Class\mercedes-benz-e-class-w210-pre-lci-saloon-1995–1999-new-garnet red metallic-mercedes-benz e-class w210-front-view.webp,_Remaining\Not Matched\mercedes-benz-e-class-w210-pre-lci-saloon-1995–1999-new-garnet red metallic-mercedes-benz e-class w210-front-view.webp,1d30ade03654a51a8510563f2eaeb638951098fa5070c9059a3621ae1788efb6,sorted by class name ('e-class')
mercedes-benz-e-class-w211-e55 amg-performance saloon-2002–2006-special-obsidian black metallic-mercedes-benz e-class w211-45-angle-front-view.webp,E-Class\mercedes-benz-e-class-w211-e55 amg-performance saloon-2002–2006-special-obsidian black metallic-mercedes-benz e-class w211-45-angle-front-view.webp,_Remaining\Not Matched\mercedes-benz-e-class-w211-e55 amg-performance saloon-2002–2006-special-obsidian black metallic-mercedes-benz e-class w211-45-angle-front-view.webp,20f105fcee4ad1ac36ee3ed002f4321ea4887f1ddd9f78ee3cc83a54593f64d1,sorted by class name ('e-class')
mercedes-benz-e-class-w211-e55 amg-performance saloon-2002–2006-special-obsidian black metallic-mercedes-benz e-class w211-back-view.webp,E-Class\mercedes-benz-e-class-w211-e55 amg-performance saloon-2002–2006-special-obsidian black metallic-mercedes-benz e-class w211-back-view.webp,_Remaining\Not Matched\mercedes-benz-e-class-w211-e55 amg-performance saloon-2002–2006-special-obsidian black metallic-mercedes-benz e-class w211-back-view.webp,b52810932fcc7b1b5aa6d80125afcd0ac517070e77c9969cbee26d29a1f29ea4,sorted by class name ('e-class')
mercedes-benz-e-class-w211-e55 amg-performance saloon-2002–2006-special-obsidian black metallic-mercedes-benz e-class w211-flat-side-view.webp,E-Class\mercedes-benz-e-class-w211-e55 amg-performance saloon-2002–2006-special-obsidian black metallic-mercedes-benz e-class w211-flat-side-view.webp,_Remaining\Not Matched\mercedes-benz-e-class-w211-e55 amg-performance saloon-2002–2006-special-obsidian black metallic-mercedes-benz e-class w211-flat-side-view.webp,673ac0d5a96b44f57467432f19f5dbcaaad822da51be013b678dfd4c4db430c0,sorted by class name ('e-class')
mercedes-benz-e-class-w211-e55 amg-performance saloon-2002–2006-special-obsidian black metallic-mercedes-benz e-class w211-front-view.webp,E-Class\mercedes-benz-e-class-w211-e55 amg-performance saloon-2002–2006-special-obsidian black metallic-mercedes-benz e-class w211-front-view.webp,_Remaining\Not Matched\mercedes-benz-e-class-w211-e55 amg-performance saloon-2002–2006-special-obsidian black metallic-mercedes-benz e-class w211-front-view.webp,ab4876fd296a4bf1853eb94a9b41792e60ce1160c2afac034e1173154f3b073b,sorted by class name ('e-class')
mercedes-benz-e-class-w213-e43 amg-performance saloon-2016–2018-special-designo mocha black metallic-mercedes-benz e-class w213-45-angle-front-view.webp,E-Class\mercedes-benz-e-class-w213-e43 amg-performance saloon-2016–2018-special-designo mocha black metallic-mercedes-benz e-class w213-45-angle-front-view.webp,_Remaining\Not Matched\mercedes-benz-e-class-w213-e43 amg-performance saloon-2016–2018-special-designo mocha black metallic-mercedes-benz e-class w213-45-angle-front-view.webp,f81c338c4bdbf1f8e65992ed85994d2567b49826661b303257969811bbfed185,sorted by class name ('e-class')
mercedes-benz-e-class-w213-e43 amg-performance saloon-2016–2018-special-designo mocha black metallic-mercedes-benz e-class w213-back-view.webp,E-Class\mercedes-benz-e-class-w213-e43 amg-performance saloon-2016–2018-special-designo mocha black metallic-mercedes-benz e-class w213-back-view.webp,_Remaining\Not Matched\mercedes-benz-e-class-w213-e43 amg-performance saloon-2016–2018-special-designo mocha black metallic-mercedes-benz e-class w213-back-view.webp,d99654f16c3dde5fcc4127707623fb48d9a430691e8772cf876a020d4678d3ea,sorted by class name ('e-class')
mercedes-benz-e-class-w213-e43 amg-performance saloon-2016–2018-special-designo mocha black metallic-mercedes-benz e-class w213-flat-side-view.webp,E-Class\mercedes-benz-e-class-w213-e43 amg-performance saloon-2016–2018-special-designo mocha black metallic-mercedes-benz e-class w213-flat-side-view.webp,_Remaining\Not Matched\mercedes-benz-e-class-w213-e43 amg-performance saloon-2016–2018-special-designo mocha black metallic-mercedes-benz e-class w213-flat-side-view.webp,da92184ac4c6dbc82430b0f446b656ab0f5dbabccbbb96cb5ec2d643058eb3e1,sorted by class name ('e-class')
mercedes-benz-e-class-w213-e43 amg-performance saloon-2016–2018-special-designo mocha black metallic-mercedes-benz e-class w213-front-view.webp,E-Class\mercedes-benz-e-class-w213-e43 amg-performance saloon-2016–2018-special-designo mocha black metallic-mercedes-benz e-class w213-front-view.webp,_Remaining\Not Matched\mercedes-benz-e-class-w213-e43 amg-performance saloon-2016–2018-special-designo mocha black metallic-mercedes-benz e-class w213-front-view.webp,20255f2c2ddd02ea3861eb6e9dbadf7e0fe8c778082e4954006efea95113aaac,sorted by class name ('e-class')
mercedes-benz-e-class-x213-all-terrain-raised estate-2017–2023-raised off-road body treatment-mojave silver metallic-mercedes-benz e-class x213-45-angle-front-view.webp,E-Class\mercedes-benz-e-class-x213-all-terrain-raised estate-2017–2023-raised off-road body treatment-mojave silver metallic-mercedes-benz e-class x213-45-angle-front-view.webp,_Remaining\Not Matched\mercedes-benz-e-class-x213-all-terrain-raised estate-2017–2023-raised off-road body treatment-mojave silver metallic-mercedes-benz e-class x213-45-angle-front-view.webp,82b259bcefd617fa7f346c2180d4fe01be74126d9173f85b22ae969c6306fc8b,sorted by class name ('e-class')
mercedes-benz-e-class-x213-all-terrain-raised estate-2017–2023-raised off-road body treatment-mojave silver metallic-mercedes-benz e-class x213-back-view.webp,E-Class\mercedes-benz-e-class-x213-all-terrain-raised estate-2017–2023-raised off-road body treatment-mojave silver metallic-mercedes-benz e-class x213-back-view.webp,_Remaining\Not Matched\mercedes-benz-e-class-x213-all-terrain-raised estate-2017–2023-raised off-road body treatment-mojave silver metallic-mercedes-benz e-class x213-back-view.webp,cda63638bc2da8d027ad8483db0c3ef56a1714f3a18232505f43664a88b0f1d5,sorted by class name ('e-class')
mercedes-benz-e-class-x213-all-terrain-raised estate-2017–2023-raised off-road body treatment-mojave silver metallic-mercedes-benz e-class x213-flat-side-view.webp,E-Class\mercedes-benz-e-class-x213-all-terrain-raised estate-2017–2023-raised off-road body treatment-mojave silver metallic-mercedes-benz e-class x213-flat-side-view.webp,_Remaining\Not Matched\mercedes-benz-e-class-x213-all-terrain-raised estate-2017–2023-raised off-road body treatment-mojave silver metallic-mercedes-benz e-class x213-flat-side-view.webp,fb8b02525b259138d208799e7f6618f38c15d3b45098ef4ccd56e93e64a08f0e,sorted by class name ('e-class')
mercedes-benz-e-class-x213-all-terrain-raised estate-2017–2023-raised off-road body treatment-mojave silver metallic-mercedes-benz e-class x213-front-view.webp,E-Class\mercedes-benz-e-class-x213-all-terrain-raised estate-2017–2023-raised off-road body treatment-mojave silver metallic-mercedes-benz e-class x213-front-view.webp,_Remaining\Not Matched\mercedes-benz-e-class-x213-all-terrain-raised estate-2017–2023-raised off-road body treatment-mojave silver metallic-mercedes-benz e-class x213-front-view.webp,8553281a9dd04eba0719ba7b1478af5d186fcab5327ac188e3be18e9a2359424,sorted by class name ('e-class')
mercedes-benz-e-class-x214-all-terrain-raised estate-2024–-distinct raised body-alabandine grey metallic-mercedes-benz e-class x214-45-angle-front-view.webp,E-Class\mercedes-benz-e-class-x214-all-terrain-raised estate-2024–-distinct raised body-alabandine grey metallic-mercedes-benz e-class x214-45-angle-front-view.webp,_Remaining\Not Matched\mercedes-benz-e-class-x214-all-terrain-raised estate-2024–-distinct raised body-alabandine grey metallic-mercedes-benz e-class x214-45-angle-front-view.webp,c41d8ca1baf6f029e403a94e2dd33c73920998b7ed609f739b7a84723dc11cb0,sorted by class name ('e-class')
mercedes-benz-e-class-x214-all-terrain-raised estate-2024–-distinct raised body-alabandine grey metallic-mercedes-benz e-class x214-back-view.webp,E-Class\mercedes-benz-e-class-x214-all-terrain-raised estate-2024–-distinct raised body-alabandine grey metallic-mercedes-benz e-class x214-back-view.webp,_Remaining\Not Matched\mercedes-benz-e-class-x214-all-terrain-raised estate-2024–-distinct raised body-alabandine grey metallic-mercedes-benz e-class x214-back-view.webp,560ea7d78c04afb690dc2567e81b1673beee55b096c78c9bc58870f7aed42c39,sorted by class name ('e-class')
mercedes-benz-e-class-x214-all-terrain-raised estate-2024–-distinct raised body-alabandine grey metallic-mercedes-benz e-class x214-flat-side-view.webp,E-Class\mercedes-benz-e-class-x214-all-terrain-raised estate-2024–-distinct raised body-alabandine grey metallic-mercedes-benz e-class x214-flat-side-view.webp,_Remaining\Not Matched\mercedes-benz-e-class-x214-all-terrain-raised estate-2024–-distinct raised body-alabandine grey metallic-mercedes-benz e-class x214-flat-side-view.webp,38dbfbf869646743a7b6624966228c0beba1d9c3425abc79ca32ee9d3b8819a6,sorted by class name ('e-class')
mercedes-benz-e-class-x214-all-terrain-raised estate-2024–-distinct raised body-alabandine grey metallic-mercedes-benz e-class x214-front-view.webp,E-Class\mercedes-benz-e-class-x214-all-terrain-raised estate-2024–-distinct raised body-alabandine grey metallic-mercedes-benz e-class x214-front-view.webp,_Remaining\Not Matched\mercedes-benz-e-class-x214-all-terrain-raised estate-2024–-distinct raised body-alabandine grey metallic-mercedes-benz e-class x214-front-view.webp,42dd69d64300b113e57eda3f73fc517e28c9feedbee22c8b4d7247dfbd521c35,sorted by class name ('e-class')
mercedes-benz-g-class-w460-standard-4x4 suv-1979–1990-original g-class form-horizon blue metallic-mercedes-benz g-class w460-45-angle-front-view.webp,G-Class\mercedes-benz-g-class-w460-standard-4x4 suv-1979–1990-original g-class form-horizon blue metallic-mercedes-benz g-class w460-45-angle-front-view.webp,_Remaining\Not Matched\mercedes-benz-g-class-w460-standard-4x4 suv-1979–1990-original g-class form-horizon blue metallic-mercedes-benz g-class w460-45-angle-front-view.webp,66faab58a5458d813b3f49303fad94af6dadfcfbc7003f990267e64c0c46e065,sorted by class name ('g-class')
mercedes-benz-g-class-w460-standard-4x4 suv-1979–1990-original g-class form-horizon blue metallic-mercedes-benz g-class w460-back-view.webp,G-Class\mercedes-benz-g-class-w460-standard-4x4 suv-1979–1990-original g-class form-horizon blue metallic-mercedes-benz g-class w460-back-view.webp,_Remaining\Not Matched\mercedes-benz-g-class-w460-standard-4x4 suv-1979–1990-original g-class form-horizon blue metallic-mercedes-benz g-class w460-back-view.webp,9db4d41cdc7e7bbec7d357dd20c49fd2f500c47e2848a75bc5cfef0e2f054a8f,sorted by class name ('g-class')
mercedes-benz-g-class-w460-standard-4x4 suv-1979–1990-original g-class form-horizon blue metallic-mercedes-benz g-class w460-flat-side-view.webp,G-Class\mercedes-benz-g-class-w460-standard-4x4 suv-1979–1990-original g-class form-horizon blue metallic-mercedes-benz g-class w460-flat-side-view.webp,_Remaining\Not Matched\mercedes-benz-g-class-w460-standard-4x4 suv-1979–1990-original g-class form-horizon blue metallic-mercedes-benz g-class w460-flat-side-view.webp,8fa7eff998e41b1e9b44c534a153a4d610bae7906f256527d72b261f0d3e0974,sorted by class name ('g-class')
mercedes-benz-g-class-w460-standard-4x4 suv-1979–1990-original g-class form-horizon blue metallic-mercedes-benz g-class w460-front-view.webp,G-Class\mercedes-benz-g-class-w460-standard-4x4 suv-1979–1990-original g-class form-horizon blue metallic-mercedes-benz g-class w460-front-view.webp,_Remaining\Not Matched\mercedes-benz-g-class-w460-standard-4x4 suv-1979–1990-original g-class form-horizon blue metallic-mercedes-benz g-class w460-front-view.webp,7ceeb3f73717dbf4fb23ac52d452efcf3f32b7261d9c01754ede6753df6e28ff,sorted by class name ('g-class')
mercedes-benz-g-class-w461-professional-utility 4x4-1990–2018-utility commercial exterior-moonlight silver metallic-mercedes-benz g-class w461-45-angle-front-view.webp,G-Class\mercedes-benz-g-class-w461-professional-utility 4x4-1990–2018-utility commercial exterior-moonlight silver metallic-mercedes-benz g-class w461-45-angle-front-view.webp,_Remaining\Not Matched\mercedes-benz-g-class-w461-professional-utility 4x4-1990–2018-utility commercial exterior-moonlight silver metallic-mercedes-benz g-class w461-45-angle-front-view.webp,bacffd6cf214d812667b1bf236d606f1b6bcee5271ce534ec08099f37cf89606,sorted by class name ('g-class')
mercedes-benz-g-class-w461-professional-utility 4x4-1990–2018-utility commercial exterior-moonlight silver metallic-mercedes-benz g-class w461-back-view.webp,G-Class\mercedes-benz-g-class-w461-professional-utility 4x4-1990–2018-utility commercial exterior-moonlight silver metallic-mercedes-benz g-class w461-back-view.webp,_Remaining\Not Matched\mercedes-benz-g-class-w461-professional-utility 4x4-1990–2018-utility commercial exterior-moonlight silver metallic-mercedes-benz g-class w461-back-view.webp,0bca44df6d673a702520db6558a7d2d44c42b24e99c5e72560d534e72b3f493d,sorted by class name ('g-class')
mercedes-benz-g-class-w461-professional-utility 4x4-1990–2018-utility commercial exterior-moonlight silver metallic-mercedes-benz g-class w461-flat-side-view.webp,G-Class\mercedes-benz-g-class-w461-professional-utility 4x4-1990–2018-utility commercial exterior-moonlight silver metallic-mercedes-benz g-class w461-flat-side-view.webp,_Remaining\Not Matched\mercedes-benz-g-class-w461-professional-utility 4x4-1990–2018-utility commercial exterior-moonlight silver metallic-mercedes-benz g-class w461-flat-side-view.webp,0fe70049decbf5353cf348d0266476b6ea53d7986b9090b6feb2d78c3582e7f7,sorted by class name ('g-class')
mercedes-benz-g-class-w461-professional-utility 4x4-1990–2018-utility commercial exterior-moonlight silver metallic-mercedes-benz g-class w461-front-view.webp,G-Class\mercedes-benz-g-class-w461-professional-utility 4x4-1990–2018-utility commercial exterior-moonlight silver metallic-mercedes-benz g-class w461-front-view.webp,_Remaining\Not Matched\mercedes-benz-g-class-w461-professional-utility 4x4-1990–2018-utility commercial exterior-moonlight silver metallic-mercedes-benz g-class w461-front-view.webp,1801258dae3e20532e0d08abac60bf3114f7074bedf6efc145b050fbf47d3edb,sorted by class name ('g-class')
mercedes-benz-g-class-w463-g65 amg-performance suv-2012–2018-special-obsidian black metallic-mercedes-benz g-class w463-45-angle-front-view.webp,G-Class\mercedes-benz-g-class-w463-g65 amg-performance suv-2012–2018-special-obsidian black metallic-mercedes-benz g-class w463-45-angle-front-view.webp,_Remaining\Not Matched\mercedes-benz-g-class-w463-g65 amg-performance suv-2012–2018-special-obsidian black metallic-mercedes-benz g-class w463-45-angle-front-view.webp,eca050789b95265714bc0800c8d17777055e974129f87ea96d9bd6237b3b81c7,sorted by class name ('g-class')
mercedes-benz-g-class-w463-g65 amg-performance suv-2012–2018-special-obsidian black metallic-mercedes-benz g-class w463-back-view.webp,G-Class\mercedes-benz-g-class-w463-g65 amg-performance suv-2012–2018-special-obsidian black metallic-mercedes-benz g-class w463-back-view.webp,_Remaining\Not Matched\mercedes-benz-g-class-w463-g65 amg-performance suv-2012–2018-special-obsidian black metallic-mercedes-benz g-class w463-back-view.webp,e1bc79f6bb4cbdea48bf31a305c48bd835e7fd7c82dd221f6314010da9b831c4,sorted by class name ('g-class')
mercedes-benz-g-class-w463-g65 amg-performance suv-2012–2018-special-obsidian black metallic-mercedes-benz g-class w463-flat-side-view.webp,G-Class\mercedes-benz-g-class-w463-g65 amg-performance suv-2012–2018-special-obsidian black metallic-mercedes-benz g-class w463-flat-side-view.webp,_Remaining\Not Matched\mercedes-benz-g-class-w463-g65 amg-performance suv-2012–2018-special-obsidian black metallic-mercedes-benz g-class w463-flat-side-view.webp,b1d3bad88d1fa8b06e030d25462ca1be444372b793e38f95801bf233b0a210aa,sorted by class name ('g-class')
mercedes-benz-g-class-w463-g65 amg-performance suv-2012–2018-special-obsidian black metallic-mercedes-benz g-class w463-front-view.webp,G-Class\mercedes-benz-g-class-w463-g65 amg-performance suv-2012–2018-special-obsidian black metallic-mercedes-benz g-class w463-front-view.webp,_Remaining\Not Matched\mercedes-benz-g-class-w463-g65 amg-performance suv-2012–2018-special-obsidian black metallic-mercedes-benz g-class w463-front-view.webp,8c10c6e780b94d6299f5239bf005c3e980bd878501cbb93248742af3b2955902,sorted by class name ('g-class')
mercedes-benz-g-class-w463-g650 landaulet-convertible suv-2017–2018-special-iridium silver metallic-mercedes-benz g-class w463-45-angle-front-view.webp,G-Class\mercedes-benz-g-class-w463-g650 landaulet-convertible suv-2017–2018-special-iridium silver metallic-mercedes-benz g-class w463-45-angle-front-view.webp,_Remaining\Not Matched\mercedes-benz-g-class-w463-g650 landaulet-convertible suv-2017–2018-special-iridium silver metallic-mercedes-benz g-class w463-45-angle-front-view.webp,b157c7e11e552a6abdd0fe9d7ee542a75dc48c37cd5e049e01ef20ca4f2e28a6,sorted by class name ('g-class')
mercedes-benz-g-class-w463-g650 landaulet-convertible suv-2017–2018-special-iridium silver metallic-mercedes-benz g-class w463-back-view.webp,G-Class\mercedes-benz-g-class-w463-g650 landaulet-convertible suv-2017–2018-special-iridium silver metallic-mercedes-benz g-class w463-back-view.webp,_Remaining\Not Matched\mercedes-benz-g-class-w463-g650 landaulet-convertible suv-2017–2018-special-iridium silver metallic-mercedes-benz g-class w463-back-view.webp,15f3b3abf6fb2bcc3038cb29ab7ef271908aa5ba4bfd8f6a257e0c11c1054a88,sorted by class name ('g-class')
mercedes-benz-g-class-w463-g650 landaulet-convertible suv-2017–2018-special-iridium silver metallic-mercedes-benz g-class w463-flat-side-view.webp,G-Class\mercedes-benz-g-class-w463-g650 landaulet-convertible suv-2017–2018-special-iridium silver metallic-mercedes-benz g-class w463-flat-side-view.webp,_Remaining\Not Matched\mercedes-benz-g-class-w463-g650 landaulet-convertible suv-2017–2018-special-iridium silver metallic-mercedes-benz g-class w463-flat-side-view.webp,73f6e84bfa8993216ec25be700f11f31ad5d6e280398cf5dafd2a4daaeb4e764,sorted by class name ('g-class')
mercedes-benz-g-class-w463-g650 landaulet-convertible suv-2017–2018-special-iridium silver metallic-mercedes-benz g-class w463-front-view.webp,G-Class\mercedes-benz-g-class-w463-g650 landaulet-convertible suv-2017–2018-special-iridium silver metallic-mercedes-benz g-class w463-front-view.webp,_Remaining\Not Matched\mercedes-benz-g-class-w463-g650 landaulet-convertible suv-2017–2018-special-iridium silver metallic-mercedes-benz g-class w463-front-view.webp,4cdd237c9181538f0929eca0cbdb5a9578d9a00a4b17b711c5fafd7615009136,sorted by class name ('g-class')
mercedes-benz-g-class-w463-standard-suv-1990–1997-major evolution-designo hyacinth red metallic-mercedes-benz g-class w463-45-angle-front-view.webp,G-Class\mercedes-benz-g-class-w463-standard-suv-1990–1997-major evolution-designo hyacinth red metallic-mercedes-benz g-class w463-45-angle-front-view.webp,_Remaining\Not Matched\mercedes-benz-g-class-w463-standard-suv-1990–1997-major evolution-designo hyacinth red metallic-mercedes-benz g-class w463-45-angle-front-view.webp,a050ae872ecc7ec51e6d00eeecbc784b0360627e04ba1f764d38eac1ed6a2fc0,sorted by class name ('g-class')
mercedes-benz-g-class-w463-standard-suv-1990–1997-major evolution-designo hyacinth red metallic-mercedes-benz g-class w463-back-view.webp,G-Class\mercedes-benz-g-class-w463-standard-suv-1990–1997-major evolution-designo hyacinth red metallic-mercedes-benz g-class w463-back-view.webp,_Remaining\Not Matched\mercedes-benz-g-class-w463-standard-suv-1990–1997-major evolution-designo hyacinth red metallic-mercedes-benz g-class w463-back-view.webp,3d4644982e5ab05f90736d44e434a3697666ccc7ded869328033e1daf3cd5826,sorted by class name ('g-class')
mercedes-benz-g-class-w463-standard-suv-1990–1997-major evolution-designo hyacinth red metallic-mercedes-benz g-class w463-flat-side-view.webp,G-Class\mercedes-benz-g-class-w463-standard-suv-1990–1997-major evolution-designo hyacinth red metallic-mercedes-benz g-class w463-flat-side-view.webp,_Remaining\Not Matched\mercedes-benz-g-class-w463-standard-suv-1990–1997-major evolution-designo hyacinth red metallic-mercedes-benz g-class w463-flat-side-view.webp,772beb5f347b833d132dc9c104e04408386922bd8b38d494b3675cb6f27df2f2,sorted by class name ('g-class')
mercedes-benz-g-class-w463-standard-suv-1990–1997-major evolution-designo hyacinth red metallic-mercedes-benz g-class w463-front-view.webp,G-Class\mercedes-benz-g-class-w463-standard-suv-1990–1997-major evolution-designo hyacinth red metallic-mercedes-benz g-class w463-front-view.webp,_Remaining\Not Matched\mercedes-benz-g-class-w463-standard-suv-1990–1997-major evolution-designo hyacinth red metallic-mercedes-benz g-class w463-front-view.webp,94389dd32cce38b36bb1c7e1c33a948e34cce2d5d844253cf1737f6bae15ef5f,sorted by class name ('g-class')
mercedes-benz-g-class-w465-amg g63-performance suv-2024–-special-amg green hell magno-mercedes-benz g-class w465-45-angle-front-view.webp,G-Class\mercedes-benz-g-class-w465-amg g63-performance suv-2024–-special-amg green hell magno-mercedes-benz g-class w465-45-angle-front-view.webp,_Remaining\Not Matched\mercedes-benz-g-class-w465-amg g63-performance suv-2024–-special-amg green hell magno-mercedes-benz g-class w465-45-angle-front-view.webp,a6791857fa5601ab6f5c2b6610e315cd0c7bc52ac46ab57c16762229dfa21ba9,sorted by class name ('g-class')
mercedes-benz-g-class-w465-amg g63-performance suv-2024–-special-amg green hell magno-mercedes-benz g-class w465-back-view.webp,G-Class\mercedes-benz-g-class-w465-amg g63-performance suv-2024–-special-amg green hell magno-mercedes-benz g-class w465-back-view.webp,_Remaining\Not Matched\mercedes-benz-g-class-w465-amg g63-performance suv-2024–-special-amg green hell magno-mercedes-benz g-class w465-back-view.webp,4b7bc1066f0c4327d42d337a930486846970554bf4a0c710160ad8d4fc94b28c,sorted by class name ('g-class')
mercedes-benz-g-class-w465-amg g63-performance suv-2024–-special-amg green hell magno-mercedes-benz g-class w465-flat-side-view.webp,G-Class\mercedes-benz-g-class-w465-amg g63-performance suv-2024–-special-amg green hell magno-mercedes-benz g-class w465-flat-side-view.webp,_Remaining\Not Matched\mercedes-benz-g-class-w465-amg g63-performance suv-2024–-special-amg green hell magno-mercedes-benz g-class w465-flat-side-view.webp,5f2f9589cff62a13693641ea30b073a6ab3eb3a604e95112a3b11da1da100db2,sorted by class name ('g-class')
mercedes-benz-g-class-w465-amg g63-performance suv-2024–-special-amg green hell magno-mercedes-benz g-class w465-front-view.webp,G-Class\mercedes-benz-g-class-w465-amg g63-performance suv-2024–-special-amg green hell magno-mercedes-benz g-class w465-front-view.webp,_Remaining\Not Matched\mercedes-benz-g-class-w465-amg g63-performance suv-2024–-special-amg green hell magno-mercedes-benz g-class w465-front-view.webp,af27f7ba8dc101bcefaaab59f9f00cf557d3d8db731c83dd8bda48b2c0ae3686,sorted by class name ('g-class')
mercedes-benz-g-class-w465-g-class-suv-2024–-latest generation update-diamond silver metallic-mercedes-benz g-class w465-45-angle-front-view.webp,G-Class\mercedes-benz-g-class-w465-g-class-suv-2024–-latest generation update-diamond silver metallic-mercedes-benz g-class w465-45-angle-front-view.webp,_Remaining\Not Matched\mercedes-benz-g-class-w465-g-class-suv-2024–-latest generation update-diamond silver metallic-mercedes-benz g-class w465-45-angle-front-view.webp,2a39426ec892ca458d87d56b445e9f09badf520cc68c5528043f2bb00c7fbf94,sorted by class name ('g-class')
mercedes-benz-g-class-w465-g-class-suv-2024–-latest generation update-diamond silver metallic-mercedes-benz g-class w465-back-view.webp,G-Class\mercedes-benz-g-class-w465-g-class-suv-2024–-latest generation update-diamond silver metallic-mercedes-benz g-class w465-back-view.webp,_Remaining\Not Matched\mercedes-benz-g-class-w465-g-class-suv-2024–-latest generation update-diamond silver metallic-mercedes-benz g-class w465-back-view.webp,b4f5476e82c1d05337be5ce88cf4d7959637407675f347f7eb2ffdd43a1dba18,sorted by class name ('g-class')
mercedes-benz-g-class-w465-g-class-suv-2024–-latest generation update-diamond silver metallic-mercedes-benz g-class w465-flat-side-view.webp,G-Class\mercedes-benz-g-class-w465-g-class-suv-2024–-latest generation update-diamond silver metallic-mercedes-benz g-class w465-flat-side-view.webp,_Remaining\Not Matched\mercedes-benz-g-class-w465-g-class-suv-2024–-latest generation update-diamond silver metallic-mercedes-benz g-class w465-flat-side-view.webp,0f676d00a23e408c06295f9c5045971590c63a9f8b1393a0ac4559198a5ae650,sorted by class name ('g-class')
mercedes-benz-g-class-w465-g-class-suv-2024–-latest generation update-diamond silver metallic-mercedes-benz g-class w465-front-view.webp,G-Class\mercedes-benz-g-class-w465-g-class-suv-2024–-latest generation update-diamond silver metallic-mercedes-benz g-class w465-front-view.webp,_Remaining\Not Matched\mercedes-benz-g-class-w465-g-class-suv-2024–-latest generation update-diamond silver metallic-mercedes-benz g-class w465-front-view.webp,29cd073fc27a029b1fd14b672b3e476c433769ae96178e36950192ce16b22228,sorted by class name ('g-class')
mercedes-benz-g-class-w465-g580 edition one-electric suv-2024-special-polar white-mercedes-benz g-class w465-45-angle-front-view.webp,G-Class\mercedes-benz-g-class-w465-g580 edition one-electric suv-2024-special-polar white-mercedes-benz g-class w465-45-angle-front-view.webp,_Remaining\Not Matched\mercedes-benz-g-class-w465-g580 edition one-electric suv-2024-special-polar white-mercedes-benz g-class w465-45-angle-front-view.webp,b3b8543358aea6836308467556552f0108eba83d891b61584be32f375fe50b79,sorted by class name ('g-class')
mercedes-benz-g-class-w465-g580 edition one-electric suv-2024-special-polar white-mercedes-benz g-class w465-back-view.webp,G-Class\mercedes-benz-g-class-w465-g580 edition one-electric suv-2024-special-polar white-mercedes-benz g-class w465-back-view.webp,_Remaining\Not Matched\mercedes-benz-g-class-w465-g580 edition one-electric suv-2024-special-polar white-mercedes-benz g-class w465-back-view.webp,a78f122d15070fcb0a5a3836a6d21548b04505f7599786a030e7894ebaa930fc,sorted by class name ('g-class')
mercedes-benz-g-class-w465-g580 edition one-electric suv-2024-special-polar white-mercedes-benz g-class w465-flat-side-view.webp,G-Class\mercedes-benz-g-class-w465-g580 edition one-electric suv-2024-special-polar white-mercedes-benz g-class w465-flat-side-view.webp,_Remaining\Not Matched\mercedes-benz-g-class-w465-g580 edition one-electric suv-2024-special-polar white-mercedes-benz g-class w465-flat-side-view.webp,6b2f4ee5493f4b0ce7d34190807f85da33003209b68dc6ca4e28edc2d9e0d24c,sorted by class name ('g-class')
mercedes-benz-g-class-w465-g580 edition one-electric suv-2024-special-polar white-mercedes-benz g-class w465-front-view.webp,G-Class\mercedes-benz-g-class-w465-g580 edition one-electric suv-2024-special-polar white-mercedes-benz g-class w465-front-view.webp,_Remaining\Not Matched\mercedes-benz-g-class-w465-g580 edition one-electric suv-2024-special-polar white-mercedes-benz g-class w465-front-view.webp,601b6b652aba008da15c0b5b1d3e075b87bf79be62d4e49e587706be2a6d1618,sorted by class name ('g-class')
mercedes-benz-gla-h247 lci-standard amg line-crossover-2023–-facelift-selenite grey metallic-mercedes-benz gla h247 lci-45-angle-front-view.webp,GLA\mercedes-benz-gla-h247 lci-standard amg line-crossover-2023–-facelift-selenite grey metallic-mercedes-benz gla h247 lci-45-angle-front-view.webp,_Remaining\Not Matched\mercedes-benz-gla-h247 lci-standard amg line-crossover-2023–-facelift-selenite grey metallic-mercedes-benz gla h247 lci-45-angle-front-view.webp,f5440c088c5cbe59a694708fad3e50dbb102d64dcf424c49dad1362a3eb7e04c,sorted by class name ('gla')
mercedes-benz-gla-h247 lci-standard amg line-crossover-2023–-facelift-selenite grey metallic-mercedes-benz gla h247 lci-back-view.webp,GLA\mercedes-benz-gla-h247 lci-standard amg line-crossover-2023–-facelift-selenite grey metallic-mercedes-benz gla h247 lci-back-view.webp,_Remaining\Not Matched\mercedes-benz-gla-h247 lci-standard amg line-crossover-2023–-facelift-selenite grey metallic-mercedes-benz gla h247 lci-back-view.webp,5b11854c20d40df6e7e17a5d0469c4aaefaac8781d2543150ec6fd20d6a973cf,sorted by class name ('gla')
mercedes-benz-gla-h247 lci-standard amg line-crossover-2023–-facelift-selenite grey metallic-mercedes-benz gla h247 lci-flat-side-view.webp,GLA\mercedes-benz-gla-h247 lci-standard amg line-crossover-2023–-facelift-selenite grey metallic-mercedes-benz gla h247 lci-flat-side-view.webp,_Remaining\Not Matched\mercedes-benz-gla-h247 lci-standard amg line-crossover-2023–-facelift-selenite grey metallic-mercedes-benz gla h247 lci-flat-side-view.webp,a2cd95d23c1ba30836e728067796810d422c1dec55a068a426e2d7d487d89dc3,sorted by class name ('gla')
mercedes-benz-gla-h247 lci-standard amg line-crossover-2023–-facelift-selenite grey metallic-mercedes-benz gla h247 lci-front-view.webp,GLA\mercedes-benz-gla-h247 lci-standard amg line-crossover-2023–-facelift-selenite grey metallic-mercedes-benz gla h247 lci-front-view.webp,_Remaining\Not Matched\mercedes-benz-gla-h247 lci-standard amg line-crossover-2023–-facelift-selenite grey metallic-mercedes-benz gla h247 lci-front-view.webp,c1d7c30585b33ce2577593ebbca319b4742e7b19ead70d1b32e5d637baa11b5c,sorted by class name ('gla')
mercedes-benz-gla-h247-standard amg line-crossover-2020–2023-new generation-designo hyacinth red metallic-mercedes-benz gla h247-45-angle-front-view.webp,GLA\mercedes-benz-gla-h247-standard amg line-crossover-2020–2023-new generation-designo hyacinth red metallic-mercedes-benz gla h247-45-angle-front-view.webp,_Remaining\Not Matched\mercedes-benz-gla-h247-standard amg line-crossover-2020–2023-new generation-designo hyacinth red metallic-mercedes-benz gla h247-45-angle-front-view.webp,3f0998f38b2126a44b4ea56682e82d0d47c1506254943d8882d9dea677b6e349,sorted by class name ('gla')
mercedes-benz-gla-h247-standard amg line-crossover-2020–2023-new generation-designo hyacinth red metallic-mercedes-benz gla h247-back-view.webp,GLA\mercedes-benz-gla-h247-standard amg line-crossover-2020–2023-new generation-designo hyacinth red metallic-mercedes-benz gla h247-back-view.webp,_Remaining\Not Matched\mercedes-benz-gla-h247-standard amg line-crossover-2020–2023-new generation-designo hyacinth red metallic-mercedes-benz gla h247-back-view.webp,4711357e3f22411fc7ee3af7736a86d2e3fdea5a06d76fed8de4972a3d29b560,sorted by class name ('gla')
mercedes-benz-gla-h247-standard amg line-crossover-2020–2023-new generation-designo hyacinth red metallic-mercedes-benz gla h247-flat-side-view.webp,GLA\mercedes-benz-gla-h247-standard amg line-crossover-2020–2023-new generation-designo hyacinth red metallic-mercedes-benz gla h247-flat-side-view.webp,_Remaining\Not Matched\mercedes-benz-gla-h247-standard amg line-crossover-2020–2023-new generation-designo hyacinth red metallic-mercedes-benz gla h247-flat-side-view.webp,7f9184274c228d1065e0245c3655d4375cae475567d37a09150f50c18530ad0a,sorted by class name ('gla')
mercedes-benz-gla-h247-standard amg line-crossover-2020–2023-new generation-designo hyacinth red metallic-mercedes-benz gla h247-front-view.webp,GLA\mercedes-benz-gla-h247-standard amg line-crossover-2020–2023-new generation-designo hyacinth red metallic-mercedes-benz gla h247-front-view.webp,_Remaining\Not Matched\mercedes-benz-gla-h247-standard amg line-crossover-2020–2023-new generation-designo hyacinth red metallic-mercedes-benz gla h247-front-view.webp,d13bedd80332fe0b94d72fb29cab0aa7cfc7f6ad9df43519002aca6f6e08d5be,sorted by class name ('gla')
mercedes-benz-glc-c253 fl-glc43 amg coupé-performance coupé suv-2019–2022-facelift-amg green hell magno-mercedes-benz glc c253 fl-45-angle-front-view.webp,GLC\mercedes-benz-glc-c253 fl-glc43 amg coupé-performance coupé suv-2019–2022-facelift-amg green hell magno-mercedes-benz glc c253 fl-45-angle-front-view.webp,_Remaining\Not Matched\mercedes-benz-glc-c253 fl-glc43 amg coupé-performance coupé suv-2019–2022-facelift-amg green hell magno-mercedes-benz glc c253 fl-45-angle-front-view.webp,cdb9e1d71159a7b163ceec5b381bbd8977d574601e10b167e3239ec2cbf07ae7,sorted by class name ('glc')
mercedes-benz-glc-c253 fl-glc43 amg coupé-performance coupé suv-2019–2022-facelift-amg green hell magno-mercedes-benz glc c253 fl-back-view.webp,GLC\mercedes-benz-glc-c253 fl-glc43 amg coupé-performance coupé suv-2019–2022-facelift-amg green hell magno-mercedes-benz glc c253 fl-back-view.webp,_Remaining\Not Matched\mercedes-benz-glc-c253 fl-glc43 amg coupé-performance coupé suv-2019–2022-facelift-amg green hell magno-mercedes-benz glc c253 fl-back-view.webp,f0883310cd3fd4b8f9e74f14f8750aef5b89120e9fd0641ab95133ce8e09ebea,sorted by class name ('glc')
mercedes-benz-glc-c253 fl-glc43 amg coupé-performance coupé suv-2019–2022-facelift-amg green hell magno-mercedes-benz glc c253 fl-flat-side-view.webp,GLC\mercedes-benz-glc-c253 fl-glc43 amg coupé-performance coupé suv-2019–2022-facelift-amg green hell magno-mercedes-benz glc c253 fl-flat-side-view.webp,_Remaining\Not Matched\mercedes-benz-glc-c253 fl-glc43 amg coupé-performance coupé suv-2019–2022-facelift-amg green hell magno-mercedes-benz glc c253 fl-flat-side-view.webp,02ccfcc474afdeabd4a3a207f757c7e80e8ecad18d6a4d41919a4490e1d6d557,sorted by class name ('glc')
mercedes-benz-glc-c253 fl-glc43 amg coupé-performance coupé suv-2019–2022-facelift-amg green hell magno-mercedes-benz glc c253 fl-front-view.webp,GLC\mercedes-benz-glc-c253 fl-glc43 amg coupé-performance coupé suv-2019–2022-facelift-amg green hell magno-mercedes-benz glc c253 fl-front-view.webp,_Remaining\Not Matched\mercedes-benz-glc-c253 fl-glc43 amg coupé-performance coupé suv-2019–2022-facelift-amg green hell magno-mercedes-benz glc c253 fl-front-view.webp,d63166012e1ca83ebb3050e292b0d1684f2b445efef4b34b26d965095ff408f0,sorted by class name ('glc')
mercedes-benz-glc-c253 fl-glc63 s amg coupé-performance coupé suv-2019–2022-special-jupiter red-mercedes-benz glc c253 fl-45-angle-front-view.webp,GLC\mercedes-benz-glc-c253 fl-glc63 s amg coupé-performance coupé suv-2019–2022-special-jupiter red-mercedes-benz glc c253 fl-45-angle-front-view.webp,_Remaining\Not Matched\mercedes-benz-glc-c253 fl-glc63 s amg coupé-performance coupé suv-2019–2022-special-jupiter red-mercedes-benz glc c253 fl-45-angle-front-view.webp,55f7bde226334eb2a518bda63bb5176ed217e38d52c8ac3e2b748429db53dc4f,sorted by class name ('glc')
mercedes-benz-glc-c253 fl-glc63 s amg coupé-performance coupé suv-2019–2022-special-jupiter red-mercedes-benz glc c253 fl-back-view.webp,GLC\mercedes-benz-glc-c253 fl-glc63 s amg coupé-performance coupé suv-2019–2022-special-jupiter red-mercedes-benz glc c253 fl-back-view.webp,_Remaining\Not Matched\mercedes-benz-glc-c253 fl-glc63 s amg coupé-performance coupé suv-2019–2022-special-jupiter red-mercedes-benz glc c253 fl-back-view.webp,d65bec759bfe386e3c2b01293c405094594881d077de08f4da1608858b180dcf,sorted by class name ('glc')
mercedes-benz-glc-c253 fl-glc63 s amg coupé-performance coupé suv-2019–2022-special-jupiter red-mercedes-benz glc c253 fl-flat-side-view.webp,GLC\mercedes-benz-glc-c253 fl-glc63 s amg coupé-performance coupé suv-2019–2022-special-jupiter red-mercedes-benz glc c253 fl-flat-side-view.webp,_Remaining\Not Matched\mercedes-benz-glc-c253 fl-glc63 s amg coupé-performance coupé suv-2019–2022-special-jupiter red-mercedes-benz glc c253 fl-flat-side-view.webp,fbed6f361ab8fa0fc2e3cfd8cd9deb9d4da4b60efc01767e5a2ce86b7db66f4f,sorted by class name ('glc')
mercedes-benz-glc-c253 fl-glc63 s amg coupé-performance coupé suv-2019–2022-special-jupiter red-mercedes-benz glc c253 fl-front-view.webp,GLC\mercedes-benz-glc-c253 fl-glc63 s amg coupé-performance coupé suv-2019–2022-special-jupiter red-mercedes-benz glc c253 fl-front-view.webp,_Remaining\Not Matched\mercedes-benz-glc-c253 fl-glc63 s amg coupé-performance coupé suv-2019–2022-special-jupiter red-mercedes-benz glc c253 fl-front-view.webp,e02d4953298482af643147c59493f7dcf480707529c0a36b3e614a1ae00b5abf,sorted by class name ('glc')
mercedes-benz-glc-c253-coupé-coupé suv-2016–2019-different roof body-hyacinth red metallic-mercedes-benz glc c253-45-angle-front-view.webp,GLC\mercedes-benz-glc-c253-coupé-coupé suv-2016–2019-different roof body-hyacinth red metallic-mercedes-benz glc c253-45-angle-front-view.webp,_Remaining\Not Matched\mercedes-benz-glc-c253-coupé-coupé suv-2016–2019-different roof body-hyacinth red metallic-mercedes-benz glc c253-45-angle-front-view.webp,c6cf07ea56cb28d35c516f0e6cb62966204842647cac0830c35bdc8d4a8e0baa,sorted by class name ('glc')
mercedes-benz-glc-c253-coupé-coupé suv-2016–2019-different roof body-hyacinth red metallic-mercedes-benz glc c253-back-view.webp,GLC\mercedes-benz-glc-c253-coupé-coupé suv-2016–2019-different roof body-hyacinth red metallic-mercedes-benz glc c253-back-view.webp,_Remaining\Not Matched\mercedes-benz-glc-c253-coupé-coupé suv-2016–2019-different roof body-hyacinth red metallic-mercedes-benz glc c253-back-view.webp,aa3827052fd2267beeff84c48ee711a1b952b88ce07bc03ded4edc10e75fc40b,sorted by class name ('glc')
mercedes-benz-glc-c253-coupé-coupé suv-2016–2019-different roof body-hyacinth red metallic-mercedes-benz glc c253-flat-side-view.webp,GLC\mercedes-benz-glc-c253-coupé-coupé suv-2016–2019-different roof body-hyacinth red metallic-mercedes-benz glc c253-flat-side-view.webp,_Remaining\Not Matched\mercedes-benz-glc-c253-coupé-coupé suv-2016–2019-different roof body-hyacinth red metallic-mercedes-benz glc c253-flat-side-view.webp,5aa93c2b51295a8b17c1665dd069e59d4d59f25978b74a86e41bbd6b69b4dd60,sorted by class name ('glc')
mercedes-benz-glc-c253-coupé-coupé suv-2016–2019-different roof body-hyacinth red metallic-mercedes-benz glc c253-front-view.webp,GLC\mercedes-benz-glc-c253-coupé-coupé suv-2016–2019-different roof body-hyacinth red metallic-mercedes-benz glc c253-front-view.webp,_Remaining\Not Matched\mercedes-benz-glc-c253-coupé-coupé suv-2016–2019-different roof body-hyacinth red metallic-mercedes-benz glc c253-front-view.webp,8ad77932299731249e8ca2a7c5112e00814b7b5a6d6373b8fb335828874a8246,sorted by class name ('glc')
mercedes-benz-glc-c253-facelift coupé-coupé suv-2019–2022-new-obsidian black metallic-mercedes-benz glc c253-45-angle-front-view.webp,GLC\mercedes-benz-glc-c253-facelift coupé-coupé suv-2019–2022-new-obsidian black metallic-mercedes-benz glc c253-45-angle-front-view.webp,_Remaining\Not Matched\mercedes-benz-glc-c253-facelift coupé-coupé suv-2019–2022-new-obsidian black metallic-mercedes-benz glc c253-45-angle-front-view.webp,8437977bd2cb5f492a3b6f44c5a2d2bfb72a9d6703cba95cef952fd753bc89af,sorted by class name ('glc')
mercedes-benz-glc-c253-facelift coupé-coupé suv-2019–2022-new-obsidian black metallic-mercedes-benz glc c253-back-view.webp,GLC\mercedes-benz-glc-c253-facelift coupé-coupé suv-2019–2022-new-obsidian black metallic-mercedes-benz glc c253-back-view.webp,_Remaining\Not Matched\mercedes-benz-glc-c253-facelift coupé-coupé suv-2019–2022-new-obsidian black metallic-mercedes-benz glc c253-back-view.webp,e521d73bab3ab4989bb2c38004bc93144995f998aa64dd89d016efdf71a8b239,sorted by class name ('glc')
mercedes-benz-glc-c253-facelift coupé-coupé suv-2019–2022-new-obsidian black metallic-mercedes-benz glc c253-flat-side-view.webp,GLC\mercedes-benz-glc-c253-facelift coupé-coupé suv-2019–2022-new-obsidian black metallic-mercedes-benz glc c253-flat-side-view.webp,_Remaining\Not Matched\mercedes-benz-glc-c253-facelift coupé-coupé suv-2019–2022-new-obsidian black metallic-mercedes-benz glc c253-flat-side-view.webp,e4a564c43583773db13b9066b53f3e42cb6ac16b37f85395650331c9de0f3b5c,sorted by class name ('glc')
mercedes-benz-glc-c253-facelift coupé-coupé suv-2019–2022-new-obsidian black metallic-mercedes-benz glc c253-front-view.webp,GLC\mercedes-benz-glc-c253-facelift coupé-coupé suv-2019–2022-new-obsidian black metallic-mercedes-benz glc c253-front-view.webp,_Remaining\Not Matched\mercedes-benz-glc-c253-facelift coupé-coupé suv-2019–2022-new-obsidian black metallic-mercedes-benz glc c253-front-view.webp,f903cefdbec25a211eb35f757f902baeeb9f25d6a272526841dd5f23682ff781,sorted by class name ('glc')
mercedes-benz-glc-c253-glc43 amg coupé-performance coupé suv-2016–2019-special-brilliant blue metallic-mercedes-benz glc c253-45-angle-front-view.webp,GLC\mercedes-benz-glc-c253-glc43 amg coupé-performance coupé suv-2016–2019-special-brilliant blue metallic-mercedes-benz glc c253-45-angle-front-view.webp,_Remaining\Not Matched\mercedes-benz-glc-c253-glc43 amg coupé-performance coupé suv-2016–2019-special-brilliant blue metallic-mercedes-benz glc c253-45-angle-front-view.webp,88471a87fec96090f646b914e3ca64669321226161256f469ac28aaa4a5f4191,sorted by class name ('glc')
mercedes-benz-glc-c253-glc43 amg coupé-performance coupé suv-2016–2019-special-brilliant blue metallic-mercedes-benz glc c253-back-view.webp,GLC\mercedes-benz-glc-c253-glc43 amg coupé-performance coupé suv-2016–2019-special-brilliant blue metallic-mercedes-benz glc c253-back-view.webp,_Remaining\Not Matched\mercedes-benz-glc-c253-glc43 amg coupé-performance coupé suv-2016–2019-special-brilliant blue metallic-mercedes-benz glc c253-back-view.webp,14f9eac2c767a4133b48726c1b962cd84cc5b82107e892e2bdb250a069166aff,sorted by class name ('glc')
mercedes-benz-glc-c253-glc43 amg coupé-performance coupé suv-2016–2019-special-brilliant blue metallic-mercedes-benz glc c253-flat-side-view.webp,GLC\mercedes-benz-glc-c253-glc43 amg coupé-performance coupé suv-2016–2019-special-brilliant blue metallic-mercedes-benz glc c253-flat-side-view.webp,_Remaining\Not Matched\mercedes-benz-glc-c253-glc43 amg coupé-performance coupé suv-2016–2019-special-brilliant blue metallic-mercedes-benz glc c253-flat-side-view.webp,7b7b3c0175380d89b7a31cdf72aa5c996ff0819748b01aa28464d6c7634558c1,sorted by class name ('glc')
mercedes-benz-glc-c253-glc43 amg coupé-performance coupé suv-2016–2019-special-brilliant blue metallic-mercedes-benz glc c253-front-view.webp,GLC\mercedes-benz-glc-c253-glc43 amg coupé-performance coupé suv-2016–2019-special-brilliant blue metallic-mercedes-benz glc c253-front-view.webp,_Remaining\Not Matched\mercedes-benz-glc-c253-glc43 amg coupé-performance coupé suv-2016–2019-special-brilliant blue metallic-mercedes-benz glc c253-front-view.webp,06a535b5fe1c0f2f54595fbc5ac1445abe53de5791fefd3812d887f5c5f42f57,sorted by class name ('glc')
mercedes-benz-glc-c253-glc63 s amg coupé-performance coupé suv-2017–2019-special-designo diamond white bright-mercedes-benz glc c253-45-angle-front-view.webp,GLC\mercedes-benz-glc-c253-glc63 s amg coupé-performance coupé suv-2017–2019-special-designo diamond white bright-mercedes-benz glc c253-45-angle-front-view.webp,_Remaining\Not Matched\mercedes-benz-glc-c253-glc63 s amg coupé-performance coupé suv-2017–2019-special-designo diamond white bright-mercedes-benz glc c253-45-angle-front-view.webp,bad536fd7839d9bee9f30fbc492c75f3d506c98140b317682827ff7dca201893,sorted by class name ('glc')
mercedes-benz-glc-c253-glc63 s amg coupé-performance coupé suv-2017–2019-special-designo diamond white bright-mercedes-benz glc c253-back-view.webp,GLC\mercedes-benz-glc-c253-glc63 s amg coupé-performance coupé suv-2017–2019-special-designo diamond white bright-mercedes-benz glc c253-back-view.webp,_Remaining\Not Matched\mercedes-benz-glc-c253-glc63 s amg coupé-performance coupé suv-2017–2019-special-designo diamond white bright-mercedes-benz glc c253-back-view.webp,a6b684a1f7bbe5461f0665e9c896353e1b2d72fad4ef8dec5939d597aece9298,sorted by class name ('glc')
mercedes-benz-glc-c253-glc63 s amg coupé-performance coupé suv-2017–2019-special-designo diamond white bright-mercedes-benz glc c253-flat-side-view.webp,GLC\mercedes-benz-glc-c253-glc63 s amg coupé-performance coupé suv-2017–2019-special-designo diamond white bright-mercedes-benz glc c253-flat-side-view.webp,_Remaining\Not Matched\mercedes-benz-glc-c253-glc63 s amg coupé-performance coupé suv-2017–2019-special-designo diamond white bright-mercedes-benz glc c253-flat-side-view.webp,81b2c7939604c4e5503a25a1c9f29fe8201508c41a9d08c7b0eff5d1738409c6,sorted by class name ('glc')
mercedes-benz-glc-c253-glc63 s amg coupé-performance coupé suv-2017–2019-special-designo diamond white bright-mercedes-benz glc c253-front-view.webp,GLC\mercedes-benz-glc-c253-glc63 s amg coupé-performance coupé suv-2017–2019-special-designo diamond white bright-mercedes-benz glc c253-front-view.webp,_Remaining\Not Matched\mercedes-benz-glc-c253-glc63 s amg coupé-performance coupé suv-2017–2019-special-designo diamond white bright-mercedes-benz glc c253-front-view.webp,4c23054dea508f7597ece983537bbd8f4db2af062eb3900e795b112bbd201f77,sorted by class name ('glc')
mercedes-benz-glc-c254-amg glc43 coupé-performance coupé suv-2023–-special-high-tech silver metallic-mercedes-benz glc c254-45-angle-front-view.webp,GLC\mercedes-benz-glc-c254-amg glc43 coupé-performance coupé suv-2023–-special-high-tech silver metallic-mercedes-benz glc c254-45-angle-front-view.webp,_Remaining\Not Matched\mercedes-benz-glc-c254-amg glc43 coupé-performance coupé suv-2023–-special-high-tech silver metallic-mercedes-benz glc c254-45-angle-front-view.webp,1d9d66eb2a0db4ae21d3e9466d2083691e17e40e7e58b5a183da54da4fec7841,sorted by class name ('glc')
mercedes-benz-glc-c254-amg glc43 coupé-performance coupé suv-2023–-special-high-tech silver metallic-mercedes-benz glc c254-back-view.webp,GLC\mercedes-benz-glc-c254-amg glc43 coupé-performance coupé suv-2023–-special-high-tech silver metallic-mercedes-benz glc c254-back-view.webp,_Remaining\Not Matched\mercedes-benz-glc-c254-amg glc43 coupé-performance coupé suv-2023–-special-high-tech silver metallic-mercedes-benz glc c254-back-view.webp,0f061f74b31605d7d04deb46ad4fd40c97414fa014c6cf74e707f04f288c246f,sorted by class name ('glc')
mercedes-benz-glc-c254-amg glc43 coupé-performance coupé suv-2023–-special-high-tech silver metallic-mercedes-benz glc c254-flat-side-view.webp,GLC\mercedes-benz-glc-c254-amg glc43 coupé-performance coupé suv-2023–-special-high-tech silver metallic-mercedes-benz glc c254-flat-side-view.webp,_Remaining\Not Matched\mercedes-benz-glc-c254-amg glc43 coupé-performance coupé suv-2023–-special-high-tech silver metallic-mercedes-benz glc c254-flat-side-view.webp,afb741bb430ba13bba8b67893cf6140179a4398fbff7d61d3cc70fb633050c47,sorted by class name ('glc')
mercedes-benz-glc-c254-amg glc43 coupé-performance coupé suv-2023–-special-high-tech silver metallic-mercedes-benz glc c254-front-view.webp,GLC\mercedes-benz-glc-c254-amg glc43 coupé-performance coupé suv-2023–-special-high-tech silver metallic-mercedes-benz glc c254-front-view.webp,_Remaining\Not Matched\mercedes-benz-glc-c254-amg glc43 coupé-performance coupé suv-2023–-special-high-tech silver metallic-mercedes-benz glc c254-front-view.webp,7c49298e5c0a88b568976ff76e3de1f7b03506ee109abbede27e53994e438055,sorted by class name ('glc')
mercedes-benz-glc-c254-amg glc63 s e performance coupé-performance coupé suv-2024–-special-rubellite red metallic-mercedes-benz glc c254-45-angle-front-view.webp,GLC\mercedes-benz-glc-c254-amg glc63 s e performance coupé-performance coupé suv-2024–-special-rubellite red metallic-mercedes-benz glc c254-45-angle-front-view.webp,_Remaining\Not Matched\mercedes-benz-glc-c254-amg glc63 s e performance coupé-performance coupé suv-2024–-special-rubellite red metallic-mercedes-benz glc c254-45-angle-front-view.webp,46e19186881e2401effd94c562bc088cd4f8dc9b3159ce46fec13b871cbf8f49,sorted by class name ('glc')
mercedes-benz-glc-c254-amg glc63 s e performance coupé-performance coupé suv-2024–-special-rubellite red metallic-mercedes-benz glc c254-back-view.webp,GLC\mercedes-benz-glc-c254-amg glc63 s e performance coupé-performance coupé suv-2024–-special-rubellite red metallic-mercedes-benz glc c254-back-view.webp,_Remaining\Not Matched\mercedes-benz-glc-c254-amg glc63 s e performance coupé-performance coupé suv-2024–-special-rubellite red metallic-mercedes-benz glc c254-back-view.webp,6f1af298b4fe9709b3977b872244ddd2dae6831f2f8d2d5038e4466f773d5764,sorted by class name ('glc')
mercedes-benz-glc-c254-amg glc63 s e performance coupé-performance coupé suv-2024–-special-rubellite red metallic-mercedes-benz glc c254-flat-side-view.webp,GLC\mercedes-benz-glc-c254-amg glc63 s e performance coupé-performance coupé suv-2024–-special-rubellite red metallic-mercedes-benz glc c254-flat-side-view.webp,_Remaining\Not Matched\mercedes-benz-glc-c254-amg glc63 s e performance coupé-performance coupé suv-2024–-special-rubellite red metallic-mercedes-benz glc c254-flat-side-view.webp,236340ed161fa95f403a0376d09338036cbce7497867e5063c65ea45acef91fa,sorted by class name ('glc')
mercedes-benz-glc-c254-amg glc63 s e performance coupé-performance coupé suv-2024–-special-rubellite red metallic-mercedes-benz glc c254-front-view.webp,GLC\mercedes-benz-glc-c254-amg glc63 s e performance coupé-performance coupé suv-2024–-special-rubellite red metallic-mercedes-benz glc c254-front-view.webp,_Remaining\Not Matched\mercedes-benz-glc-c254-amg glc63 s e performance coupé-performance coupé suv-2024–-special-rubellite red metallic-mercedes-benz glc c254-front-view.webp,c17563e2f238e1c947a0555860188af6f34b90caedf3c11795ca20141fb80d85,sorted by class name ('glc')
mercedes-benz-glc-c254-coupé-coupé suv-2023–-new-generation coupé-emerald green metallic-mercedes-benz glc c254-45-angle-front-view.webp,GLC\mercedes-benz-glc-c254-coupé-coupé suv-2023–-new-generation coupé-emerald green metallic-mercedes-benz glc c254-45-angle-front-view.webp,_Remaining\Not Matched\mercedes-benz-glc-c254-coupé-coupé suv-2023–-new-generation coupé-emerald green metallic-mercedes-benz glc c254-45-angle-front-view.webp,62d4b42ad0ae52a8b096a62facc844a50eb5a26f3c750e75dc24a16d53ce12b9,sorted by class name ('glc')
mercedes-benz-glc-c254-coupé-coupé suv-2023–-new-generation coupé-emerald green metallic-mercedes-benz glc c254-back-view.webp,GLC\mercedes-benz-glc-c254-coupé-coupé suv-2023–-new-generation coupé-emerald green metallic-mercedes-benz glc c254-back-view.webp,_Remaining\Not Matched\mercedes-benz-glc-c254-coupé-coupé suv-2023–-new-generation coupé-emerald green metallic-mercedes-benz glc c254-back-view.webp,559bd5a75cde99fba4cca60f250b0bf13ba6e6cd6a5f6627719797b7663b2d77,sorted by class name ('glc')
mercedes-benz-glc-c254-coupé-coupé suv-2023–-new-generation coupé-emerald green metallic-mercedes-benz glc c254-flat-side-view.webp,GLC\mercedes-benz-glc-c254-coupé-coupé suv-2023–-new-generation coupé-emerald green metallic-mercedes-benz glc c254-flat-side-view.webp,_Remaining\Not Matched\mercedes-benz-glc-c254-coupé-coupé suv-2023–-new-generation coupé-emerald green metallic-mercedes-benz glc c254-flat-side-view.webp,3b930f6badee08f4dc660ad1a07b396558667b5f0423e8611074bb32a40903c3,sorted by class name ('glc')
mercedes-benz-glc-c254-coupé-coupé suv-2023–-new-generation coupé-emerald green metallic-mercedes-benz glc c254-front-view.webp,GLC\mercedes-benz-glc-c254-coupé-coupé suv-2023–-new-generation coupé-emerald green metallic-mercedes-benz glc c254-front-view.webp,_Remaining\Not Matched\mercedes-benz-glc-c254-coupé-coupé suv-2023–-new-generation coupé-emerald green metallic-mercedes-benz glc c254-front-view.webp,8f7d7b50d3ec642b08bf51dd69a1a4c642c752678d7ac7e8708c649734a65e8a,sorted by class name ('glc')
mercedes-benz-gle-c167 fl-coupé-coupé suv-2023–2026-facelift-diamond silver metallic-mercedes-benz gle c167 fl-45-angle-front-view.webp,GLE\mercedes-benz-gle-c167 fl-coupé-coupé suv-2023–2026-facelift-diamond silver metallic-mercedes-benz gle c167 fl-45-angle-front-view.webp,_Remaining\Not Matched\mercedes-benz-gle-c167 fl-coupé-coupé suv-2023–2026-facelift-diamond silver metallic-mercedes-benz gle c167 fl-45-angle-front-view.webp,b0645a78eeca5bdf5de1afc3d496b2fcf263562b26027db0ce345723bf18c38f,sorted by class name ('gle')
mercedes-benz-gle-c167 fl-coupé-coupé suv-2023–2026-facelift-diamond silver metallic-mercedes-benz gle c167 fl-back-view.webp,GLE\mercedes-benz-gle-c167 fl-coupé-coupé suv-2023–2026-facelift-diamond silver metallic-mercedes-benz gle c167 fl-back-view.webp,_Remaining\Not Matched\mercedes-benz-gle-c167 fl-coupé-coupé suv-2023–2026-facelift-diamond silver metallic-mercedes-benz gle c167 fl-back-view.webp,73c60e77dcc2eb0e95f59d35e9bc04bc1c8eaed7107e0bea0651ba3e04893867,sorted by class name ('gle')
mercedes-benz-gle-c167 fl-coupé-coupé suv-2023–2026-facelift-diamond silver metallic-mercedes-benz gle c167 fl-flat-side-view.webp,GLE\mercedes-benz-gle-c167 fl-coupé-coupé suv-2023–2026-facelift-diamond silver metallic-mercedes-benz gle c167 fl-flat-side-view.webp,_Remaining\Not Matched\mercedes-benz-gle-c167 fl-coupé-coupé suv-2023–2026-facelift-diamond silver metallic-mercedes-benz gle c167 fl-flat-side-view.webp,f27335ed7cd8242e4e40b01ed7cc31b7b4da1b71ad1e1617b6c9bff5d7a329b8,sorted by class name ('gle')
mercedes-benz-gle-c167 fl-coupé-coupé suv-2023–2026-facelift-diamond silver metallic-mercedes-benz gle c167 fl-front-view.webp,GLE\mercedes-benz-gle-c167 fl-coupé-coupé suv-2023–2026-facelift-diamond silver metallic-mercedes-benz gle c167 fl-front-view.webp,_Remaining\Not Matched\mercedes-benz-gle-c167 fl-coupé-coupé suv-2023–2026-facelift-diamond silver metallic-mercedes-benz gle c167 fl-front-view.webp,efdfc02f7c4fdf2852b4f44b33aab3546da1c020850a5b4584412468c9734ee0,sorted by class name ('gle')
mercedes-benz-gle-c167-coupé-coupé suv-2019–2023-different body-citrine brown metallic-mercedes-benz gle c167-45-angle-front-view.webp,GLE\mercedes-benz-gle-c167-coupé-coupé suv-2019–2023-different body-citrine brown metallic-mercedes-benz gle c167-45-angle-front-view.webp,_Remaining\Not Matched\mercedes-benz-gle-c167-coupé-coupé suv-2019–2023-different body-citrine brown metallic-mercedes-benz gle c167-45-angle-front-view.webp,df202bba43052d08f3206be71ef5d023adaf631ac49cf67a78fdbab12aae5444,sorted by class name ('gle')
mercedes-benz-gle-c167-coupé-coupé suv-2019–2023-different body-citrine brown metallic-mercedes-benz gle c167-back-view.webp,GLE\mercedes-benz-gle-c167-coupé-coupé suv-2019–2023-different body-citrine brown metallic-mercedes-benz gle c167-back-view.webp,_Remaining\Not Matched\mercedes-benz-gle-c167-coupé-coupé suv-2019–2023-different body-citrine brown metallic-mercedes-benz gle c167-back-view.webp,e717eb06089415847e9410b4f2f10063138e246074c3b9ab5f78f9e566395bde,sorted by class name ('gle')
mercedes-benz-gle-c167-coupé-coupé suv-2019–2023-different body-citrine brown metallic-mercedes-benz gle c167-flat-side-view.webp,GLE\mercedes-benz-gle-c167-coupé-coupé suv-2019–2023-different body-citrine brown metallic-mercedes-benz gle c167-flat-side-view.webp,_Remaining\Not Matched\mercedes-benz-gle-c167-coupé-coupé suv-2019–2023-different body-citrine brown metallic-mercedes-benz gle c167-flat-side-view.webp,bb8aacd62a69fd321508645ecfaa828f5e3527648464da5f8c0437851a0224b0,sorted by class name ('gle')
mercedes-benz-gle-c167-coupé-coupé suv-2019–2023-different body-citrine brown metallic-mercedes-benz gle c167-front-view.webp,GLE\mercedes-benz-gle-c167-coupé-coupé suv-2019–2023-different body-citrine brown metallic-mercedes-benz gle c167-front-view.webp,_Remaining\Not Matched\mercedes-benz-gle-c167-coupé-coupé suv-2019–2023-different body-citrine brown metallic-mercedes-benz gle c167-front-view.webp,2aa9e6b4837f5affb60791000bf3f5ad6fdfb30a72654e930e9c926a61d7eeaf,sorted by class name ('gle')
mercedes-benz-gle-c292-coupé-coupé suv-2015–2019-different roofline-cavansite blue metallic-mercedes-benz gle c292-45-angle-front-view.webp,GLE\mercedes-benz-gle-c292-coupé-coupé suv-2015–2019-different roofline-cavansite blue metallic-mercedes-benz gle c292-45-angle-front-view.webp,_Remaining\Not Matched\mercedes-benz-gle-c292-coupé-coupé suv-2015–2019-different roofline-cavansite blue metallic-mercedes-benz gle c292-45-angle-front-view.webp,9e1f40abe6e3ee3a6a15e0926b3585cc49fe6760ae10f0e83b4d053bfddc92aa,sorted by class name ('gle')
mercedes-benz-gle-c292-coupé-coupé suv-2015–2019-different roofline-cavansite blue metallic-mercedes-benz gle c292-back-view.webp,GLE\mercedes-benz-gle-c292-coupé-coupé suv-2015–2019-different roofline-cavansite blue metallic-mercedes-benz gle c292-back-view.webp,_Remaining\Not Matched\mercedes-benz-gle-c292-coupé-coupé suv-2015–2019-different roofline-cavansite blue metallic-mercedes-benz gle c292-back-view.webp,ff80751b6a07433977feffff464d44f7afce86a03f12013a781c9efaa4f79681,sorted by class name ('gle')
mercedes-benz-gle-c292-coupé-coupé suv-2015–2019-different roofline-cavansite blue metallic-mercedes-benz gle c292-flat-side-view.webp,GLE\mercedes-benz-gle-c292-coupé-coupé suv-2015–2019-different roofline-cavansite blue metallic-mercedes-benz gle c292-flat-side-view.webp,_Remaining\Not Matched\mercedes-benz-gle-c292-coupé-coupé suv-2015–2019-different roofline-cavansite blue metallic-mercedes-benz gle c292-flat-side-view.webp,77123f39c590d26195c1d758845827411023d8e3746fa639604e5a90b4e31033,sorted by class name ('gle')
mercedes-benz-gle-c292-coupé-coupé suv-2015–2019-different roofline-cavansite blue metallic-mercedes-benz gle c292-front-view.webp,GLE\mercedes-benz-gle-c292-coupé-coupé suv-2015–2019-different roofline-cavansite blue metallic-mercedes-benz gle c292-front-view.webp,_Remaining\Not Matched\mercedes-benz-gle-c292-coupé-coupé suv-2015–2019-different roofline-cavansite blue metallic-mercedes-benz gle c292-front-view.webp,64f8b1a3b5a682133c4f9f12b29b59514de91601c13eec29dc733902ac128ec7,sorted by class name ('gle')
mercedes-benz-gle-c292-gle43 amg coupé-performance coupé suv-2016–2019-special-obsidian black metallic-mercedes-benz gle c292-45-angle-front-view.webp,GLE\mercedes-benz-gle-c292-gle43 amg coupé-performance coupé suv-2016–2019-special-obsidian black metallic-mercedes-benz gle c292-45-angle-front-view.webp,_Remaining\Not Matched\mercedes-benz-gle-c292-gle43 amg coupé-performance coupé suv-2016–2019-special-obsidian black metallic-mercedes-benz gle c292-45-angle-front-view.webp,a5fe5de3415001fd3db28b2006ad8ac8d9cfb150c759f6acb4618b8fd72927dc,sorted by class name ('gle')
mercedes-benz-gle-c292-gle43 amg coupé-performance coupé suv-2016–2019-special-obsidian black metallic-mercedes-benz gle c292-back-view.webp,GLE\mercedes-benz-gle-c292-gle43 amg coupé-performance coupé suv-2016–2019-special-obsidian black metallic-mercedes-benz gle c292-back-view.webp,_Remaining\Not Matched\mercedes-benz-gle-c292-gle43 amg coupé-performance coupé suv-2016–2019-special-obsidian black metallic-mercedes-benz gle c292-back-view.webp,0985ae0809ecea9974f48703d0cdd171abfeff11157dfbd2edfbd95233d0648d,sorted by class name ('gle')
mercedes-benz-gle-c292-gle43 amg coupé-performance coupé suv-2016–2019-special-obsidian black metallic-mercedes-benz gle c292-flat-side-view.webp,GLE\mercedes-benz-gle-c292-gle43 amg coupé-performance coupé suv-2016–2019-special-obsidian black metallic-mercedes-benz gle c292-flat-side-view.webp,_Remaining\Not Matched\mercedes-benz-gle-c292-gle43 amg coupé-performance coupé suv-2016–2019-special-obsidian black metallic-mercedes-benz gle c292-flat-side-view.webp,db2d2bda188ea2e3232a6bb39a47f1f98b21f1a5050996084fe7b7bda381c44a,sorted by class name ('gle')
mercedes-benz-gle-c292-gle43 amg coupé-performance coupé suv-2016–2019-special-obsidian black metallic-mercedes-benz gle c292-front-view.webp,GLE\mercedes-benz-gle-c292-gle43 amg coupé-performance coupé suv-2016–2019-special-obsidian black metallic-mercedes-benz gle c292-front-view.webp,_Remaining\Not Matched\mercedes-benz-gle-c292-gle43 amg coupé-performance coupé suv-2016–2019-special-obsidian black metallic-mercedes-benz gle c292-front-view.webp,8edd06407cb0024e45079b8169c05cd1f920d5258b8b6704d8d7ec6884057de6,sorted by class name ('gle')
mercedes-benz-gle-c292-gle63 s amg coupé-performance coupé suv-2015–2019-special-spectral blue metallic-mercedes-benz gle c292-45-angle-front-view.webp,GLE\mercedes-benz-gle-c292-gle63 s amg coupé-performance coupé suv-2015–2019-special-spectral blue metallic-mercedes-benz gle c292-45-angle-front-view.webp,_Remaining\Not Matched\mercedes-benz-gle-c292-gle63 s amg coupé-performance coupé suv-2015–2019-special-spectral blue metallic-mercedes-benz gle c292-45-angle-front-view.webp,ac7c637d5c59ec5ddb74c872618662f61d8ce5b60d7e069410925b989f52a85a,sorted by class name ('gle')
mercedes-benz-gle-c292-gle63 s amg coupé-performance coupé suv-2015–2019-special-spectral blue metallic-mercedes-benz gle c292-back-view.webp,GLE\mercedes-benz-gle-c292-gle63 s amg coupé-performance coupé suv-2015–2019-special-spectral blue metallic-mercedes-benz gle c292-back-view.webp,_Remaining\Not Matched\mercedes-benz-gle-c292-gle63 s amg coupé-performance coupé suv-2015–2019-special-spectral blue metallic-mercedes-benz gle c292-back-view.webp,74ca674ab9ca23ab101fdc155945bdd33d534b089e56a01574c909d77d5dbf9f,sorted by class name ('gle')
mercedes-benz-gle-c292-gle63 s amg coupé-performance coupé suv-2015–2019-special-spectral blue metallic-mercedes-benz gle c292-flat-side-view.webp,GLE\mercedes-benz-gle-c292-gle63 s amg coupé-performance coupé suv-2015–2019-special-spectral blue metallic-mercedes-benz gle c292-flat-side-view.webp,_Remaining\Not Matched\mercedes-benz-gle-c292-gle63 s amg coupé-performance coupé suv-2015–2019-special-spectral blue metallic-mercedes-benz gle c292-flat-side-view.webp,488d92fb33036308cbb8025f8d75c52433449429f1e72323f65d9cf8397f7de4,sorted by class name ('gle')
mercedes-benz-gle-c292-gle63 s amg coupé-performance coupé suv-2015–2019-special-spectral blue metallic-mercedes-benz gle c292-front-view.webp,GLE\mercedes-benz-gle-c292-gle63 s amg coupé-performance coupé suv-2015–2019-special-spectral blue metallic-mercedes-benz gle c292-front-view.webp,_Remaining\Not Matched\mercedes-benz-gle-c292-gle63 s amg coupé-performance coupé suv-2015–2019-special-spectral blue metallic-mercedes-benz gle c292-front-view.webp,23e504138af047f6e986b3dddf460db7137b495f0bf79747f917527f1d0c0883,sorted by class name ('gle')
mercedes-benz-gle-w167-gle63 s amg-performance suv-2020–2023-special-amg green hell magno-mercedes-benz gle w167-45-angle-front-view.webp,GLE\mercedes-benz-gle-w167-gle63 s amg-performance suv-2020–2023-special-amg green hell magno-mercedes-benz gle w167-45-angle-front-view.webp,_Remaining\Not Matched\mercedes-benz-gle-w167-gle63 s amg-performance suv-2020–2023-special-amg green hell magno-mercedes-benz gle w167-45-angle-front-view.webp,3fbc3b93c64a84bc63dfde2ba849657c6cff1ae9c51741a0ce86016fb87acf67,sorted by class name ('gle')
mercedes-benz-gle-w167-gle63 s amg-performance suv-2020–2023-special-amg green hell magno-mercedes-benz gle w167-back-view.webp,GLE\mercedes-benz-gle-w167-gle63 s amg-performance suv-2020–2023-special-amg green hell magno-mercedes-benz gle w167-back-view.webp,_Remaining\Not Matched\mercedes-benz-gle-w167-gle63 s amg-performance suv-2020–2023-special-amg green hell magno-mercedes-benz gle w167-back-view.webp,90b166cc4b1fef6883d447b1a4d59a6c9b1dc3611c59783f7418a1ccf97f4fa7,sorted by class name ('gle')
mercedes-benz-gle-w167-gle63 s amg-performance suv-2020–2023-special-amg green hell magno-mercedes-benz gle w167-flat-side-view.webp,GLE\mercedes-benz-gle-w167-gle63 s amg-performance suv-2020–2023-special-amg green hell magno-mercedes-benz gle w167-flat-side-view.webp,_Remaining\Not Matched\mercedes-benz-gle-w167-gle63 s amg-performance suv-2020–2023-special-amg green hell magno-mercedes-benz gle w167-flat-side-view.webp,d1e55e25108086d73490aa69dc82370e8d297b24532f40aa99a3bb61aa4e584c,sorted by class name ('gle')
mercedes-benz-gle-w167-gle63 s amg-performance suv-2020–2023-special-amg green hell magno-mercedes-benz gle w167-front-view.webp,GLE\mercedes-benz-gle-w167-gle63 s amg-performance suv-2020–2023-special-amg green hell magno-mercedes-benz gle w167-front-view.webp,_Remaining\Not Matched\mercedes-benz-gle-w167-gle63 s amg-performance suv-2020–2023-special-amg green hell magno-mercedes-benz gle w167-front-view.webp,f4f3621e2dcae6165416f5220c38d168d5fd4ebc94448b23ceb9d16b59a9cb4a,sorted by class name ('gle')
mercedes-benz-gls-x167-gls580-suv-2019–2023-group-cavansite blue metallic-mercedes-benz gls x167-45-angle-front-view.webp,GLS\mercedes-benz-gls-x167-gls580-suv-2019–2023-group-cavansite blue metallic-mercedes-benz gls x167-45-angle-front-view.webp,_Remaining\Not Matched\mercedes-benz-gls-x167-gls580-suv-2019–2023-group-cavansite blue metallic-mercedes-benz gls x167-45-angle-front-view.webp,4081400fee12a84898543b01772c9d8916e68abf9b8f73b689d986c74f847c67,sorted by class name ('gls')
mercedes-benz-gls-x167-gls580-suv-2019–2023-group-cavansite blue metallic-mercedes-benz gls x167-back-view.webp,GLS\mercedes-benz-gls-x167-gls580-suv-2019–2023-group-cavansite blue metallic-mercedes-benz gls x167-back-view.webp,_Remaining\Not Matched\mercedes-benz-gls-x167-gls580-suv-2019–2023-group-cavansite blue metallic-mercedes-benz gls x167-back-view.webp,0817404af52da6a83666a861de96b4df73bd007b06f6325ee462e26bfe9963fb,sorted by class name ('gls')
mercedes-benz-gls-x167-gls580-suv-2019–2023-group-cavansite blue metallic-mercedes-benz gls x167-flat-side-view.webp,GLS\mercedes-benz-gls-x167-gls580-suv-2019–2023-group-cavansite blue metallic-mercedes-benz gls x167-flat-side-view.webp,_Remaining\Not Matched\mercedes-benz-gls-x167-gls580-suv-2019–2023-group-cavansite blue metallic-mercedes-benz gls x167-flat-side-view.webp,39da2a82765ce39367a6c9869a269777d0ee48547a43b12b840cf89f1baae887,sorted by class name ('gls')
mercedes-benz-gls-x167-gls580-suv-2019–2023-group-cavansite blue metallic-mercedes-benz gls x167-front-view.webp,GLS\mercedes-benz-gls-x167-gls580-suv-2019–2023-group-cavansite blue metallic-mercedes-benz gls x167-front-view.webp,_Remaining\Not Matched\mercedes-benz-gls-x167-gls580-suv-2019–2023-group-cavansite blue metallic-mercedes-benz gls x167-front-view.webp,6434ec2519e30c0b9976fdcdb4f20bfe7de12c018ba6cad5c11ba434cf4c78a2,sorted by class name ('gls')
mercedes-benz-m-class-w163-ml55 amg-performance suv-2000–2005-special-designo hyacinth red metallic-mercedes-benz m-class w163 -45-angle-front-view.webp,M-Class\mercedes-benz-m-class-w163-ml55 amg-performance suv-2000–2005-special-designo hyacinth red metallic-mercedes-benz m-class w163 -45-angle-front-view.webp,_Remaining\Not Matched\mercedes-benz-m-class-w163-ml55 amg-performance suv-2000–2005-special-designo hyacinth red metallic-mercedes-benz m-class w163 -45-angle-front-view.webp,d33b83f0c1a5186b74050b478b5ca73e46a0c513585aace6c76a0ba0f777fa95,sorted by class name ('m-class')
mercedes-benz-m-class-w163-ml55 amg-performance suv-2000–2005-special-designo hyacinth red metallic-mercedes-benz m-class w163 -back-view.webp,M-Class\mercedes-benz-m-class-w163-ml55 amg-performance suv-2000–2005-special-designo hyacinth red metallic-mercedes-benz m-class w163 -back-view.webp,_Remaining\Not Matched\mercedes-benz-m-class-w163-ml55 amg-performance suv-2000–2005-special-designo hyacinth red metallic-mercedes-benz m-class w163 -back-view.webp,c4c0b8c2834ea26cd9387a49456b029889796aa0e512f30799dc5951e25a7395,sorted by class name ('m-class')
mercedes-benz-m-class-w163-ml55 amg-performance suv-2000–2005-special-designo hyacinth red metallic-mercedes-benz m-class w163 -flat-side-view.webp,M-Class\mercedes-benz-m-class-w163-ml55 amg-performance suv-2000–2005-special-designo hyacinth red metallic-mercedes-benz m-class w163 -flat-side-view.webp,_Remaining\Not Matched\mercedes-benz-m-class-w163-ml55 amg-performance suv-2000–2005-special-designo hyacinth red metallic-mercedes-benz m-class w163 -flat-side-view.webp,2651b96f06cdf9ce8d0be32e56593823181af5c6fc8e3a565a5aeb6713f84f97,sorted by class name ('m-class')
mercedes-benz-m-class-w163-ml55 amg-performance suv-2000–2005-special-designo hyacinth red metallic-mercedes-benz m-class w163 -front-view.webp,M-Class\mercedes-benz-m-class-w163-ml55 amg-performance suv-2000–2005-special-designo hyacinth red metallic-mercedes-benz m-class w163 -front-view.webp,_Remaining\Not Matched\mercedes-benz-m-class-w163-ml55 amg-performance suv-2000–2005-special-designo hyacinth red metallic-mercedes-benz m-class w163 -front-view.webp,24444fa0cd4954baa7fa7a90c0c9d117491427b76433a8e0faaabc2a73126fd9,sorted by class name ('m-class')
mercedes-benz-r-class-w251-facelift-mpv crossover-2009–2013-new-cavansite blue metallic-mercedes-benz r-class w251-45-angle-front-view.webp,R-Class\mercedes-benz-r-class-w251-facelift-mpv crossover-2009–2013-new-cavansite blue metallic-mercedes-benz r-class w251-45-angle-front-view.webp,_Remaining\Not Matched\mercedes-benz-r-class-w251-facelift-mpv crossover-2009–2013-new-cavansite blue metallic-mercedes-benz r-class w251-45-angle-front-view.webp,cb7a6d25cfb2cb9cd3682f8d2006aa1d8e2b58b2d1aa0a12fd081a7c517eb0eb,sorted by class name ('r-class')
mercedes-benz-r-class-w251-facelift-mpv crossover-2009–2013-new-cavansite blue metallic-mercedes-benz r-class w251-back-view.webp,R-Class\mercedes-benz-r-class-w251-facelift-mpv crossover-2009–2013-new-cavansite blue metallic-mercedes-benz r-class w251-back-view.webp,_Remaining\Not Matched\mercedes-benz-r-class-w251-facelift-mpv crossover-2009–2013-new-cavansite blue metallic-mercedes-benz r-class w251-back-view.webp,5a2d699d0d5bb8229a881979ba4beaf9a4a47245b87288729001b63d5aff0aea,sorted by class name ('r-class')
mercedes-benz-r-class-w251-facelift-mpv crossover-2009–2013-new-cavansite blue metallic-mercedes-benz r-class w251-flat-side-view.webp,R-Class\mercedes-benz-r-class-w251-facelift-mpv crossover-2009–2013-new-cavansite blue metallic-mercedes-benz r-class w251-flat-side-view.webp,_Remaining\Not Matched\mercedes-benz-r-class-w251-facelift-mpv crossover-2009–2013-new-cavansite blue metallic-mercedes-benz r-class w251-flat-side-view.webp,813af7e96a32712bbc4edfe3ba7ea2a02b49b8ff673eeb45cd773716e36088ce,sorted by class name ('r-class')
mercedes-benz-r-class-w251-facelift-mpv crossover-2009–2013-new-cavansite blue metallic-mercedes-benz r-class w251-front-view.webp,R-Class\mercedes-benz-r-class-w251-facelift-mpv crossover-2009–2013-new-cavansite blue metallic-mercedes-benz r-class w251-front-view.webp,_Remaining\Not Matched\mercedes-benz-r-class-w251-facelift-mpv crossover-2009–2013-new-cavansite blue metallic-mercedes-benz r-class w251-front-view.webp,c3fb35a6daf3f95262abbeda0f6c6deecc65443a3fa61d02af929aaf309b4677,sorted by class name ('r-class')
mercedes-benz-r-class-w251-r63 amg-performance mpv-2007–2009-special-designo hyacinth red metallic-mercedes-benz r-class w251-45-angle-front-view.webp,R-Class\mercedes-benz-r-class-w251-r63 amg-performance mpv-2007–2009-special-designo hyacinth red metallic-mercedes-benz r-class w251-45-angle-front-view.webp,_Remaining\Not Matched\mercedes-benz-r-class-w251-r63 amg-performance mpv-2007–2009-special-designo hyacinth red metallic-mercedes-benz r-class w251-45-angle-front-view.webp,24b5b47e5f7262799c2ed6d4768275995ec72ff8f2e90f6ba42ea5895ac0248c,sorted by class name ('r-class')
mercedes-benz-r-class-w251-r63 amg-performance mpv-2007–2009-special-designo hyacinth red metallic-mercedes-benz r-class w251-back-view.webp,R-Class\mercedes-benz-r-class-w251-r63 amg-performance mpv-2007–2009-special-designo hyacinth red metallic-mercedes-benz r-class w251-back-view.webp,_Remaining\Not Matched\mercedes-benz-r-class-w251-r63 amg-performance mpv-2007–2009-special-designo hyacinth red metallic-mercedes-benz r-class w251-back-view.webp,d2b8dc45b580199a18e0e5294bf4aa877b9edc5ca1e3207696483e2cf16f2f96,sorted by class name ('r-class')
mercedes-benz-r-class-w251-r63 amg-performance mpv-2007–2009-special-designo hyacinth red metallic-mercedes-benz r-class w251-flat-side-view.webp,R-Class\mercedes-benz-r-class-w251-r63 amg-performance mpv-2007–2009-special-designo hyacinth red metallic-mercedes-benz r-class w251-flat-side-view.webp,_Remaining\Not Matched\mercedes-benz-r-class-w251-r63 amg-performance mpv-2007–2009-special-designo hyacinth red metallic-mercedes-benz r-class w251-flat-side-view.webp,44f9d6306e06260600acaa4e389e2b2c435256f1009541cc4c0035fcc1aa0c50,sorted by class name ('r-class')
mercedes-benz-r-class-w251-r63 amg-performance mpv-2007–2009-special-designo hyacinth red metallic-mercedes-benz r-class w251-front-view.webp,R-Class\mercedes-benz-r-class-w251-r63 amg-performance mpv-2007–2009-special-designo hyacinth red metallic-mercedes-benz r-class w251-front-view.webp,_Remaining\Not Matched\mercedes-benz-r-class-w251-r63 amg-performance mpv-2007–2009-special-designo hyacinth red metallic-mercedes-benz r-class w251-front-view.webp,7756699295e6b4934ba61efaccebf1da2ea99ca03447440ad82cb4e68b624fa8,sorted by class name ('r-class')
mercedes-benz-r-class-w251-standard-mpv crossover-2006–2009-unique mercedes body concept-brilliant silver metallic-mercedes-benz r-class w251-45-angle-front-view.webp,R-Class\mercedes-benz-r-class-w251-standard-mpv crossover-2006–2009-unique mercedes body concept-brilliant silver metallic-mercedes-benz r-class w251-45-angle-front-view.webp,_Remaining\Not Matched\mercedes-benz-r-class-w251-standard-mpv crossover-2006–2009-unique mercedes body concept-brilliant silver metallic-mercedes-benz r-class w251-45-angle-front-view.webp,53583fd44213019d170897b2708a46079b195d55d41071bc53b02af47bacdbe0,sorted by class name ('r-class')
mercedes-benz-r-class-w251-standard-mpv crossover-2006–2009-unique mercedes body concept-brilliant silver metallic-mercedes-benz r-class w251-back-view.webp,R-Class\mercedes-benz-r-class-w251-standard-mpv crossover-2006–2009-unique mercedes body concept-brilliant silver metallic-mercedes-benz r-class w251-back-view.webp,_Remaining\Not Matched\mercedes-benz-r-class-w251-standard-mpv crossover-2006–2009-unique mercedes body concept-brilliant silver metallic-mercedes-benz r-class w251-back-view.webp,28139204b8bef8ef6eb5f1c23f620eaafee38ac2bbced6c1fa475a5349056728,sorted by class name ('r-class')
mercedes-benz-r-class-w251-standard-mpv crossover-2006–2009-unique mercedes body concept-brilliant silver metallic-mercedes-benz r-class w251-flat-side-view.webp,R-Class\mercedes-benz-r-class-w251-standard-mpv crossover-2006–2009-unique mercedes body concept-brilliant silver metallic-mercedes-benz r-class w251-flat-side-view.webp,_Remaining\Not Matched\mercedes-benz-r-class-w251-standard-mpv crossover-2006–2009-unique mercedes body concept-brilliant silver metallic-mercedes-benz r-class w251-flat-side-view.webp,f0a1b0a9ef887bb90d9c113b81e6518d3bf70f162c8ea892b130d1f680ccabbf,sorted by class name ('r-class')
mercedes-benz-r-class-w251-standard-mpv crossover-2006–2009-unique mercedes body concept-brilliant silver metallic-mercedes-benz r-class w251-front-view.webp,R-Class\mercedes-benz-r-class-w251-standard-mpv crossover-2006–2009-unique mercedes body concept-brilliant silver metallic-mercedes-benz r-class w251-front-view.webp,_Remaining\Not Matched\mercedes-benz-r-class-w251-standard-mpv crossover-2006–2009-unique mercedes body concept-brilliant silver metallic-mercedes-benz r-class w251-front-view.webp,290d13ce791bdf27594f3e5b2bbfe19a8ec646aa3bd8174ee2869976a3e24320,sorted by class name ('r-class')
mercedes-benz-s-class-a217-cabriolet-convertible-2015–2017-a217-ruby black metallic-mercedes-benz s-class a217-45-angle-front-view.webp,S-Class\mercedes-benz-s-class-a217-cabriolet-convertible-2015–2017-a217-ruby black metallic-mercedes-benz s-class a217-45-angle-front-view.webp,_Remaining\Not Matched\mercedes-benz-s-class-a217-cabriolet-convertible-2015–2017-a217-ruby black metallic-mercedes-benz s-class a217-45-angle-front-view.webp,10df34ac80769490b658747395dcdc654d895e0bbd8e68dd37f9988cc2008571,sorted by class name ('s-class')
mercedes-benz-s-class-a217-cabriolet-convertible-2015–2017-a217-ruby black metallic-mercedes-benz s-class a217-back-view.webp,S-Class\mercedes-benz-s-class-a217-cabriolet-convertible-2015–2017-a217-ruby black metallic-mercedes-benz s-class a217-back-view.webp,_Remaining\Not Matched\mercedes-benz-s-class-a217-cabriolet-convertible-2015–2017-a217-ruby black metallic-mercedes-benz s-class a217-back-view.webp,e0d9056b340468570b94a766a855f454893cdbb8c5913a1f9c11a3772f326faf,sorted by class name ('s-class')
mercedes-benz-s-class-a217-cabriolet-convertible-2015–2017-a217-ruby black metallic-mercedes-benz s-class a217-flat-side-view.webp,S-Class\mercedes-benz-s-class-a217-cabriolet-convertible-2015–2017-a217-ruby black metallic-mercedes-benz s-class a217-flat-side-view.webp,_Remaining\Not Matched\mercedes-benz-s-class-a217-cabriolet-convertible-2015–2017-a217-ruby black metallic-mercedes-benz s-class a217-flat-side-view.webp,c1a49e7c2226b78a8273d25346c3fc67fb9d373c6fbc337dff08cfcea525a3e7,sorted by class name ('s-class')
mercedes-benz-s-class-a217-cabriolet-convertible-2015–2017-a217-ruby black metallic-mercedes-benz s-class a217-front-view.webp,S-Class\mercedes-benz-s-class-a217-cabriolet-convertible-2015–2017-a217-ruby black metallic-mercedes-benz s-class a217-front-view.webp,_Remaining\Not Matched\mercedes-benz-s-class-a217-cabriolet-convertible-2015–2017-a217-ruby black metallic-mercedes-benz s-class a217-front-view.webp,890dd31ea256d613848b400c9f5775e27c05ecef2aa42ea73e595b2d6f9caaae,sorted by class name ('s-class')
mercedes-benz-s-class-a217-s63 amg cabriolet-performance convertible-2016–2020-special-jupiter red-mercedes-benz s-class a217-45-angle-front-view.webp,S-Class\mercedes-benz-s-class-a217-s63 amg cabriolet-performance convertible-2016–2020-special-jupiter red-mercedes-benz s-class a217-45-angle-front-view.webp,_Remaining\Not Matched\mercedes-benz-s-class-a217-s63 amg cabriolet-performance convertible-2016–2020-special-jupiter red-mercedes-benz s-class a217-45-angle-front-view.webp,118838f4d6747137d30ba136b83d39e037151263b7afee86b23f96c515ab43e0,sorted by class name ('s-class')
mercedes-benz-s-class-a217-s63 amg cabriolet-performance convertible-2016–2020-special-jupiter red-mercedes-benz s-class a217-back-view.webp,S-Class\mercedes-benz-s-class-a217-s63 amg cabriolet-performance convertible-2016–2020-special-jupiter red-mercedes-benz s-class a217-back-view.webp,_Remaining\Not Matched\mercedes-benz-s-class-a217-s63 amg cabriolet-performance convertible-2016–2020-special-jupiter red-mercedes-benz s-class a217-back-view.webp,b53ccf49729e65672a57d730985f3aa5e59f9eab591f9d8a23a567c655bceee4,sorted by class name ('s-class')
mercedes-benz-s-class-a217-s63 amg cabriolet-performance convertible-2016–2020-special-jupiter red-mercedes-benz s-class a217-flat-side-view.webp,S-Class\mercedes-benz-s-class-a217-s63 amg cabriolet-performance convertible-2016–2020-special-jupiter red-mercedes-benz s-class a217-flat-side-view.webp,_Remaining\Not Matched\mercedes-benz-s-class-a217-s63 amg cabriolet-performance convertible-2016–2020-special-jupiter red-mercedes-benz s-class a217-flat-side-view.webp,c4e09beb8acafe94cd5fbc01ce1525413edfab87c52faa7336571fe8e1fea7a3,sorted by class name ('s-class')
mercedes-benz-s-class-a217-s63 amg cabriolet-performance convertible-2016–2020-special-jupiter red-mercedes-benz s-class a217-front-view.webp,S-Class\mercedes-benz-s-class-a217-s63 amg cabriolet-performance convertible-2016–2020-special-jupiter red-mercedes-benz s-class a217-front-view.webp,_Remaining\Not Matched\mercedes-benz-s-class-a217-s63 amg cabriolet-performance convertible-2016–2020-special-jupiter red-mercedes-benz s-class a217-front-view.webp,2a5fc687ed39e5c53b5fbea3e075e1845e35e35f71b0126bf186645525ccaf1d,sorted by class name ('s-class')
mercedes-benz-s-class-c126-coupé-coupé-1981–1991-c126-black-mercedes-benz s-class c126-45-angle-front-view.webp,S-Class\mercedes-benz-s-class-c126-coupé-coupé-1981–1991-c126-black-mercedes-benz s-class c126-45-angle-front-view.webp,_Remaining\Not Matched\mercedes-benz-s-class-c126-coupé-coupé-1981–1991-c126-black-mercedes-benz s-class c126-45-angle-front-view.webp,9a82e1544c6449e08ab092e024a304c92cf989f28904a872d97db23cdf7db9ef,sorted by class name ('s-class')
mercedes-benz-s-class-c126-coupé-coupé-1981–1991-c126-black-mercedes-benz s-class c126-back-view.webp,S-Class\mercedes-benz-s-class-c126-coupé-coupé-1981–1991-c126-black-mercedes-benz s-class c126-back-view.webp,_Remaining\Not Matched\mercedes-benz-s-class-c126-coupé-coupé-1981–1991-c126-black-mercedes-benz s-class c126-back-view.webp,0c1736e222a644bf9d020c6c4d4c29e8e3dd41ae81a5f1b06bcd799efb742dbd,sorted by class name ('s-class')
mercedes-benz-s-class-c126-coupé-coupé-1981–1991-c126-black-mercedes-benz s-class c126-flat-side-view.webp,S-Class\mercedes-benz-s-class-c126-coupé-coupé-1981–1991-c126-black-mercedes-benz s-class c126-flat-side-view.webp,_Remaining\Not Matched\mercedes-benz-s-class-c126-coupé-coupé-1981–1991-c126-black-mercedes-benz s-class c126-flat-side-view.webp,f423e70e1969b04ed46eb955d9f7697a7c8dd30bbf56390a0190ea6bfaada457,sorted by class name ('s-class')
mercedes-benz-s-class-c126-coupé-coupé-1981–1991-c126-black-mercedes-benz s-class c126-front-view.webp,S-Class\mercedes-benz-s-class-c126-coupé-coupé-1981–1991-c126-black-mercedes-benz s-class c126-front-view.webp,_Remaining\Not Matched\mercedes-benz-s-class-c126-coupé-coupé-1981–1991-c126-black-mercedes-benz s-class c126-front-view.webp,72bb707d6af77ab0683abcd0f56cdf94b196c0251c9501ae177507f44df84292,sorted by class name ('s-class')
mercedes-benz-s-class-c140-coupé-coupé-1992–1998-c140-aragonite blue metallic-mercedes-benz s-class c140-45-angle-front-view.webp,S-Class\mercedes-benz-s-class-c140-coupé-coupé-1992–1998-c140-aragonite blue metallic-mercedes-benz s-class c140-45-angle-front-view.webp,_Remaining\Not Matched\mercedes-benz-s-class-c140-coupé-coupé-1992–1998-c140-aragonite blue metallic-mercedes-benz s-class c140-45-angle-front-view.webp,3fbf6614d69b05201d72c5f060048c9c6f74d2b41494beb80d6c9fe84e9f52d0,sorted by class name ('s-class')
mercedes-benz-s-class-c140-coupé-coupé-1992–1998-c140-aragonite blue metallic-mercedes-benz s-class c140-back-view.webp,S-Class\mercedes-benz-s-class-c140-coupé-coupé-1992–1998-c140-aragonite blue metallic-mercedes-benz s-class c140-back-view.webp,_Remaining\Not Matched\mercedes-benz-s-class-c140-coupé-coupé-1992–1998-c140-aragonite blue metallic-mercedes-benz s-class c140-back-view.webp,0fee43a0b056ec7931b684c391572e1e2d39d0adaf509eab4be5f95dba9f0cfb,sorted by class name ('s-class')
mercedes-benz-s-class-c140-coupé-coupé-1992–1998-c140-aragonite blue metallic-mercedes-benz s-class c140-flat-side-view.webp,S-Class\mercedes-benz-s-class-c140-coupé-coupé-1992–1998-c140-aragonite blue metallic-mercedes-benz s-class c140-flat-side-view.webp,_Remaining\Not Matched\mercedes-benz-s-class-c140-coupé-coupé-1992–1998-c140-aragonite blue metallic-mercedes-benz s-class c140-flat-side-view.webp,062ac6e5e73f1bd482a5c2baa37f2498fe931d86ae4d5ee2dba5211e5a579eec,sorted by class name ('s-class')
mercedes-benz-s-class-c140-coupé-coupé-1992–1998-c140-aragonite blue metallic-mercedes-benz s-class c140-front-view.webp,S-Class\mercedes-benz-s-class-c140-coupé-coupé-1992–1998-c140-aragonite blue metallic-mercedes-benz s-class c140-front-view.webp,_Remaining\Not Matched\mercedes-benz-s-class-c140-coupé-coupé-1992–1998-c140-aragonite blue metallic-mercedes-benz s-class c140-front-view.webp,6f1a11d35416af01cc4914354d155453de3f41fb77ee3c4fd400081816b348cf,sorted by class name ('s-class')
mercedes-benz-s-class-c216-cl65 amg-performance coupé-2007–2014-special-amg green hell magno-mercedes-benz s-class c216-45-angle-front-view.webp,S-Class\mercedes-benz-s-class-c216-cl65 amg-performance coupé-2007–2014-special-amg green hell magno-mercedes-benz s-class c216-45-angle-front-view.webp,_Remaining\Not Matched\mercedes-benz-s-class-c216-cl65 amg-performance coupé-2007–2014-special-amg green hell magno-mercedes-benz s-class c216-45-angle-front-view.webp,dc44b99816eb63d1659d14dfdc9ac4e932f3ece221bd16ad447823d1e79491c7,sorted by class name ('s-class')
mercedes-benz-s-class-c216-cl65 amg-performance coupé-2007–2014-special-amg green hell magno-mercedes-benz s-class c216-back-view.webp,S-Class\mercedes-benz-s-class-c216-cl65 amg-performance coupé-2007–2014-special-amg green hell magno-mercedes-benz s-class c216-back-view.webp,_Remaining\Not Matched\mercedes-benz-s-class-c216-cl65 amg-performance coupé-2007–2014-special-amg green hell magno-mercedes-benz s-class c216-back-view.webp,80412b18c2446b61418c0b841dc503be4f1aca11da2bb2cc474762cd3eaad2ee,sorted by class name ('s-class')
mercedes-benz-s-class-c216-cl65 amg-performance coupé-2007–2014-special-amg green hell magno-mercedes-benz s-class c216-flat-side-view.webp,S-Class\mercedes-benz-s-class-c216-cl65 amg-performance coupé-2007–2014-special-amg green hell magno-mercedes-benz s-class c216-flat-side-view.webp,_Remaining\Not Matched\mercedes-benz-s-class-c216-cl65 amg-performance coupé-2007–2014-special-amg green hell magno-mercedes-benz s-class c216-flat-side-view.webp,32f0304efdcb8f901ce43b56984db1d8fa4e3cd1465a1f9155b6ef759db7bc87,sorted by class name ('s-class')
mercedes-benz-s-class-c216-cl65 amg-performance coupé-2007–2014-special-amg green hell magno-mercedes-benz s-class c216-front-view.webp,S-Class\mercedes-benz-s-class-c216-cl65 amg-performance coupé-2007–2014-special-amg green hell magno-mercedes-benz s-class c216-front-view.webp,_Remaining\Not Matched\mercedes-benz-s-class-c216-cl65 amg-performance coupé-2007–2014-special-amg green hell magno-mercedes-benz s-class c216-front-view.webp,871408b110d298ca9e263955d3dd373d392d56f3368daf4bfec283690bf4a69f,sorted by class name ('s-class')
mercedes-benz-s-class-c217-coupé-coupé-2014–2017-c217-diamond silver metallic-mercedes-benz s-class c217-45-angle-front-view.webp,S-Class\mercedes-benz-s-class-c217-coupé-coupé-2014–2017-c217-diamond silver metallic-mercedes-benz s-class c217-45-angle-front-view.webp,_Remaining\Not Matched\mercedes-benz-s-class-c217-coupé-coupé-2014–2017-c217-diamond silver metallic-mercedes-benz s-class c217-45-angle-front-view.webp,8be7933a6dc2c776f5164d3e8e0ce83f399a897c6093608f8f06329fb03aae32,sorted by class name ('s-class')
mercedes-benz-s-class-c217-coupé-coupé-2014–2017-c217-diamond silver metallic-mercedes-benz s-class c217-back-view.webp,S-Class\mercedes-benz-s-class-c217-coupé-coupé-2014–2017-c217-diamond silver metallic-mercedes-benz s-class c217-back-view.webp,_Remaining\Not Matched\mercedes-benz-s-class-c217-coupé-coupé-2014–2017-c217-diamond silver metallic-mercedes-benz s-class c217-back-view.webp,ab6aaeca822b96e08fa7629bae46c9592e3ed9fc6fc9d4045cd239ef74685296,sorted by class name ('s-class')
mercedes-benz-s-class-c217-coupé-coupé-2014–2017-c217-diamond silver metallic-mercedes-benz s-class c217-flat-side-view.webp,S-Class\mercedes-benz-s-class-c217-coupé-coupé-2014–2017-c217-diamond silver metallic-mercedes-benz s-class c217-flat-side-view.webp,_Remaining\Not Matched\mercedes-benz-s-class-c217-coupé-coupé-2014–2017-c217-diamond silver metallic-mercedes-benz s-class c217-flat-side-view.webp,873a55e27e7d85aa7e08423de34845c52364fcdb30086277286ac5e95090fd95,sorted by class name ('s-class')
mercedes-benz-s-class-c217-coupé-coupé-2014–2017-c217-diamond silver metallic-mercedes-benz s-class c217-front-view.webp,S-Class\mercedes-benz-s-class-c217-coupé-coupé-2014–2017-c217-diamond silver metallic-mercedes-benz s-class c217-front-view.webp,_Remaining\Not Matched\mercedes-benz-s-class-c217-coupé-coupé-2014–2017-c217-diamond silver metallic-mercedes-benz s-class c217-front-view.webp,6d58c6df132cebfcc02201ebc0b7f6c9574d7e43fdbb55ee5d337ef142daba4a,sorted by class name ('s-class')
mercedes-benz-s-class-c217-facelift coupé-coupé-2017–2021-new-brilliant blue metallic-mercedes-benz s-class c217-45-angle-front-view.webp,S-Class\mercedes-benz-s-class-c217-facelift coupé-coupé-2017–2021-new-brilliant blue metallic-mercedes-benz s-class c217-45-angle-front-view.webp,_Remaining\Not Matched\mercedes-benz-s-class-c217-facelift coupé-coupé-2017–2021-new-brilliant blue metallic-mercedes-benz s-class c217-45-angle-front-view.webp,50f5a1b76bb91ab0914aca628bb937f8004cb4df96feb6667bc868e19b3293a7,sorted by class name ('s-class')
mercedes-benz-s-class-c217-facelift coupé-coupé-2017–2021-new-brilliant blue metallic-mercedes-benz s-class c217-back-view.webp,S-Class\mercedes-benz-s-class-c217-facelift coupé-coupé-2017–2021-new-brilliant blue metallic-mercedes-benz s-class c217-back-view.webp,_Remaining\Not Matched\mercedes-benz-s-class-c217-facelift coupé-coupé-2017–2021-new-brilliant blue metallic-mercedes-benz s-class c217-back-view.webp,5cfb2043953fcdfed0338259d5437017a50220c1ad82bbf09741b3550daaf071,sorted by class name ('s-class')
mercedes-benz-s-class-c217-facelift coupé-coupé-2017–2021-new-brilliant blue metallic-mercedes-benz s-class c217-flat-side-view.webp,S-Class\mercedes-benz-s-class-c217-facelift coupé-coupé-2017–2021-new-brilliant blue metallic-mercedes-benz s-class c217-flat-side-view.webp,_Remaining\Not Matched\mercedes-benz-s-class-c217-facelift coupé-coupé-2017–2021-new-brilliant blue metallic-mercedes-benz s-class c217-flat-side-view.webp,f4d3fe4dc72dd729a88f482a0184b3b5a902a008ff9446d91ba2480f954b8322,sorted by class name ('s-class')
mercedes-benz-s-class-c217-facelift coupé-coupé-2017–2021-new-brilliant blue metallic-mercedes-benz s-class c217-front-view.webp,S-Class\mercedes-benz-s-class-c217-facelift coupé-coupé-2017–2021-new-brilliant blue metallic-mercedes-benz s-class c217-front-view.webp,_Remaining\Not Matched\mercedes-benz-s-class-c217-facelift coupé-coupé-2017–2021-new-brilliant blue metallic-mercedes-benz s-class c217-front-view.webp,0ee26e65abd44286857a4e1712b2d9b78b77771986e927d1d4f7e80a8d718d75,sorted by class name ('s-class')
mercedes-benz-s-class-w116-450 sel 6.9-luxury saloon-1975–1980-special-horizon blue metallic-mercedes-benz s-class w116-45-angle-front-view.webp,S-Class\mercedes-benz-s-class-w116-450 sel 6.9-luxury saloon-1975–1980-special-horizon blue metallic-mercedes-benz s-class w116-45-angle-front-view.webp,_Remaining\Not Matched\mercedes-benz-s-class-w116-450 sel 6.9-luxury saloon-1975–1980-special-horizon blue metallic-mercedes-benz s-class w116-45-angle-front-view.webp,857e14b689c6867b01c0481916a683743f32f2a10e5a8cb52fc34dd00463a9ea,sorted by class name ('s-class')
mercedes-benz-s-class-w116-450 sel 6.9-luxury saloon-1975–1980-special-horizon blue metallic-mercedes-benz s-class w116-back-view.webp,S-Class\mercedes-benz-s-class-w116-450 sel 6.9-luxury saloon-1975–1980-special-horizon blue metallic-mercedes-benz s-class w116-back-view.webp,_Remaining\Not Matched\mercedes-benz-s-class-w116-450 sel 6.9-luxury saloon-1975–1980-special-horizon blue metallic-mercedes-benz s-class w116-back-view.webp,0542395b163b3f18f24007a5ca12c3a66792e60c41dc4ad0a9ea82c1af4e1ea2,sorted by class name ('s-class')
mercedes-benz-s-class-w116-450 sel 6.9-luxury saloon-1975–1980-special-horizon blue metallic-mercedes-benz s-class w116-flat-side-view.webp,S-Class\mercedes-benz-s-class-w116-450 sel 6.9-luxury saloon-1975–1980-special-horizon blue metallic-mercedes-benz s-class w116-flat-side-view.webp,_Remaining\Not Matched\mercedes-benz-s-class-w116-450 sel 6.9-luxury saloon-1975–1980-special-horizon blue metallic-mercedes-benz s-class w116-flat-side-view.webp,773203540b8721f06dec6f225bdb692bd956c7da636d207ee266975fb817a642,sorted by class name ('s-class')
mercedes-benz-s-class-w116-450 sel 6.9-luxury saloon-1975–1980-special-horizon blue metallic-mercedes-benz s-class w116-front-view.webp,S-Class\mercedes-benz-s-class-w116-450 sel 6.9-luxury saloon-1975–1980-special-horizon blue metallic-mercedes-benz s-class w116-front-view.webp,_Remaining\Not Matched\mercedes-benz-s-class-w116-450 sel 6.9-luxury saloon-1975–1980-special-horizon blue metallic-mercedes-benz s-class w116-front-view.webp,9a278bfad2ccd092031b8f078d81f739a2aa0087e2ef0d111bb295d50aa91131,sorted by class name ('s-class')
mercedes-benz-s-class-w116-standard-saloon-1972–1980-historical-moonlight silver metallic-mercedes-benz s-class w116-45-angle-front-view.webp,S-Class\mercedes-benz-s-class-w116-standard-saloon-1972–1980-historical-moonlight silver metallic-mercedes-benz s-class w116-45-angle-front-view.webp,_Remaining\Not Matched\mercedes-benz-s-class-w116-standard-saloon-1972–1980-historical-moonlight silver metallic-mercedes-benz s-class w116-45-angle-front-view.webp,2d4ae8b8baee4f9d8d2439ac28bc6bc247d51dbb4eb2fca868515cf9dec2f186,sorted by class name ('s-class')
mercedes-benz-s-class-w116-standard-saloon-1972–1980-historical-moonlight silver metallic-mercedes-benz s-class w116-back-view.webp,S-Class\mercedes-benz-s-class-w116-standard-saloon-1972–1980-historical-moonlight silver metallic-mercedes-benz s-class w116-back-view.webp,_Remaining\Not Matched\mercedes-benz-s-class-w116-standard-saloon-1972–1980-historical-moonlight silver metallic-mercedes-benz s-class w116-back-view.webp,93be98c0501c5ba881384e7008bd8ca1ac269f9a4d82d9b1bd80ea4e94fa6180,sorted by class name ('s-class')
mercedes-benz-s-class-w116-standard-saloon-1972–1980-historical-moonlight silver metallic-mercedes-benz s-class w116-flat-side-view.webp,S-Class\mercedes-benz-s-class-w116-standard-saloon-1972–1980-historical-moonlight silver metallic-mercedes-benz s-class w116-flat-side-view.webp,_Remaining\Not Matched\mercedes-benz-s-class-w116-standard-saloon-1972–1980-historical-moonlight silver metallic-mercedes-benz s-class w116-flat-side-view.webp,ed130faa4d78823dd91187db311eac6d2e6cbe6ddcce8293a7f1d169af01cc42,sorted by class name ('s-class')
mercedes-benz-s-class-w116-standard-saloon-1972–1980-historical-moonlight silver metallic-mercedes-benz s-class w116-front-view.webp,S-Class\mercedes-benz-s-class-w116-standard-saloon-1972–1980-historical-moonlight silver metallic-mercedes-benz s-class w116-front-view.webp,_Remaining\Not Matched\mercedes-benz-s-class-w116-standard-saloon-1972–1980-historical-moonlight silver metallic-mercedes-benz s-class w116-front-view.webp,568fdf67e02a3e565858ba33f4f1000cd011de426c64c9565fbb0bb55f7ae770,sorted by class name ('s-class')
mercedes-benz-s-class-w126-560 sel-lwb saloon-1985–1991-group-polar white-mercedes-benz s-class w126-45-angle-front-view.webp,S-Class\mercedes-benz-s-class-w126-560 sel-lwb saloon-1985–1991-group-polar white-mercedes-benz s-class w126-45-angle-front-view.webp,_Remaining\Not Matched\mercedes-benz-s-class-w126-560 sel-lwb saloon-1985–1991-group-polar white-mercedes-benz s-class w126-45-angle-front-view.webp,71a6dec9071456519198a0880bd74b71ff74c223a109cbaa6988c55b7a3810a7,sorted by class name ('s-class')
mercedes-benz-s-class-w126-560 sel-lwb saloon-1985–1991-group-polar white-mercedes-benz s-class w126-back-view.webp,S-Class\mercedes-benz-s-class-w126-560 sel-lwb saloon-1985–1991-group-polar white-mercedes-benz s-class w126-back-view.webp,_Remaining\Not Matched\mercedes-benz-s-class-w126-560 sel-lwb saloon-1985–1991-group-polar white-mercedes-benz s-class w126-back-view.webp,4a984115afdd2f75b5dc90dcb19ce77b17cc21abf0df767739e16b18ee24a8a6,sorted by class name ('s-class')
mercedes-benz-s-class-w126-560 sel-lwb saloon-1985–1991-group-polar white-mercedes-benz s-class w126-flat-side-view.webp,S-Class\mercedes-benz-s-class-w126-560 sel-lwb saloon-1985–1991-group-polar white-mercedes-benz s-class w126-flat-side-view.webp,_Remaining\Not Matched\mercedes-benz-s-class-w126-560 sel-lwb saloon-1985–1991-group-polar white-mercedes-benz s-class w126-flat-side-view.webp,c13b6130836333fbc7e05da5b7090ff52809ee18113a05e55aa03bce2bb1fbfd,sorted by class name ('s-class')
mercedes-benz-s-class-w126-560 sel-lwb saloon-1985–1991-group-polar white-mercedes-benz s-class w126-front-view.webp,S-Class\mercedes-benz-s-class-w126-560 sel-lwb saloon-1985–1991-group-polar white-mercedes-benz s-class w126-front-view.webp,_Remaining\Not Matched\mercedes-benz-s-class-w126-560 sel-lwb saloon-1985–1991-group-polar white-mercedes-benz s-class w126-front-view.webp,3a53fce494e3ccd356e4af2505cb2dfdebb440751f658bee642ae0c25805d932,sorted by class name ('s-class')
mercedes-benz-s-class-w126-saloon-saloon-1979–1991-w126-glut red-mercedes-benz s-class w126-45-angle-front-view.webp,S-Class\mercedes-benz-s-class-w126-saloon-saloon-1979–1991-w126-glut red-mercedes-benz s-class w126-45-angle-front-view.webp,_Remaining\Not Matched\mercedes-benz-s-class-w126-saloon-saloon-1979–1991-w126-glut red-mercedes-benz s-class w126-45-angle-front-view.webp,38ff1a2cf12e698682f77bab34c35d8ae0047c71924ab90776e3db9f07f0809c,sorted by class name ('s-class')
mercedes-benz-s-class-w126-saloon-saloon-1979–1991-w126-glut red-mercedes-benz s-class w126-back-view.webp,S-Class\mercedes-benz-s-class-w126-saloon-saloon-1979–1991-w126-glut red-mercedes-benz s-class w126-back-view.webp,_Remaining\Not Matched\mercedes-benz-s-class-w126-saloon-saloon-1979–1991-w126-glut red-mercedes-benz s-class w126-back-view.webp,f39c7a53f0c9c046151ed0f91ca2e2c5cf4012cbaed1c9edcf543e6f5ffa19ad,sorted by class name ('s-class')
mercedes-benz-s-class-w126-saloon-saloon-1979–1991-w126-glut red-mercedes-benz s-class w126-flat-side-view.webp,S-Class\mercedes-benz-s-class-w126-saloon-saloon-1979–1991-w126-glut red-mercedes-benz s-class w126-flat-side-view.webp,_Remaining\Not Matched\mercedes-benz-s-class-w126-saloon-saloon-1979–1991-w126-glut red-mercedes-benz s-class w126-flat-side-view.webp,7cde9e2acfababa68b2c5770a12c6166cee09c68d9116413c093184eb2ed29f0,sorted by class name ('s-class')
mercedes-benz-s-class-w126-saloon-saloon-1979–1991-w126-glut red-mercedes-benz s-class w126-front-view.webp,S-Class\mercedes-benz-s-class-w126-saloon-saloon-1979–1991-w126-glut red-mercedes-benz s-class w126-front-view.webp,_Remaining\Not Matched\mercedes-benz-s-class-w126-saloon-saloon-1979–1991-w126-glut red-mercedes-benz s-class w126-front-view.webp,8c5149a0e24d9040adf573e2b29060039041c499131aa3fd534d96e5b7717c92,sorted by class name ('s-class')
mercedes-benz-s-class-w140-s600-saloon-1992–1998-group-brilliant silver metallic-mercedes-benz s-class w140-45-angle-front-view.webp,S-Class\mercedes-benz-s-class-w140-s600-saloon-1992–1998-group-brilliant silver metallic-mercedes-benz s-class w140-45-angle-front-view.webp,_Remaining\Not Matched\mercedes-benz-s-class-w140-s600-saloon-1992–1998-group-brilliant silver metallic-mercedes-benz s-class w140-45-angle-front-view.webp,ed58e40760c4035fcb1fc27023e32e8e3943c1553f4305aa4629449a2c384926,sorted by class name ('s-class')
mercedes-benz-s-class-w140-s600-saloon-1992–1998-group-brilliant silver metallic-mercedes-benz s-class w140-back-view.webp,S-Class\mercedes-benz-s-class-w140-s600-saloon-1992–1998-group-brilliant silver metallic-mercedes-benz s-class w140-back-view.webp,_Remaining\Not Matched\mercedes-benz-s-class-w140-s600-saloon-1992–1998-group-brilliant silver metallic-mercedes-benz s-class w140-back-view.webp,d763b15749c1389f92ff9185220403c3ba0d129c15bacb62783eaef8e2568693,sorted by class name ('s-class')
mercedes-benz-s-class-w140-s600-saloon-1992–1998-group-brilliant silver metallic-mercedes-benz s-class w140-flat-side-view.webp,S-Class\mercedes-benz-s-class-w140-s600-saloon-1992–1998-group-brilliant silver metallic-mercedes-benz s-class w140-flat-side-view.webp,_Remaining\Not Matched\mercedes-benz-s-class-w140-s600-saloon-1992–1998-group-brilliant silver metallic-mercedes-benz s-class w140-flat-side-view.webp,eb7b5a00b171dff921c8481987223908bd06b76b5f40fdbfc9459e7020ff44f3,sorted by class name ('s-class')
mercedes-benz-s-class-w140-s600-saloon-1992–1998-group-brilliant silver metallic-mercedes-benz s-class w140-front-view.webp,S-Class\mercedes-benz-s-class-w140-s600-saloon-1992–1998-group-brilliant silver metallic-mercedes-benz s-class w140-front-view.webp,_Remaining\Not Matched\mercedes-benz-s-class-w140-s600-saloon-1992–1998-group-brilliant silver metallic-mercedes-benz s-class w140-front-view.webp,a81d1bc963becbc98ff74e8ac627f0c52ed68555be210b30fdd0d86ad6cba6c1,sorted by class name ('s-class')
mercedes-benz-s-class-w140-saloon-saloon-1991–1998-new-malachite green metallic-mercedes-benz s-class w140 -45-angle-front-view.webp,S-Class\mercedes-benz-s-class-w140-saloon-saloon-1991–1998-new-malachite green metallic-mercedes-benz s-class w140 -45-angle-front-view.webp,_Remaining\Not Matched\mercedes-benz-s-class-w140-saloon-saloon-1991–1998-new-malachite green metallic-mercedes-benz s-class w140 -45-angle-front-view.webp,5573dff16147f8a1d2951618a723345afef09af722db94923feb78df08cf24fd,sorted by class name ('s-class')
mercedes-benz-s-class-w140-saloon-saloon-1991–1998-new-malachite green metallic-mercedes-benz s-class w140 -back-view.webp,S-Class\mercedes-benz-s-class-w140-saloon-saloon-1991–1998-new-malachite green metallic-mercedes-benz s-class w140 -back-view.webp,_Remaining\Not Matched\mercedes-benz-s-class-w140-saloon-saloon-1991–1998-new-malachite green metallic-mercedes-benz s-class w140 -back-view.webp,df044999fd2eaf72a2fe2d60583d9f4215d7d77a2be9f0146a40c61a691dec15,sorted by class name ('s-class')
mercedes-benz-s-class-w140-saloon-saloon-1991–1998-new-malachite green metallic-mercedes-benz s-class w140 -flat-side-view.webp,S-Class\mercedes-benz-s-class-w140-saloon-saloon-1991–1998-new-malachite green metallic-mercedes-benz s-class w140 -flat-side-view.webp,_Remaining\Not Matched\mercedes-benz-s-class-w140-saloon-saloon-1991–1998-new-malachite green metallic-mercedes-benz s-class w140 -flat-side-view.webp,849d7d5c2b674af5e42e34db7028f7ecc54192646c079f71bdd5f910da42071c,sorted by class name ('s-class')
mercedes-benz-s-class-w140-saloon-saloon-1991–1998-new-malachite green metallic-mercedes-benz s-class w140 -front-view.webp,S-Class\mercedes-benz-s-class-w140-saloon-saloon-1991–1998-new-malachite green metallic-mercedes-benz s-class w140 -front-view.webp,_Remaining\Not Matched\mercedes-benz-s-class-w140-saloon-saloon-1991–1998-new-malachite green metallic-mercedes-benz s-class w140 -front-view.webp,e0bd137cc74424909762b9a299f506d512722b90280ea62e4f9d5cbb3272d9fd,sorted by class name ('s-class')
mercedes-benz-s-class-w220-s55 amg-performance saloon-1999–2005-special-designo hyacinth red metallic-mercedes-benz s-class w220 -45-angle-front-view.webp,S-Class\mercedes-benz-s-class-w220-s55 amg-performance saloon-1999–2005-special-designo hyacinth red metallic-mercedes-benz s-class w220 -45-angle-front-view.webp,_Remaining\Not Matched\mercedes-benz-s-class-w220-s55 amg-performance saloon-1999–2005-special-designo hyacinth red metallic-mercedes-benz s-class w220 -45-angle-front-view.webp,26bcfdde908ed2c9c6bb5d581f78a694d644a1b8caa5c9840e361e1c347ce559,sorted by class name ('s-class')
mercedes-benz-s-class-w220-s55 amg-performance saloon-1999–2005-special-designo hyacinth red metallic-mercedes-benz s-class w220 -back-view.webp,S-Class\mercedes-benz-s-class-w220-s55 amg-performance saloon-1999–2005-special-designo hyacinth red metallic-mercedes-benz s-class w220 -back-view.webp,_Remaining\Not Matched\mercedes-benz-s-class-w220-s55 amg-performance saloon-1999–2005-special-designo hyacinth red metallic-mercedes-benz s-class w220 -back-view.webp,10ced4746d388bfb27d8fe182c91f893e200e430d3180b7122865fb919cb3f37,sorted by class name ('s-class')
mercedes-benz-s-class-w220-s55 amg-performance saloon-1999–2005-special-designo hyacinth red metallic-mercedes-benz s-class w220 -flat-side-view.webp,S-Class\mercedes-benz-s-class-w220-s55 amg-performance saloon-1999–2005-special-designo hyacinth red metallic-mercedes-benz s-class w220 -flat-side-view.webp,_Remaining\Not Matched\mercedes-benz-s-class-w220-s55 amg-performance saloon-1999–2005-special-designo hyacinth red metallic-mercedes-benz s-class w220 -flat-side-view.webp,7d4150a4c92cc85deef00cd806ba52bcc32b4d1562b88bbe4ba33d498740f20c,sorted by class name ('s-class')
mercedes-benz-s-class-w220-s55 amg-performance saloon-1999–2005-special-designo hyacinth red metallic-mercedes-benz s-class w220 -front-view.webp,S-Class\mercedes-benz-s-class-w220-s55 amg-performance saloon-1999–2005-special-designo hyacinth red metallic-mercedes-benz s-class w220 -front-view.webp,_Remaining\Not Matched\mercedes-benz-s-class-w220-s55 amg-performance saloon-1999–2005-special-designo hyacinth red metallic-mercedes-benz s-class w220 -front-view.webp,88d03e000de564ed7e28fd55efd4ccccb9aa3f193fe8d2daf53f61d203bb019a,sorted by class name ('s-class')
mercedes-benz-s-class-w220-s65 amg-performance saloon-2004–2005-special-iridium silver metallic-mercedes-benz s-class w220-45-angle-front-view.webp,S-Class\mercedes-benz-s-class-w220-s65 amg-performance saloon-2004–2005-special-iridium silver metallic-mercedes-benz s-class w220-45-angle-front-view.webp,_Remaining\Not Matched\mercedes-benz-s-class-w220-s65 amg-performance saloon-2004–2005-special-iridium silver metallic-mercedes-benz s-class w220-45-angle-front-view.webp,bc25184a942ee0ba7bdc78bb361c0457cc16bd5c9091ea3bd09c39c82726eaa9,sorted by class name ('s-class')
mercedes-benz-s-class-w220-s65 amg-performance saloon-2004–2005-special-iridium silver metallic-mercedes-benz s-class w220-back-view.webp,S-Class\mercedes-benz-s-class-w220-s65 amg-performance saloon-2004–2005-special-iridium silver metallic-mercedes-benz s-class w220-back-view.webp,_Remaining\Not Matched\mercedes-benz-s-class-w220-s65 amg-performance saloon-2004–2005-special-iridium silver metallic-mercedes-benz s-class w220-back-view.webp,2de25595e25840410865052d306c913b669f2e75dba982777d5709c2f6615fbf,sorted by class name ('s-class')
mercedes-benz-s-class-w220-s65 amg-performance saloon-2004–2005-special-iridium silver metallic-mercedes-benz s-class w220-flat-side-view.webp,S-Class\mercedes-benz-s-class-w220-s65 amg-performance saloon-2004–2005-special-iridium silver metallic-mercedes-benz s-class w220-flat-side-view.webp,_Remaining\Not Matched\mercedes-benz-s-class-w220-s65 amg-performance saloon-2004–2005-special-iridium silver metallic-mercedes-benz s-class w220-flat-side-view.webp,d37ad900d968aa9961b3470b46d9b611e302b5a345902488133dbfdd91d8c54f,sorted by class name ('s-class')
mercedes-benz-s-class-w220-s65 amg-performance saloon-2004–2005-special-iridium silver metallic-mercedes-benz s-class w220-front-view.webp,S-Class\mercedes-benz-s-class-w220-s65 amg-performance saloon-2004–2005-special-iridium silver metallic-mercedes-benz s-class w220-front-view.webp,_Remaining\Not Matched\mercedes-benz-s-class-w220-s65 amg-performance saloon-2004–2005-special-iridium silver metallic-mercedes-benz s-class w220-front-view.webp,583a2bc90d655922bdfc8cae46244d2eb122b58f7b5795b59fd0391fd7dbd566,sorted by class name ('s-class')
mercedes-benz-sl-r107-500 sl-roadster-1980–1989-same exterior family; flagship representative-glut red-sl r107 500 sl-45-angle-front-view.webp,SL\mercedes-benz-sl-r107-500 sl-roadster-1980–1989-same exterior family; flagship representative-glut red-sl r107 500 sl-45-angle-front-view.webp,_Remaining\Not Matched\mercedes-benz-sl-r107-500 sl-roadster-1980–1989-same exterior family; flagship representative-glut red-sl r107 500 sl-45-angle-front-view.webp,05eb2f28a085f22c3e020d187780ccba4f9a2952dc19d2dc7628245df3d2b522,sorted by class name ('sl')
mercedes-benz-sl-r107-500 sl-roadster-1980–1989-same exterior family; flagship representative-glut red-sl r107 500 sl-back-view.webp,SL\mercedes-benz-sl-r107-500 sl-roadster-1980–1989-same exterior family; flagship representative-glut red-sl r107 500 sl-back-view.webp,_Remaining\Not Matched\mercedes-benz-sl-r107-500 sl-roadster-1980–1989-same exterior family; flagship representative-glut red-sl r107 500 sl-back-view.webp,46798a62c292ef7d72eebce261010d24fe0acb501f01cb9c42ed0d7e2faf90ca,sorted by class name ('sl')
mercedes-benz-sl-r107-500 sl-roadster-1980–1989-same exterior family; flagship representative-glut red-sl r107 500 sl-flat-side-view.webp,SL\mercedes-benz-sl-r107-500 sl-roadster-1980–1989-same exterior family; flagship representative-glut red-sl r107 500 sl-flat-side-view.webp,_Remaining\Not Matched\mercedes-benz-sl-r107-500 sl-roadster-1980–1989-same exterior family; flagship representative-glut red-sl r107 500 sl-flat-side-view.webp,80a6c49b182c0e70900c5fc70a77ed76a62222d140c354f8a08a553d167fdcc0,sorted by class name ('sl')
mercedes-benz-sl-r107-500 sl-roadster-1980–1989-same exterior family; flagship representative-glut red-sl r107 500 sl-front-view.webp,SL\mercedes-benz-sl-r107-500 sl-roadster-1980–1989-same exterior family; flagship representative-glut red-sl r107 500 sl-front-view.webp,_Remaining\Not Matched\mercedes-benz-sl-r107-500 sl-roadster-1980–1989-same exterior family; flagship representative-glut red-sl r107 500 sl-front-view.webp,cc18fbd6d2e86fad97cc628f620fe2990254dadc43a47e7c9c61e98a43c9df06,sorted by class name ('sl')
mercedes-benz-sl-r107-sl roadster-roadster-1971–1989-major new generation; long-running classic shape-moonlight silver metallic-sl r107 sl rstr-45-angle-front-view.webp,SL\mercedes-benz-sl-r107-sl roadster-roadster-1971–1989-major new generation; long-running classic shape-moonlight silver metallic-sl r107 sl rstr-45-angle-front-view.webp,_Remaining\Not Matched\mercedes-benz-sl-r107-sl roadster-roadster-1971–1989-major new generation; long-running classic shape-moonlight silver metallic-sl r107 sl rstr-45-angle-front-view.webp,848c5fb4960e207bda10754956cb54f2ab8116617eb5d2a32c2fe45284fbfc7c,sorted by class name ('sl')
mercedes-benz-sl-r107-sl roadster-roadster-1971–1989-major new generation; long-running classic shape-moonlight silver metallic-sl r107 sl rstr-back-view.webp,SL\mercedes-benz-sl-r107-sl roadster-roadster-1971–1989-major new generation; long-running classic shape-moonlight silver metallic-sl r107 sl rstr-back-view.webp,_Remaining\Not Matched\mercedes-benz-sl-r107-sl roadster-roadster-1971–1989-major new generation; long-running classic shape-moonlight silver metallic-sl r107 sl rstr-back-view.webp,b8f70a4bc80c24c0b9280b510179b8014c23adb5c4d7087e3b3146b24b1bab87,sorted by class name ('sl')
mercedes-benz-sl-r107-sl roadster-roadster-1971–1989-major new generation; long-running classic shape-moonlight silver metallic-sl r107 sl rstr-flat-side-view.webp,SL\mercedes-benz-sl-r107-sl roadster-roadster-1971–1989-major new generation; long-running classic shape-moonlight silver metallic-sl r107 sl rstr-flat-side-view.webp,_Remaining\Not Matched\mercedes-benz-sl-r107-sl roadster-roadster-1971–1989-major new generation; long-running classic shape-moonlight silver metallic-sl r107 sl rstr-flat-side-view.webp,a8dc02ec217d11c060c8413e6e725819c2c994ee23a882b2129a098fa59ba978,sorted by class name ('sl')
mercedes-benz-sl-r107-sl roadster-roadster-1971–1989-major new generation; long-running classic shape-moonlight silver metallic-sl r107 sl rstr-front-view.webp,SL\mercedes-benz-sl-r107-sl roadster-roadster-1971–1989-major new generation; long-running classic shape-moonlight silver metallic-sl r107 sl rstr-front-view.webp,_Remaining\Not Matched\mercedes-benz-sl-r107-sl roadster-roadster-1971–1989-major new generation; long-running classic shape-moonlight silver metallic-sl r107 sl rstr-front-view.webp,98fe6889b134af2c6d639fd48928d628c0ca4f0dc11991daeaa17c075bf65135,sorted by class name ('sl')
mercedes-benz-sl-r129-sl 73 amg-performance roadster-1999–2001-rare flagship amg v12 derivative with distinct stance-iridium silver metallic-sl r129 sl 73 amg-45-angle-front-view.webp,SL\mercedes-benz-sl-r129-sl 73 amg-performance roadster-1999–2001-rare flagship amg v12 derivative with distinct stance-iridium silver metallic-sl r129 sl 73 amg-45-angle-front-view.webp,_Remaining\Not Matched\mercedes-benz-sl-r129-sl 73 amg-performance roadster-1999–2001-rare flagship amg v12 derivative with distinct stance-iridium silver metallic-sl r129 sl 73 amg-45-angle-front-view.webp,cf52bbfc07c07ac6256e93477a221fc47678937432bb6f37706e784715f99e72,sorted by class name ('sl')
mercedes-benz-sl-r129-sl 73 amg-performance roadster-1999–2001-rare flagship amg v12 derivative with distinct stance-iridium silver metallic-sl r129 sl 73 amg-back-view.webp,SL\mercedes-benz-sl-r129-sl 73 amg-performance roadster-1999–2001-rare flagship amg v12 derivative with distinct stance-iridium silver metallic-sl r129 sl 73 amg-back-view.webp,_Remaining\Not Matched\mercedes-benz-sl-r129-sl 73 amg-performance roadster-1999–2001-rare flagship amg v12 derivative with distinct stance-iridium silver metallic-sl r129 sl 73 amg-back-view.webp,3130d8d400ccff4e73d48ddae7c0fac90c2784bb19dc4e463bddc7038837c672,sorted by class name ('sl')
mercedes-benz-sl-r129-sl 73 amg-performance roadster-1999–2001-rare flagship amg v12 derivative with distinct stance-iridium silver metallic-sl r129 sl 73 amg-flat-side-view.webp,SL\mercedes-benz-sl-r129-sl 73 amg-performance roadster-1999–2001-rare flagship amg v12 derivative with distinct stance-iridium silver metallic-sl r129 sl 73 amg-flat-side-view.webp,_Remaining\Not Matched\mercedes-benz-sl-r129-sl 73 amg-performance roadster-1999–2001-rare flagship amg v12 derivative with distinct stance-iridium silver metallic-sl r129 sl 73 amg-flat-side-view.webp,167709571b7a2dd3d5620bb713bcef799b6ae1e0865eb6f8940317516672973a,sorted by class name ('sl')
mercedes-benz-sl-r129-sl 73 amg-performance roadster-1999–2001-rare flagship amg v12 derivative with distinct stance-iridium silver metallic-sl r129 sl 73 amg-front-view.webp,SL\mercedes-benz-sl-r129-sl 73 amg-performance roadster-1999–2001-rare flagship amg v12 derivative with distinct stance-iridium silver metallic-sl r129 sl 73 amg-front-view.webp,_Remaining\Not Matched\mercedes-benz-sl-r129-sl 73 amg-performance roadster-1999–2001-rare flagship amg v12 derivative with distinct stance-iridium silver metallic-sl r129 sl 73 amg-front-view.webp,59c251d6804bfa61323aa03a82a943ee11c2c653bcc3f53cca479704f27db9ce,sorted by class name ('sl')
mercedes-benz-sl-r230-sl 65 amg black series-extreme coupé-2008–2011-completely different fixed-roof widebody design-amg green hell magno-sl r230 sl 65 amg black-45-angle-front-view.webp,SL\mercedes-benz-sl-r230-sl 65 amg black series-extreme coupé-2008–2011-completely different fixed-roof widebody design-amg green hell magno-sl r230 sl 65 amg black-45-angle-front-view.webp,_Remaining\Not Matched\mercedes-benz-sl-r230-sl 65 amg black series-extreme coupé-2008–2011-completely different fixed-roof widebody design-amg green hell magno-sl r230 sl 65 amg black-45-angle-front-view.webp,0c167cd046960a03aa34f12410eca73facdd6c606fb33535bc48753b45296d74,sorted by class name ('sl')
mercedes-benz-sl-r230-sl 65 amg black series-extreme coupé-2008–2011-completely different fixed-roof widebody design-amg green hell magno-sl r230 sl 65 amg black-back-view.webp,SL\mercedes-benz-sl-r230-sl 65 amg black series-extreme coupé-2008–2011-completely different fixed-roof widebody design-amg green hell magno-sl r230 sl 65 amg black-back-view.webp,_Remaining\Not Matched\mercedes-benz-sl-r230-sl 65 amg black series-extreme coupé-2008–2011-completely different fixed-roof widebody design-amg green hell magno-sl r230 sl 65 amg black-back-view.webp,761eae46d107956522b029535cb984c3d484c4fdd8d630441228d924c8a78b6d,sorted by class name ('sl')
mercedes-benz-sl-r230-sl 65 amg black series-extreme coupé-2008–2011-completely different fixed-roof widebody design-amg green hell magno-sl r230 sl 65 amg black-flat-side-view.webp,SL\mercedes-benz-sl-r230-sl 65 amg black series-extreme coupé-2008–2011-completely different fixed-roof widebody design-amg green hell magno-sl r230 sl 65 amg black-flat-side-view.webp,_Remaining\Not Matched\mercedes-benz-sl-r230-sl 65 amg black series-extreme coupé-2008–2011-completely different fixed-roof widebody design-amg green hell magno-sl r230 sl 65 amg black-flat-side-view.webp,a7714460e069590561367848f6b6e1f971afa193b0dedd8714457750e331f526,sorted by class name ('sl')
mercedes-benz-sl-r230-sl 65 amg black series-extreme coupé-2008–2011-completely different fixed-roof widebody design-amg green hell magno-sl r230 sl 65 amg black-front-view.webp,SL\mercedes-benz-sl-r230-sl 65 amg black series-extreme coupé-2008–2011-completely different fixed-roof widebody design-amg green hell magno-sl r230 sl 65 amg black-front-view.webp,_Remaining\Not Matched\mercedes-benz-sl-r230-sl 65 amg black series-extreme coupé-2008–2011-completely different fixed-roof widebody design-amg green hell magno-sl r230 sl 65 amg black-front-view.webp,3da014c34f4586324ba184d375858f84c00fddd4944746d7f1a480171d143e1c,sorted by class name ('sl')
mercedes-benz-sl-r231-sl 65 amg-performance roadster-2012–2020-distinct amg v12 identity-brilliant blue metallic-sl r231 sl 65 amg-45-angle-front-view.webp,SL\mercedes-benz-sl-r231-sl 65 amg-performance roadster-2012–2020-distinct amg v12 identity-brilliant blue metallic-sl r231 sl 65 amg-45-angle-front-view.webp,_Remaining\Not Matched\mercedes-benz-sl-r231-sl 65 amg-performance roadster-2012–2020-distinct amg v12 identity-brilliant blue metallic-sl r231 sl 65 amg-45-angle-front-view.webp,e0bcdbd97e0aa2542d207b359834608b3ce955bb0c7d26aefee3d1b61f959146,sorted by class name ('sl')
mercedes-benz-sl-r231-sl 65 amg-performance roadster-2012–2020-distinct amg v12 identity-brilliant blue metallic-sl r231 sl 65 amg-back-view.webp,SL\mercedes-benz-sl-r231-sl 65 amg-performance roadster-2012–2020-distinct amg v12 identity-brilliant blue metallic-sl r231 sl 65 amg-back-view.webp,_Remaining\Not Matched\mercedes-benz-sl-r231-sl 65 amg-performance roadster-2012–2020-distinct amg v12 identity-brilliant blue metallic-sl r231 sl 65 amg-back-view.webp,65436cf508b6bfbb3588226e598006616f39bd3b7ea087c499a6a01d06c7d783,sorted by class name ('sl')
mercedes-benz-sl-r231-sl 65 amg-performance roadster-2012–2020-distinct amg v12 identity-brilliant blue metallic-sl r231 sl 65 amg-flat-side-view.webp,SL\mercedes-benz-sl-r231-sl 65 amg-performance roadster-2012–2020-distinct amg v12 identity-brilliant blue metallic-sl r231 sl 65 amg-flat-side-view.webp,_Remaining\Not Matched\mercedes-benz-sl-r231-sl 65 amg-performance roadster-2012–2020-distinct amg v12 identity-brilliant blue metallic-sl r231 sl 65 amg-flat-side-view.webp,1a2eb862b643086365dc525dfea61cb76c016284d0920c9b88b88ca67fcf0ec7,sorted by class name ('sl')
mercedes-benz-sl-r231-sl 65 amg-performance roadster-2012–2020-distinct amg v12 identity-brilliant blue metallic-sl r231 sl 65 amg-front-view.webp,SL\mercedes-benz-sl-r231-sl 65 amg-performance roadster-2012–2020-distinct amg v12 identity-brilliant blue metallic-sl r231 sl 65 amg-front-view.webp,_Remaining\Not Matched\mercedes-benz-sl-r231-sl 65 amg-performance roadster-2012–2020-distinct amg v12 identity-brilliant blue metallic-sl r231 sl 65 amg-front-view.webp,dea3b06de06e559dc09fdf0d6a0d4f5fb4404c174705912543f03f17eac44523,sorted by class name ('sl')
mercedes-benz-sl-w113-230 250 280 sl pagoda-roadster-1963–1971-iconic pagoda generation with completely distinct design-horizon blue metallic-sl w113 230 250 280 sl pagoda-45-angle-front-view.webp,SL\mercedes-benz-sl-w113-230 250 280 sl pagoda-roadster-1963–1971-iconic pagoda generation with completely distinct design-horizon blue metallic-sl w113 230 250 280 sl pagoda-45-angle-front-view.webp,_Remaining\Not Matched\mercedes-benz-sl-w113-230 250 280 sl pagoda-roadster-1963–1971-iconic pagoda generation with completely distinct design-horizon blue metallic-sl w113 230 250 280 sl pagoda-45-angle-front-view.webp,12304eb603a08d4d7ef3d4920e0ff6f5be9d6d31ef6187ae33fdede349bc6735,sorted by class name ('sl')
mercedes-benz-sl-w113-230 250 280 sl pagoda-roadster-1963–1971-iconic pagoda generation with completely distinct design-horizon blue metallic-sl w113 230 250 280 sl pagoda-back-view.webp,SL\mercedes-benz-sl-w113-230 250 280 sl pagoda-roadster-1963–1971-iconic pagoda generation with completely distinct design-horizon blue metallic-sl w113 230 250 280 sl pagoda-back-view.webp,_Remaining\Not Matched\mercedes-benz-sl-w113-230 250 280 sl pagoda-roadster-1963–1971-iconic pagoda generation with completely distinct design-horizon blue metallic-sl w113 230 250 280 sl pagoda-back-view.webp,aa51c8d4f02aba5e9f15c491c55ba4919784276d2cd3c5a7c025b428ee6ef2d2,sorted by class name ('sl')
mercedes-benz-sl-w113-230 250 280 sl pagoda-roadster-1963–1971-iconic pagoda generation with completely distinct design-horizon blue metallic-sl w113 230 250 280 sl pagoda-flat-side-view.webp,SL\mercedes-benz-sl-w113-230 250 280 sl pagoda-roadster-1963–1971-iconic pagoda generation with completely distinct design-horizon blue metallic-sl w113 230 250 280 sl pagoda-flat-side-view.webp,_Remaining\Not Matched\mercedes-benz-sl-w113-230 250 280 sl pagoda-roadster-1963–1971-iconic pagoda generation with completely distinct design-horizon blue metallic-sl w113 230 250 280 sl pagoda-flat-side-view.webp,512b214f2211fce46dda76e556acbd0f06d4e0753e0c889997f4d73a6c9ed45d,sorted by class name ('sl')
mercedes-benz-sl-w113-230 250 280 sl pagoda-roadster-1963–1971-iconic pagoda generation with completely distinct design-horizon blue metallic-sl w113 230 250 280 sl pagoda-front-view.webp,SL\mercedes-benz-sl-w113-230 250 280 sl pagoda-roadster-1963–1971-iconic pagoda generation with completely distinct design-horizon blue metallic-sl w113 230 250 280 sl pagoda-front-view.webp,_Remaining\Not Matched\mercedes-benz-sl-w113-230 250 280 sl pagoda-roadster-1963–1971-iconic pagoda generation with completely distinct design-horizon blue metallic-sl w113 230 250 280 sl pagoda-front-view.webp,d49bac10996d72cd574c209d965e3bd8d3684c4c81f1e24b3efcccb04ddb7536,sorted by class name ('sl')
mercedes-benz-slc-r170 lci-slk-roadster-2000–2004-major facelift-moonlight silver metallic-slc r170 lci slk-45-angle-front-view.webp,SLC\mercedes-benz-slc-r170 lci-slk-roadster-2000–2004-major facelift-moonlight silver metallic-slc r170 lci slk-45-angle-front-view.webp,_Remaining\Not Matched\mercedes-benz-slc-r170 lci-slk-roadster-2000–2004-major facelift-moonlight silver metallic-slc r170 lci slk-45-angle-front-view.webp,4bd6ab31a9f74d9fd71ea36a76293b610dc90bebff53feb28fbd180df3cf9133,sorted by class name ('slc')
mercedes-benz-slc-r170 lci-slk-roadster-2000–2004-major facelift-moonlight silver metallic-slc r170 lci slk-back-view.webp,SLC\mercedes-benz-slc-r170 lci-slk-roadster-2000–2004-major facelift-moonlight silver metallic-slc r170 lci slk-back-view.webp,_Remaining\Not Matched\mercedes-benz-slc-r170 lci-slk-roadster-2000–2004-major facelift-moonlight silver metallic-slc r170 lci slk-back-view.webp,a6d013475e9f0d161aeac68731be30b84a6149b05dd9cc84d88cb7d9202d6306,sorted by class name ('slc')
mercedes-benz-slc-r170 lci-slk-roadster-2000–2004-major facelift-moonlight silver metallic-slc r170 lci slk-flat-side-view.webp,SLC\mercedes-benz-slc-r170 lci-slk-roadster-2000–2004-major facelift-moonlight silver metallic-slc r170 lci slk-flat-side-view.webp,_Remaining\Not Matched\mercedes-benz-slc-r170 lci-slk-roadster-2000–2004-major facelift-moonlight silver metallic-slc r170 lci slk-flat-side-view.webp,1fdf75957f9b02543e2256657127f493fbf0b98b30bb28fef73d058dc164bba8,sorted by class name ('slc')
mercedes-benz-slc-r170 lci-slk-roadster-2000–2004-major facelift-moonlight silver metallic-slc r170 lci slk-front-view.webp,SLC\mercedes-benz-slc-r170 lci-slk-roadster-2000–2004-major facelift-moonlight silver metallic-slc r170 lci slk-front-view.webp,_Remaining\Not Matched\mercedes-benz-slc-r170 lci-slk-roadster-2000–2004-major facelift-moonlight silver metallic-slc r170 lci slk-front-view.webp,e4faf4dc9f74384f5d1d2f605f4830770410ecf316a67cbfd5f2b0db8548b595,sorted by class name ('slc')
mercedes-benz-slc-r170-slk 32 amg-performance roadster-2001–2004-amg body wheels-brilliant blue metallic-slc r170 slk 32 amg-45-angle-front-view.webp,SLC\mercedes-benz-slc-r170-slk 32 amg-performance roadster-2001–2004-amg body wheels-brilliant blue metallic-slc r170 slk 32 amg-45-angle-front-view.webp,_Remaining\Not Matched\mercedes-benz-slc-r170-slk 32 amg-performance roadster-2001–2004-amg body wheels-brilliant blue metallic-slc r170 slk 32 amg-45-angle-front-view.webp,8e55d6a3315e9fb3c5c5f9b79f5fe9d3ce1bb39d08fa8d4b53df86e570fa980a,sorted by class name ('slc')
mercedes-benz-slc-r170-slk 32 amg-performance roadster-2001–2004-amg body wheels-brilliant blue metallic-slc r170 slk 32 amg-back-view.webp,SLC\mercedes-benz-slc-r170-slk 32 amg-performance roadster-2001–2004-amg body wheels-brilliant blue metallic-slc r170 slk 32 amg-back-view.webp,_Remaining\Not Matched\mercedes-benz-slc-r170-slk 32 amg-performance roadster-2001–2004-amg body wheels-brilliant blue metallic-slc r170 slk 32 amg-back-view.webp,850d1289f7ede9c442374e3d084dc19613132eb38a445b16c35c21222e0288f9,sorted by class name ('slc')
mercedes-benz-slc-r170-slk 32 amg-performance roadster-2001–2004-amg body wheels-brilliant blue metallic-slc r170 slk 32 amg-flat-side-view.webp,SLC\mercedes-benz-slc-r170-slk 32 amg-performance roadster-2001–2004-amg body wheels-brilliant blue metallic-slc r170 slk 32 amg-flat-side-view.webp,_Remaining\Not Matched\mercedes-benz-slc-r170-slk 32 amg-performance roadster-2001–2004-amg body wheels-brilliant blue metallic-slc r170 slk 32 amg-flat-side-view.webp,3a6afcc1cdb1737ceb9d890001c46df37ffda60fc73df3aec034ac0989de7e60,sorted by class name ('slc')
mercedes-benz-slc-r170-slk 32 amg-performance roadster-2001–2004-amg body wheels-brilliant blue metallic-slc r170 slk 32 amg-front-view.webp,SLC\mercedes-benz-slc-r170-slk 32 amg-performance roadster-2001–2004-amg body wheels-brilliant blue metallic-slc r170 slk 32 amg-front-view.webp,_Remaining\Not Matched\mercedes-benz-slc-r170-slk 32 amg-performance roadster-2001–2004-amg body wheels-brilliant blue metallic-slc r170 slk 32 amg-front-view.webp,73cc423f7857c55e0e5442b987dc6af0383b3f779bec337bb0775d735c329494,sorted by class name ('slc')
mercedes-benz-slc-r172-slc final edition-special roadster-2019-final-edition exterior finish-polar white-slc r172 slc final-45-angle-front-view.webp,SLC\mercedes-benz-slc-r172-slc final edition-special roadster-2019-final-edition exterior finish-polar white-slc r172 slc final-45-angle-front-view.webp,_Remaining\Not Matched\mercedes-benz-slc-r172-slc final edition-special roadster-2019-final-edition exterior finish-polar white-slc r172 slc final-45-angle-front-view.webp,f7f7e195ee46c55df1f2b2b3edee294e709c37ddf32a99966a5df4bec86f61fc,sorted by class name ('slc')
mercedes-benz-slc-r172-slc final edition-special roadster-2019-final-edition exterior finish-polar white-slc r172 slc final-back-view.webp,SLC\mercedes-benz-slc-r172-slc final edition-special roadster-2019-final-edition exterior finish-polar white-slc r172 slc final-back-view.webp,_Remaining\Not Matched\mercedes-benz-slc-r172-slc final edition-special roadster-2019-final-edition exterior finish-polar white-slc r172 slc final-back-view.webp,9a52e1e7b411fa2e0cd254460ab91ccab64532642a6cef4a9b8bd3a2799fa5b6,sorted by class name ('slc')
mercedes-benz-slc-r172-slc final edition-special roadster-2019-final-edition exterior finish-polar white-slc r172 slc final-flat-side-view.webp,SLC\mercedes-benz-slc-r172-slc final edition-special roadster-2019-final-edition exterior finish-polar white-slc r172 slc final-flat-side-view.webp,_Remaining\Not Matched\mercedes-benz-slc-r172-slc final edition-special roadster-2019-final-edition exterior finish-polar white-slc r172 slc final-flat-side-view.webp,df8a1fc59c535f9ab3e079e605743b9c388a68dfa862a174cd43cbe9317f7f19,sorted by class name ('slc')
mercedes-benz-slc-r172-slc final edition-special roadster-2019-final-edition exterior finish-polar white-slc r172 slc final-front-view.webp,SLC\mercedes-benz-slc-r172-slc final edition-special roadster-2019-final-edition exterior finish-polar white-slc r172 slc final-front-view.webp,_Remaining\Not Matched\mercedes-benz-slc-r172-slc final edition-special roadster-2019-final-edition exterior finish-polar white-slc r172 slc final-front-view.webp,32cf67da427356bd91310a73cf5fbc8f96a9bb175709c076d19af3cff4472c67,sorted by class name ('slc')
mercedes-benz-slk-r170 lci-slk-roadster-2000–2004-same as slc r170 records-moonlight silver metallic-slk r170 lci slk-45-angle-front-view.webp,SLK\mercedes-benz-slk-r170 lci-slk-roadster-2000–2004-same as slc r170 records-moonlight silver metallic-slk r170 lci slk-45-angle-front-view.webp,_Remaining\Not Matched\mercedes-benz-slk-r170 lci-slk-roadster-2000–2004-same as slc r170 records-moonlight silver metallic-slk r170 lci slk-45-angle-front-view.webp,7261a0b9d88f55d39849d4031ee8e2a98c1f1105acbf05f5d493a463ac0ddaf6,sorted by class name ('slk')
mercedes-benz-slk-r170 lci-slk-roadster-2000–2004-same as slc r170 records-moonlight silver metallic-slk r170 lci slk-back-view.webp,SLK\mercedes-benz-slk-r170 lci-slk-roadster-2000–2004-same as slc r170 records-moonlight silver metallic-slk r170 lci slk-back-view.webp,_Remaining\Not Matched\mercedes-benz-slk-r170 lci-slk-roadster-2000–2004-same as slc r170 records-moonlight silver metallic-slk r170 lci slk-back-view.webp,ae07ed124c72729ccb71b737f861a7dbcebdf43bea13fe1bed252b4bfc23dcbd,sorted by class name ('slk')
mercedes-benz-slk-r170 lci-slk-roadster-2000–2004-same as slc r170 records-moonlight silver metallic-slk r170 lci slk-flat-side-view.webp,SLK\mercedes-benz-slk-r170 lci-slk-roadster-2000–2004-same as slc r170 records-moonlight silver metallic-slk r170 lci slk-flat-side-view.webp,_Remaining\Not Matched\mercedes-benz-slk-r170 lci-slk-roadster-2000–2004-same as slc r170 records-moonlight silver metallic-slk r170 lci slk-flat-side-view.webp,e0021475c12e4df94cb8e4e7afd64eb945c7f9a355bd9efa58dc27e736e05087,sorted by class name ('slk')
mercedes-benz-slk-r170 lci-slk-roadster-2000–2004-same as slc r170 records-moonlight silver metallic-slk r170 lci slk-front-view.webp,SLK\mercedes-benz-slk-r170 lci-slk-roadster-2000–2004-same as slc r170 records-moonlight silver metallic-slk r170 lci slk-front-view.webp,_Remaining\Not Matched\mercedes-benz-slk-r170 lci-slk-roadster-2000–2004-same as slc r170 records-moonlight silver metallic-slk r170 lci slk-front-view.webp,a11fe3fbbfffc28c396aae5846c8e2ca87e9d3fddba185bf66ad4caf7fd49ca6,sorted by class name ('slk')
mercedes-benz-sprinter-901 905-chassis cab dropside-commercial-1995–2000-completely different rear body-steel blue-sprinter 901 905 chassis-45-angle-front-view.webp,Sprinter\mercedes-benz-sprinter-901 905-chassis cab dropside-commercial-1995–2000-completely different rear body-steel blue-sprinter 901 905 chassis-45-angle-front-view.webp,_Remaining\Not Matched\mercedes-benz-sprinter-901 905-chassis cab dropside-commercial-1995–2000-completely different rear body-steel blue-sprinter 901 905 chassis-45-angle-front-view.webp,766ec45ca6f578f0e2e51d9bf4db25e8e3a0cfca994521f040bc1131c1bf3dd2,sorted by class name ('sprinter')
mercedes-benz-sprinter-901 905-chassis cab dropside-commercial-1995–2000-completely different rear body-steel blue-sprinter 901 905 chassis-back-view.webp,Sprinter\mercedes-benz-sprinter-901 905-chassis cab dropside-commercial-1995–2000-completely different rear body-steel blue-sprinter 901 905 chassis-back-view.webp,_Remaining\Not Matched\mercedes-benz-sprinter-901 905-chassis cab dropside-commercial-1995–2000-completely different rear body-steel blue-sprinter 901 905 chassis-back-view.webp,db0150a812db9b43dc4eeeee66d6ca9a9bf73cc825dc9cf7945bca7b23738932,sorted by class name ('sprinter')
mercedes-benz-sprinter-901 905-chassis cab dropside-commercial-1995–2000-completely different rear body-steel blue-sprinter 901 905 chassis-flat-side-view.webp,Sprinter\mercedes-benz-sprinter-901 905-chassis cab dropside-commercial-1995–2000-completely different rear body-steel blue-sprinter 901 905 chassis-flat-side-view.webp,_Remaining\Not Matched\mercedes-benz-sprinter-901 905-chassis cab dropside-commercial-1995–2000-completely different rear body-steel blue-sprinter 901 905 chassis-flat-side-view.webp,74f19bf40f683232d8875b4bac10a5ee77cc3aef8aac2d3e1a7e5468ba5a43c1,sorted by class name ('sprinter')
mercedes-benz-sprinter-901 905-chassis cab dropside-commercial-1995–2000-completely different rear body-steel blue-sprinter 901 905 chassis-front-view.webp,Sprinter\mercedes-benz-sprinter-901 905-chassis cab dropside-commercial-1995–2000-completely different rear body-steel blue-sprinter 901 905 chassis-front-view.webp,_Remaining\Not Matched\mercedes-benz-sprinter-901 905-chassis cab dropside-commercial-1995–2000-completely different rear body-steel blue-sprinter 901 905 chassis-front-view.webp,cd582f46f8fe9178c41596a6146225f6b6a9d1bbda0b93b53e8f0805bde57d4a,sorted by class name ('sprinter')
mercedes-benz-sprinter-901 905-standard panel van-van-1995–2000-first sprinter generation-arctic white-sprinter 901 905 std panel-45-angle-front-view.webp,Sprinter\mercedes-benz-sprinter-901 905-standard panel van-van-1995–2000-first sprinter generation-arctic white-sprinter 901 905 std panel-45-angle-front-view.webp,_Remaining\Not Matched\mercedes-benz-sprinter-901 905-standard panel van-van-1995–2000-first sprinter generation-arctic white-sprinter 901 905 std panel-45-angle-front-view.webp,c0e59bdde1830c8532e17fb230bb3cf6736374b86e9144f10313679646f3892f,sorted by class name ('sprinter')
mercedes-benz-sprinter-901 905-standard panel van-van-1995–2000-first sprinter generation-arctic white-sprinter 901 905 std panel-back-view.webp,Sprinter\mercedes-benz-sprinter-901 905-standard panel van-van-1995–2000-first sprinter generation-arctic white-sprinter 901 905 std panel-back-view.webp,_Remaining\Not Matched\mercedes-benz-sprinter-901 905-standard panel van-van-1995–2000-first sprinter generation-arctic white-sprinter 901 905 std panel-back-view.webp,60e54be6056ee8b4f6d46be2bc56e192d5b72f19bc53206cbc63571987c440b4,sorted by class name ('sprinter')
mercedes-benz-sprinter-901 905-standard panel van-van-1995–2000-first sprinter generation-arctic white-sprinter 901 905 std panel-flat-side-view.webp,Sprinter\mercedes-benz-sprinter-901 905-standard panel van-van-1995–2000-first sprinter generation-arctic white-sprinter 901 905 std panel-flat-side-view.webp,_Remaining\Not Matched\mercedes-benz-sprinter-901 905-standard panel van-van-1995–2000-first sprinter generation-arctic white-sprinter 901 905 std panel-flat-side-view.webp,851b7095f69cabb0a53858c7ad057dce84513b3cb6a2b50f826f5b8176fca13f,sorted by class name ('sprinter')
mercedes-benz-sprinter-901 905-standard panel van-van-1995–2000-first sprinter generation-arctic white-sprinter 901 905 std panel-front-view.webp,Sprinter\mercedes-benz-sprinter-901 905-standard panel van-van-1995–2000-first sprinter generation-arctic white-sprinter 901 905 std panel-front-view.webp,_Remaining\Not Matched\mercedes-benz-sprinter-901 905-standard panel van-van-1995–2000-first sprinter generation-arctic white-sprinter 901 905 std panel-front-view.webp,d7d6f02d53052e19eeb16686ce79ce92e802fee37b8d588024aad049689d0cc8,sorted by class name ('sprinter')
mercedes-benz-v-class-w447 lci-v-class-mpv-2019–2024-w447 v fl-granite green-v-class w447 lci-45-angle-front-view.webp,V-Class\mercedes-benz-v-class-w447 lci-v-class-mpv-2019–2024-w447 v fl-granite green-v-class w447 lci-45-angle-front-view.webp,_Remaining\Not Matched\mercedes-benz-v-class-w447 lci-v-class-mpv-2019–2024-w447 v fl-granite green-v-class w447 lci-45-angle-front-view.webp,d0f2a360a48e6e95fceb7b7583b70513da6774cb609af0c270519df4b77f1c26,sorted by class name ('v-class')
mercedes-benz-v-class-w447 lci-v-class-mpv-2019–2024-w447 v fl-granite green-v-class w447 lci-back-view.webp,V-Class\mercedes-benz-v-class-w447 lci-v-class-mpv-2019–2024-w447 v fl-granite green-v-class w447 lci-back-view.webp,_Remaining\Not Matched\mercedes-benz-v-class-w447 lci-v-class-mpv-2019–2024-w447 v fl-granite green-v-class w447 lci-back-view.webp,bd9d6437aaa0105efb5bf439b4e55973fe7438cd6600a888abb3df159ea25195,sorted by class name ('v-class')
mercedes-benz-v-class-w447 lci-v-class-mpv-2019–2024-w447 v fl-granite green-v-class w447 lci-flat-side-view.webp,V-Class\mercedes-benz-v-class-w447 lci-v-class-mpv-2019–2024-w447 v fl-granite green-v-class w447 lci-flat-side-view.webp,_Remaining\Not Matched\mercedes-benz-v-class-w447 lci-v-class-mpv-2019–2024-w447 v fl-granite green-v-class w447 lci-flat-side-view.webp,134ed77750e4a9a85a25ca35985f1997b40079d4647c0f516186a45a3d1c2cac,sorted by class name ('v-class')
mercedes-benz-v-class-w447 lci-v-class-mpv-2019–2024-w447 v fl-granite green-v-class w447 lci-front-view.webp,V-Class\mercedes-benz-v-class-w447 lci-v-class-mpv-2019–2024-w447 v fl-granite green-v-class w447 lci-front-view.webp,_Remaining\Not Matched\mercedes-benz-v-class-w447 lci-v-class-mpv-2019–2024-w447 v fl-granite green-v-class w447 lci-front-view.webp,3e60e783ca8f0f1ea7da28f90f4469e15d40bc1925c28487b1aaa331405285f3,sorted by class name ('v-class')
mercedes-benz-v-class-w447-eqv 300 avantgarde-electric mpv-2020–-eqv avantgarde-hyacinth red-v-class w447 eqv 300 avantgard-45-angle-front-view.webp,V-Class\mercedes-benz-v-class-w447-eqv 300 avantgarde-electric mpv-2020–-eqv avantgarde-hyacinth red-v-class w447 eqv 300 avantgard-45-angle-front-view.webp,_Remaining\Not Matched\mercedes-benz-v-class-w447-eqv 300 avantgarde-electric mpv-2020–-eqv avantgarde-hyacinth red-v-class w447 eqv 300 avantgard-45-angle-front-view.webp,453a2642f6677b968d6e5d3411b8c5465f55acec3b260c04dae80d6bb46462c5,sorted by class name ('v-class')
mercedes-benz-v-class-w447-eqv 300 avantgarde-electric mpv-2020–-eqv avantgarde-hyacinth red-v-class w447 eqv 300 avantgard-back-view.webp,V-Class\mercedes-benz-v-class-w447-eqv 300 avantgarde-electric mpv-2020–-eqv avantgarde-hyacinth red-v-class w447 eqv 300 avantgard-back-view.webp,_Remaining\Not Matched\mercedes-benz-v-class-w447-eqv 300 avantgarde-electric mpv-2020–-eqv avantgarde-hyacinth red-v-class w447 eqv 300 avantgard-back-view.webp,659da4670f7d4ccbde6f943e5feb289573a926bf9a6f4753a0137060f3d39644,sorted by class name ('v-class')
mercedes-benz-v-class-w447-eqv 300 avantgarde-electric mpv-2020–-eqv avantgarde-hyacinth red-v-class w447 eqv 300 avantgard-flat-side-view.webp,V-Class\mercedes-benz-v-class-w447-eqv 300 avantgarde-electric mpv-2020–-eqv avantgarde-hyacinth red-v-class w447 eqv 300 avantgard-flat-side-view.webp,_Remaining\Not Matched\mercedes-benz-v-class-w447-eqv 300 avantgarde-electric mpv-2020–-eqv avantgarde-hyacinth red-v-class w447 eqv 300 avantgard-flat-side-view.webp,549b4af1cf34431efdfa7fae301da3fb36a5f7f4153099d451d3af18b2dccdf1,sorted by class name ('v-class')
mercedes-benz-v-class-w447-eqv 300 avantgarde-electric mpv-2020–-eqv avantgarde-hyacinth red-v-class w447 eqv 300 avantgard-front-view.webp,V-Class\mercedes-benz-v-class-w447-eqv 300 avantgarde-electric mpv-2020–-eqv avantgarde-hyacinth red-v-class w447 eqv 300 avantgard-front-view.webp,_Remaining\Not Matched\mercedes-benz-v-class-w447-eqv 300 avantgarde-electric mpv-2020–-eqv avantgarde-hyacinth red-v-class w447 eqv 300 avantgard-front-view.webp,3de4bad0baab165fd319208712281e77aec8fb477133f2f35c29dfaa493e709d,sorted by class name ('v-class')
mercedes-benz-v-class-w447-eqv-electric mpv-2020–-eqv-dark graphite grey-v-class w447 eqv-45-angle-front-view.webp,V-Class\mercedes-benz-v-class-w447-eqv-electric mpv-2020–-eqv-dark graphite grey-v-class w447 eqv-45-angle-front-view.webp,_Remaining\Not Matched\mercedes-benz-v-class-w447-eqv-electric mpv-2020–-eqv-dark graphite grey-v-class w447 eqv-45-angle-front-view.webp,ffde84a99d774d3f1b849ca7c98a154f405ce672f410b6ab33060c6c386527e6,sorted by class name ('v-class')
mercedes-benz-v-class-w447-eqv-electric mpv-2020–-eqv-dark graphite grey-v-class w447 eqv-back-view.webp,V-Class\mercedes-benz-v-class-w447-eqv-electric mpv-2020–-eqv-dark graphite grey-v-class w447 eqv-back-view.webp,_Remaining\Not Matched\mercedes-benz-v-class-w447-eqv-electric mpv-2020–-eqv-dark graphite grey-v-class w447 eqv-back-view.webp,a0bcb7e5de218ef094bb1b8d1af67cac2e9823073fbcc99763deb9ec1676838e,sorted by class name ('v-class')
mercedes-benz-v-class-w447-eqv-electric mpv-2020–-eqv-dark graphite grey-v-class w447 eqv-flat-side-view.webp,V-Class\mercedes-benz-v-class-w447-eqv-electric mpv-2020–-eqv-dark graphite grey-v-class w447 eqv-flat-side-view.webp,_Remaining\Not Matched\mercedes-benz-v-class-w447-eqv-electric mpv-2020–-eqv-dark graphite grey-v-class w447 eqv-flat-side-view.webp,8371928589584fd39c5b1a52bf283573a654591c744f67a6a22503adc7f7408b,sorted by class name ('v-class')
mercedes-benz-v-class-w447-eqv-electric mpv-2020–-eqv-dark graphite grey-v-class w447 eqv-front-view.webp,V-Class\mercedes-benz-v-class-w447-eqv-electric mpv-2020–-eqv-dark graphite grey-v-class w447 eqv-front-view.webp,_Remaining\Not Matched\mercedes-benz-v-class-w447-eqv-electric mpv-2020–-eqv-dark graphite grey-v-class w447 eqv-front-view.webp,70905c022c0e241de21cc37c1782a4e2c54ae941cf434c5c4353ba8faf95e9e0,sorted by class name ('v-class')
mercedes-benz-v-class-w447-evito eqv-family passenger-electric mpv-2020–-eqv-cavansite blue metallic-v-class w447 evito eqv-famil-45-angle-front-view.webp,V-Class\mercedes-benz-v-class-w447-evito eqv-family passenger-electric mpv-2020–-eqv-cavansite blue metallic-v-class w447 evito eqv-famil-45-angle-front-view.webp,_Remaining\Not Matched\mercedes-benz-v-class-w447-evito eqv-family passenger-electric mpv-2020–-eqv-cavansite blue metallic-v-class w447 evito eqv-famil-45-angle-front-view.webp,c462d5874be3729c0acf2f7879e9770f721094aafea1e672a0c742719f2f83c4,sorted by class name ('v-class')
mercedes-benz-v-class-w447-evito eqv-family passenger-electric mpv-2020–-eqv-cavansite blue metallic-v-class w447 evito eqv-famil-back-view.webp,V-Class\mercedes-benz-v-class-w447-evito eqv-family passenger-electric mpv-2020–-eqv-cavansite blue metallic-v-class w447 evito eqv-famil-back-view.webp,_Remaining\Not Matched\mercedes-benz-v-class-w447-evito eqv-family passenger-electric mpv-2020–-eqv-cavansite blue metallic-v-class w447 evito eqv-famil-back-view.webp,7ffe90131b163f506379706716699599e49a48bb13856b24ef52064c2397d2ac,sorted by class name ('v-class')
mercedes-benz-v-class-w447-evito eqv-family passenger-electric mpv-2020–-eqv-cavansite blue metallic-v-class w447 evito eqv-famil-flat-side-view.webp,V-Class\mercedes-benz-v-class-w447-evito eqv-family passenger-electric mpv-2020–-eqv-cavansite blue metallic-v-class w447 evito eqv-famil-flat-side-view.webp,_Remaining\Not Matched\mercedes-benz-v-class-w447-evito eqv-family passenger-electric mpv-2020–-eqv-cavansite blue metallic-v-class w447 evito eqv-famil-flat-side-view.webp,8d70b5eabef9da0d124bf54671dd5f6e6d7bc08216c713816d19903c1e042b03,sorted by class name ('v-class')
mercedes-benz-v-class-w447-evito eqv-family passenger-electric mpv-2020–-eqv-cavansite blue metallic-v-class w447 evito eqv-famil-front-view.webp,V-Class\mercedes-benz-v-class-w447-evito eqv-family passenger-electric mpv-2020–-eqv-cavansite blue metallic-v-class w447 evito eqv-famil-front-view.webp,_Remaining\Not Matched\mercedes-benz-v-class-w447-evito eqv-family passenger-electric mpv-2020–-eqv-cavansite blue metallic-v-class w447 evito eqv-famil-front-view.webp,a996d27f3333bae6ce75989c6c8798af24d2e57ffa7b91aac5d64adc7d7fcfba,sorted by class name ('v-class')
mercedes-benz-v-class-w447-marco polo-camper mpv-2015–2019-marco polo-steel blue-v-class w447 marco polo-45-angle-front-view.webp,V-Class\mercedes-benz-v-class-w447-marco polo-camper mpv-2015–2019-marco polo-steel blue-v-class w447 marco polo-45-angle-front-view.webp,_Remaining\Not Matched\mercedes-benz-v-class-w447-marco polo-camper mpv-2015–2019-marco polo-steel blue-v-class w447 marco polo-45-angle-front-view.webp,4b164971bef178589752590bbe2b5afe63a70f16091369c438b9f9f5b2e44508,sorted by class name ('v-class')
mercedes-benz-v-class-w447-marco polo-camper mpv-2015–2019-marco polo-steel blue-v-class w447 marco polo-back-view.webp,V-Class\mercedes-benz-v-class-w447-marco polo-camper mpv-2015–2019-marco polo-steel blue-v-class w447 marco polo-back-view.webp,_Remaining\Not Matched\mercedes-benz-v-class-w447-marco polo-camper mpv-2015–2019-marco polo-steel blue-v-class w447 marco polo-back-view.webp,d67bdeaacd0e920fdaf7eae29bbe4d9f47e43ad6fc8708b76cc534b85d97c9eb,sorted by class name ('v-class')
mercedes-benz-v-class-w447-marco polo-camper mpv-2015–2019-marco polo-steel blue-v-class w447 marco polo-flat-side-view.webp,V-Class\mercedes-benz-v-class-w447-marco polo-camper mpv-2015–2019-marco polo-steel blue-v-class w447 marco polo-flat-side-view.webp,_Remaining\Not Matched\mercedes-benz-v-class-w447-marco polo-camper mpv-2015–2019-marco polo-steel blue-v-class w447 marco polo-flat-side-view.webp,1deee930eea222e513a3349605431c22320c11118989fa2d4448b08ccfa924c8,sorted by class name ('v-class')
mercedes-benz-v-class-w447-marco polo-camper mpv-2015–2019-marco polo-steel blue-v-class w447 marco polo-front-view.webp,V-Class\mercedes-benz-v-class-w447-marco polo-camper mpv-2015–2019-marco polo-steel blue-v-class w447 marco polo-front-view.webp,_Remaining\Not Matched\mercedes-benz-v-class-w447-marco polo-camper mpv-2015–2019-marco polo-steel blue-v-class w447 marco polo-front-view.webp,f72d522f00dbdcd848aa3209b4e688f42cd5717b9f0f2b17766899e7539f5f25,sorted by class name ('v-class')
mercedes-benz-v-class-w447-v-class-mpv-2014–2019-w447 v-pebble grey-v-class w447-45-angle-front-view.webp,V-Class\mercedes-benz-v-class-w447-v-class-mpv-2014–2019-w447 v-pebble grey-v-class w447-45-angle-front-view.webp,_Remaining\Not Matched\mercedes-benz-v-class-w447-v-class-mpv-2014–2019-w447 v-pebble grey-v-class w447-45-angle-front-view.webp,c104fd30f7ea222eadc550354eb1378fd379a4d91420c87c1f4d0d3100958686,sorted by class name ('v-class')
mercedes-benz-v-class-w447-v-class-mpv-2014–2019-w447 v-pebble grey-v-class w447-back-view.webp,V-Class\mercedes-benz-v-class-w447-v-class-mpv-2014–2019-w447 v-pebble grey-v-class w447-back-view.webp,_Remaining\Not Matched\mercedes-benz-v-class-w447-v-class-mpv-2014–2019-w447 v-pebble grey-v-class w447-back-view.webp,7f89037b593967b0fdae037e94b9e7557f78b518c6e9b1371c259e2af3ee49d4,sorted by class name ('v-class')
mercedes-benz-v-class-w447-v-class-mpv-2014–2019-w447 v-pebble grey-v-class w447-flat-side-view.webp,V-Class\mercedes-benz-v-class-w447-v-class-mpv-2014–2019-w447 v-pebble grey-v-class w447-flat-side-view.webp,_Remaining\Not Matched\mercedes-benz-v-class-w447-v-class-mpv-2014–2019-w447 v-pebble grey-v-class w447-flat-side-view.webp,068f1afc5df67e89bed0b385a091fcf966843671d53d1094e7b07e17792c3b1a,sorted by class name ('v-class')
mercedes-benz-v-class-w447-v-class-mpv-2014–2019-w447 v-pebble grey-v-class w447-front-view.webp,V-Class\mercedes-benz-v-class-w447-v-class-mpv-2014–2019-w447 v-pebble grey-v-class w447-front-view.webp,_Remaining\Not Matched\mercedes-benz-v-class-w447-v-class-mpv-2014–2019-w447 v-pebble grey-v-class w447-front-view.webp,ae91c773737f08798141a4b30b3beb6070913e647c120611e75b1844317552bd,sorted by class name ('v-class')
mercedes-benz-v-class-w638-v-class-mpv-1996–2003-w638 v-arctic white-v-class w638-45-angle-front-view.webp,V-Class\mercedes-benz-v-class-w638-v-class-mpv-1996–2003-w638 v-arctic white-v-class w638-45-angle-front-view.webp,_Remaining\Not Matched\mercedes-benz-v-class-w638-v-class-mpv-1996–2003-w638 v-arctic white-v-class w638-45-angle-front-view.webp,c5c3bc7f324718db5022f0877bb5c6c0985fcac1ede349bd9065f30032072622,sorted by class name ('v-class')
mercedes-benz-v-class-w638-v-class-mpv-1996–2003-w638 v-arctic white-v-class w638-back-view.webp,V-Class\mercedes-benz-v-class-w638-v-class-mpv-1996–2003-w638 v-arctic white-v-class w638-back-view.webp,_Remaining\Not Matched\mercedes-benz-v-class-w638-v-class-mpv-1996–2003-w638 v-arctic white-v-class w638-back-view.webp,ed498bc1a18634cc1724f6293e47224d27ed622418d712a6bd521f9e1226f819,sorted by class name ('v-class')
mercedes-benz-v-class-w638-v-class-mpv-1996–2003-w638 v-arctic white-v-class w638-flat-side-view.webp,V-Class\mercedes-benz-v-class-w638-v-class-mpv-1996–2003-w638 v-arctic white-v-class w638-flat-side-view.webp,_Remaining\Not Matched\mercedes-benz-v-class-w638-v-class-mpv-1996–2003-w638 v-arctic white-v-class w638-flat-side-view.webp,6dbe768594d5659930c9ea498a2ac7785127c10b783588d05b80087ec2e57c8f,sorted by class name ('v-class')
mercedes-benz-v-class-w638-v-class-mpv-1996–2003-w638 v-arctic white-v-class w638-front-view.webp,V-Class\mercedes-benz-v-class-w638-v-class-mpv-1996–2003-w638 v-arctic white-v-class w638-front-view.webp,_Remaining\Not Matched\mercedes-benz-v-class-w638-v-class-mpv-1996–2003-w638 v-arctic white-v-class w638-front-view.webp,e745831d9cf56619c0ae208e438e699e5cd894834fdf26d0786a6c40c42e3edd,sorted by class name ('v-class')
mercedes-benz-v-class-w639 lci-viano-mpv-2010–2014-w639 viano fl-jupiter red-v-class w639 lci viano-45-angle-front-view.webp,V-Class\mercedes-benz-v-class-w639 lci-viano-mpv-2010–2014-w639 viano fl-jupiter red-v-class w639 lci viano-45-angle-front-view.webp,_Remaining\Not Matched\mercedes-benz-v-class-w639 lci-viano-mpv-2010–2014-w639 viano fl-jupiter red-v-class w639 lci viano-45-angle-front-view.webp,cc58ee758c0bace4b090400d23590a8d196fb57699b81b9572bbf496d88bf3dc,sorted by class name ('v-class')
mercedes-benz-v-class-w639 lci-viano-mpv-2010–2014-w639 viano fl-jupiter red-v-class w639 lci viano-back-view.webp,V-Class\mercedes-benz-v-class-w639 lci-viano-mpv-2010–2014-w639 viano fl-jupiter red-v-class w639 lci viano-back-view.webp,_Remaining\Not Matched\mercedes-benz-v-class-w639 lci-viano-mpv-2010–2014-w639 viano fl-jupiter red-v-class w639 lci viano-back-view.webp,6cb2caf6fd4f7eedcbc019f7d73f5e5e94f08e9654b243bb2b2f70fa36ecff48,sorted by class name ('v-class')
mercedes-benz-v-class-w639 lci-viano-mpv-2010–2014-w639 viano fl-jupiter red-v-class w639 lci viano-flat-side-view.webp,V-Class\mercedes-benz-v-class-w639 lci-viano-mpv-2010–2014-w639 viano fl-jupiter red-v-class w639 lci viano-flat-side-view.webp,_Remaining\Not Matched\mercedes-benz-v-class-w639 lci-viano-mpv-2010–2014-w639 viano fl-jupiter red-v-class w639 lci viano-flat-side-view.webp,b0d0cfbea9b1b346c02ea9f66c9b08edee5f2b3cdd3659902b5e9832c31dffab,sorted by class name ('v-class')
mercedes-benz-v-class-w639 lci-viano-mpv-2010–2014-w639 viano fl-jupiter red-v-class w639 lci viano-front-view.webp,V-Class\mercedes-benz-v-class-w639 lci-viano-mpv-2010–2014-w639 viano fl-jupiter red-v-class w639 lci viano-front-view.webp,_Remaining\Not Matched\mercedes-benz-v-class-w639 lci-viano-mpv-2010–2014-w639 viano fl-jupiter red-v-class w639 lci viano-front-view.webp,15649902239dcb9fe8bdb471207888d29dde5d584d7aa5c4605631208978d47a,sorted by class name ('v-class')
mercedes-benz-v-class-w639-viano-mpv-2003–2010-w639 viano-selenite grey metallic-v-class w639 viano-45-angle-front-view.webp,V-Class\mercedes-benz-v-class-w639-viano-mpv-2003–2010-w639 viano-selenite grey metallic-v-class w639 viano-45-angle-front-view.webp,_Remaining\Not Matched\mercedes-benz-v-class-w639-viano-mpv-2003–2010-w639 viano-selenite grey metallic-v-class w639 viano-45-angle-front-view.webp,00e12de24fbe7095d81d0ddaec9803c88868a6ea6588f6d4677a7f004c6d90b0,sorted by class name ('v-class')
mercedes-benz-v-class-w639-viano-mpv-2003–2010-w639 viano-selenite grey metallic-v-class w639 viano-back-view.webp,V-Class\mercedes-benz-v-class-w639-viano-mpv-2003–2010-w639 viano-selenite grey metallic-v-class w639 viano-back-view.webp,_Remaining\Not Matched\mercedes-benz-v-class-w639-viano-mpv-2003–2010-w639 viano-selenite grey metallic-v-class w639 viano-back-view.webp,248e73952d697de1d7b26bb4862d87006392c4c52886e394f8d10421d9aa7d20,sorted by class name ('v-class')
mercedes-benz-v-class-w639-viano-mpv-2003–2010-w639 viano-selenite grey metallic-v-class w639 viano-flat-side-view.webp,V-Class\mercedes-benz-v-class-w639-viano-mpv-2003–2010-w639 viano-selenite grey metallic-v-class w639 viano-flat-side-view.webp,_Remaining\Not Matched\mercedes-benz-v-class-w639-viano-mpv-2003–2010-w639 viano-selenite grey metallic-v-class w639 viano-flat-side-view.webp,381c68fa0d6c49656e1c13f57dccf9dcf80c70e93485005c4ecd51f9fe4a27c0,sorted by class name ('v-class')
mercedes-benz-v-class-w639-viano-mpv-2003–2010-w639 viano-selenite grey metallic-v-class w639 viano-front-view.webp,V-Class\mercedes-benz-v-class-w639-viano-mpv-2003–2010-w639 viano-selenite grey metallic-v-class w639 viano-front-view.webp,_Remaining\Not Matched\mercedes-benz-v-class-w639-viano-mpv-2003–2010-w639 viano-selenite grey metallic-v-class w639 viano-front-view.webp,ffeb97ea2cb6aecb9f2af32d4bf34b597442cd961c64f59ca573c775d38c05cc,sorted by class name ('v-class')
mercedes-benz-viano-w639 lci-viano-mpv-2010–2014-w639 viano fl-arctic white-viano w639 lci viano-45-angle-front-view.webp,Viano\mercedes-benz-viano-w639 lci-viano-mpv-2010–2014-w639 viano fl-arctic white-viano w639 lci viano-45-angle-front-view.webp,_Remaining\Not Matched\mercedes-benz-viano-w639 lci-viano-mpv-2010–2014-w639 viano fl-arctic white-viano w639 lci viano-45-angle-front-view.webp,4e1af3943b8336040c0d8e24be9054b6da67d0fde28ce686f94f657e876ff63c,sorted by class name ('viano')
mercedes-benz-viano-w639 lci-viano-mpv-2010–2014-w639 viano fl-arctic white-viano w639 lci viano-back-view.webp,Viano\mercedes-benz-viano-w639 lci-viano-mpv-2010–2014-w639 viano fl-arctic white-viano w639 lci viano-back-view.webp,_Remaining\Not Matched\mercedes-benz-viano-w639 lci-viano-mpv-2010–2014-w639 viano fl-arctic white-viano w639 lci viano-back-view.webp,9204120f693ef16032628f71148dd90aabd97a29e509bc9e4e3853f68f61e515,sorted by class name ('viano')
mercedes-benz-viano-w639 lci-viano-mpv-2010–2014-w639 viano fl-arctic white-viano w639 lci viano-flat-side-view.webp,Viano\mercedes-benz-viano-w639 lci-viano-mpv-2010–2014-w639 viano fl-arctic white-viano w639 lci viano-flat-side-view.webp,_Remaining\Not Matched\mercedes-benz-viano-w639 lci-viano-mpv-2010–2014-w639 viano fl-arctic white-viano w639 lci viano-flat-side-view.webp,673a0b2d9d9c907cb4876ead6bae793060d90ba32db821bf79af47eb6108f327,sorted by class name ('viano')
mercedes-benz-viano-w639 lci-viano-mpv-2010–2014-w639 viano fl-arctic white-viano w639 lci viano-front-view.webp,Viano\mercedes-benz-viano-w639 lci-viano-mpv-2010–2014-w639 viano fl-arctic white-viano w639 lci viano-front-view.webp,_Remaining\Not Matched\mercedes-benz-viano-w639 lci-viano-mpv-2010–2014-w639 viano fl-arctic white-viano w639 lci viano-front-view.webp,ee8f95666cc281e5d9327a1cf0d00b6790399a619a63faad9bb955d45625d8b2,sorted by class name ('viano')
mercedes-benz-viano-w639-viano-mpv-2003–2010-w639 viano-selenite grey metallic-viano w639 viano-45-angle-front-view.webp,Viano\mercedes-benz-viano-w639-viano-mpv-2003–2010-w639 viano-selenite grey metallic-viano w639 viano-45-angle-front-view.webp,_Remaining\Not Matched\mercedes-benz-viano-w639-viano-mpv-2003–2010-w639 viano-selenite grey metallic-viano w639 viano-45-angle-front-view.webp,2b2d25a78371b197a5e8c57d752b6308d744428e41a258bf8f0eed84f68a0c16,sorted by class name ('viano')
mercedes-benz-viano-w639-viano-mpv-2003–2010-w639 viano-selenite grey metallic-viano w639 viano-back-view.webp,Viano\mercedes-benz-viano-w639-viano-mpv-2003–2010-w639 viano-selenite grey metallic-viano w639 viano-back-view.webp,_Remaining\Not Matched\mercedes-benz-viano-w639-viano-mpv-2003–2010-w639 viano-selenite grey metallic-viano w639 viano-back-view.webp,88bffc2da3ed0fdb033a245a4f37a7f0e81294bd5d348a5f5260d587e2535a9a,sorted by class name ('viano')
mercedes-benz-viano-w639-viano-mpv-2003–2010-w639 viano-selenite grey metallic-viano w639 viano-flat-side-view.webp,Viano\mercedes-benz-viano-w639-viano-mpv-2003–2010-w639 viano-selenite grey metallic-viano w639 viano-flat-side-view.webp,_Remaining\Not Matched\mercedes-benz-viano-w639-viano-mpv-2003–2010-w639 viano-selenite grey metallic-viano w639 viano-flat-side-view.webp,c287a536346705bd1137bd3e958e843370b3653bfc744cc988180d2382a34910,sorted by class name ('viano')
mercedes-benz-viano-w639-viano-mpv-2003–2010-w639 viano-selenite grey metallic-viano w639 viano-front-view.webp,Viano\mercedes-benz-viano-w639-viano-mpv-2003–2010-w639 viano-selenite grey metallic-viano w639 viano-front-view.webp,_Remaining\Not Matched\mercedes-benz-viano-w639-viano-mpv-2003–2010-w639 viano-selenite grey metallic-viano w639 viano-front-view.webp,a47c3ae8855f59051dc92f46da68f42ccd5f1d555837d0e1f8edc74367b395b3,sorted by class name ('viano')
mercedes-benz-vito-w638-vito panel van-van-1996–2003-w638 vito-selenite grey metallic-vito w638 vito panel-45-angle-front-view.webp,Vito\mercedes-benz-vito-w638-vito panel van-van-1996–2003-w638 vito-selenite grey metallic-vito w638 vito panel-45-angle-front-view.webp,_Remaining\Not Matched\mercedes-benz-vito-w638-vito panel van-van-1996–2003-w638 vito-selenite grey metallic-vito w638 vito panel-45-angle-front-view.webp,f35781819540ad43059e19ded834a16a42c39f935937c195f20e535f98e33b97,sorted by class name ('vito')
mercedes-benz-vito-w638-vito panel van-van-1996–2003-w638 vito-selenite grey metallic-vito w638 vito panel-back-view.webp,Vito\mercedes-benz-vito-w638-vito panel van-van-1996–2003-w638 vito-selenite grey metallic-vito w638 vito panel-back-view.webp,_Remaining\Not Matched\mercedes-benz-vito-w638-vito panel van-van-1996–2003-w638 vito-selenite grey metallic-vito w638 vito panel-back-view.webp,0d2fed6086f8a1af37a509f78b55ea862092d089ef93cdd26de8886bc7e47437,sorted by class name ('vito')
mercedes-benz-vito-w638-vito panel van-van-1996–2003-w638 vito-selenite grey metallic-vito w638 vito panel-flat-side-view.webp,Vito\mercedes-benz-vito-w638-vito panel van-van-1996–2003-w638 vito-selenite grey metallic-vito w638 vito panel-flat-side-view.webp,_Remaining\Not Matched\mercedes-benz-vito-w638-vito panel van-van-1996–2003-w638 vito-selenite grey metallic-vito w638 vito panel-flat-side-view.webp,0a5f3f427be764b8f1185e13b71d80d9a836899ac5874c7df38f385d6c3efca5,sorted by class name ('vito')
mercedes-benz-vito-w638-vito panel van-van-1996–2003-w638 vito-selenite grey metallic-vito w638 vito panel-front-view.webp,Vito\mercedes-benz-vito-w638-vito panel van-van-1996–2003-w638 vito-selenite grey metallic-vito w638 vito panel-front-view.webp,_Remaining\Not Matched\mercedes-benz-vito-w638-vito panel van-van-1996–2003-w638 vito-selenite grey metallic-vito w638 vito panel-front-view.webp,780837d22086b9aba636bffae3c320b530893197b392548ae13e4f5d1c5d7d12,sorted by class name ('vito')
